SAL_CODE_2021,M_15_19_yr_Marrd_reg_marrge,M_15_19_yr_Married_de_facto,M_15_19_yr_Not_married,M_15_19_yr_Total,M_20_24_yr_Marrd_reg_marrge,M_20_24_yr_Married_de_facto,M_20_24_yr_Not_married,M_20_24_yr_Total,M_25_34_yr_Marrd_reg_marrge,M_25_34_yr_Married_de_facto,M_25_34_yr_Not_married,M_25_34_yr_Total,M_35_44_yr_Marrd_reg_marrge,M_35_44_yr_Married_de_facto,M_35_44_yr_Not_married,M_35_44_yr_Total,M_45_54_yr_Marrd_reg_marrge,M_45_54_yr_Married_de_facto,M_45_54_yr_Not_married,M_45_54_yr_Total,M_55_64_yr_Marrd_reg_marrge,M_55_64_yr_Married_de_facto,M_55_64_yr_Not_married,M_55_64_yr_Total,M_65_74_yr_Marrd_reg_marrge,M_65_74_yr_Married_de_facto,M_65_74_yr_Not_married,M_65_74_yr_Total,M_75_84_yr_Marrd_reg_marrge,M_75_84_yr_Married_de_facto,M_75_84_yr_Not_married,M_75_84_yr_Total,M_85ov_Marrd_reg_marrge,M_85ov_Married_de_facto,M_85ov_Not_married,M_85ov_Total,M_Tot_Marrd_reg_marrge,M_Tot_Married_de_facto,M_Tot_Not_married,M_Tot_Total,F_15_19_yr_Marrd_reg_marrge,F_15_19_yr_Married_de_facto,F_15_19_yr_Not_married,F_15_19_yr_Total,F_20_24_yr_Marrd_reg_marrge,F_20_24_yr_Married_de_facto,F_20_24_yr_Not_married,F_20_24_yr_Total,F_25_34_yr_Marrd_reg_marrge,F_25_34_yr_Married_de_facto,F_25_34_yr_Not_married,F_25_34_yr_Total,F_35_44_yr_Marrd_reg_marrge,F_35_44_yr_Married_de_facto,F_35_44_yr_Not_married,F_35_44_yr_Total,F_45_54_yr_Marrd_reg_marrge,F_45_54_yr_Married_de_facto,F_45_54_yr_Not_married,F_45_54_yr_Total,F_55_64_yr_Marrd_reg_marrge,F_55_64_yr_Married_de_facto,F_55_64_yr_Not_married,F_55_64_yr_Total,F_65_74_yr_Marrd_reg_marrge,F_65_74_yr_Married_de_facto,F_65_74_yr_Not_married,F_65_74_yr_Total,F_75_84_yr_Marrd_reg_marrge,F_75_84_yr_Married_de_facto,F_75_84_yr_Not_married,F_75_84_yr_Total,F_85ov_Marrd_reg_marrge,F_85ov_Married_de_facto,F_85ov_Not_married,F_85ov_Total,F_Tot_Marrd_reg_marrge,F_Tot_Married_de_facto,F_Tot_Not_married,F_Tot_Total,P_15_19_yr_Marrd_reg_marrge,P_15_19_yr_Married_de_facto,P_15_19_yr_Not_married,P_15_19_yr_Total,P_20_24_yr_Marrd_reg_marrge,P_20_24_yr_Married_de_facto,P_20_24_yr_Not_married,P_20_24_yr_Total,P_25_34_yr_Marrd_reg_marrge,P_25_34_yr_Married_de_facto,P_25_34_yr_Not_married,P_25_34_yr_Total,P_35_44_yr_Marrd_reg_marrge,P_35_44_yr_Married_de_facto,P_35_44_yr_Not_married,P_35_44_yr_Total,P_45_54_yr_Marrd_reg_marrge,P_45_54_yr_Married_de_facto,P_45_54_yr_Not_married,P_45_54_yr_Total,P_55_64_yr_Marrd_reg_marrge,P_55_64_yr_Married_de_facto,P_55_64_yr_Not_married,P_55_64_yr_Total,P_65_74_yr_Marrd_reg_marrge,P_65_74_yr_Married_de_facto,P_65_74_yr_Not_married,P_65_74_yr_Total,P_75_84_yr_Marrd_reg_marrge,P_75_84_yr_Married_de_facto,P_75_84_yr_Not_married,P_75_84_yr_Total,P_85ov_Marrd_reg_marrge,P_85ov_Married_de_facto,P_85ov_Not_married,P_85ov_Total,P_Tot_Marrd_reg_marrge,P_Tot_Married_de_facto,P_Tot_Not_married,P_Tot_Total
SAL80001,0,0,0,0,0,0,0,0,0,0,0,0,0,0,0,0,0,0,0,0,0,0,0,0,0,0,0,0,0,0,0,0,0,0,0,0,6,5,0,7,0,0,3,3,0,0,0,0,0,0,5,5,0,0,0,3,0,0,0,3,0,0,0,0,0,0,0,0,0,0,0,0,0,0,0,0,3,0,6,13,0,0,6,6,0,0,0,0,0,0,9,8,6,0,0,3,0,3,0,6,6,0,0,6,0,0,0,0,0,0,0,0,0,0,0,0,7,7,14,20
SAL80002,0,0,0,0,0,0,4,4,0,4,0,4,0,0,0,4,3,0,6,7,3,0,0,5,0,0,0,0,0,0,0,0,0,0,0,0,8,3,8,18,0,0,0,0,0,0,0,0,0,3,5,5,0,0,0,0,0,0,0,0,5,0,0,5,0,0,0,0,0,0,0,0,0,0,0,0,10,3,7,20,0,0,4,4,0,0,4,4,5,3,0,9,0,0,0,0,6,0,6,7,8,0,0,10,0,0,0,0,0,0,0,0,0,0,0,0,17,7,12,33
SAL80003,0,0,0,0,0,0,0,0,0,0,0,0,0,0,0,0,0,0,0,0,0,0,0,0,0,0,0,0,0,0,0,0,0,0,0,0,0,0,0,0,0,0,0,0,0,0,0,0,0,0,0,0,0,0,0,0,0,0,0,0,0,0,0,0,0,0,0,0,0,0,0,0,0,0,0,0,0,0,0,0,0,0,0,0,0,0,0,0,0,0,0,0,0,0,0,0,0,0,0,0,0,0,0,0,0,0,0,0,0,0,0,0,0,0,0,0,0,0,0,0
SAL80004,0,0,0,0,0,0,0,0,0,0,0,0,0,0,0,0,0,0,0,0,0,0,0,0,0,0,0,0,0,0,0,0,0,0,0,0,3,0,0,3,0,0,0,0,0,0,0,0,0,0,0,0,0,0,0,0,0,0,0,0,0,0,0,0,0,0,0,0,0,0,0,0,0,0,0,0,0,0,0,3,0,0,0,0,0,0,0,0,0,0,0,0,0,0,0,0,6,0,0,6,0,0,0,0,0,0,0,0,3,0,0,3,0,0,0,0,9,0,0,5
SAL80005,0,0,0,0,0,0,0,0,0,0,0,0,0,0,0,0,0,0,0,0,0,0,0,0,0,0,0,0,0,0,0,0,0,0,0,0,0,0,0,0,0,0,0,0,0,0,0,0,0,0,0,0,0,0,0,0,0,0,0,0,0,0,0,0,0,0,0,0,0,0,0,0,0,0,0,0,0,0,0,0,0,0,0,0,0,0,0,0,0,0,0,0,0,0,0,0,0,0,0,0,0,0,0,0,0,0,0,0,0,0,0,0,0,0,0,0,0,0,0,0
SAL80006,0,0,0,0,0,0,0,0,0,0,0,0,0,0,0,0,0,0,0,0,0,0,0,0,0,0,0,0,0,0,0,0,0,0,0,0,0,0,0,4,0,0,0,0,0,0,0,0,0,0,0,0,0,0,0,4,0,0,0,0,0,0,0,0,0,0,0,0,0,0,0,0,0,0,0,0,0,0,0,0,0,0,0,0,0,0,0,0,0,0,0,0,0,0,0,0,0,0,0,0,0,0,0,0,0,0,0,0,0,0,0,0,0,0,0,0,0,3,0,4
SAL80007,0,0,0,0,0,0,0,0,0,0,0,0,0,0,0,0,0,0,0,0,0,0,0,0,0,0,0,0,0,0,0,0,0,0,0,0,0,0,0,0,0,0,0,0,0,0,0,0,0,0,0,0,0,0,0,0,0,0,0,0,0,0,0,0,0,0,0,0,0,0,0,0,0,0,0,0,0,0,0,0,0,0,0,0,0,0,0,0,0,0,0,0,0,0,0,0,0,0,0,0,0,0,0,0,0,0,0,0,0,0,0,0,0,0,0,0,0,0,0,0
SAL80008,0,0,0,0,0,0,0,0,0,0,0,0,0,0,0,0,5,0,0,5,0,0,0,0,0,0,0,0,0,0,0,0,0,0,0,0,7,0,0,9,0,0,0,0,0,0,5,5,0,0,0,0,4,0,0,4,0,0,0,0,0,0,0,0,0,0,0,0,0,0,0,0,0,0,0,0,3,0,3,11,0,0,6,6,0,0,5,5,0,0,0,0,4,0,0,4,4,0,0,4,0,0,0,0,0,0,0,0,0,0,0,0,0,0,0,0,7,0,6,15
SAL80009,0,0,0,0,0,0,0,0,0,0,0,0,0,0,0,0,0,0,0,0,0,0,0,0,0,0,0,0,0,0,0,0,0,0,0,0,5,0,3,12,0,0,0,0,0,0,0,0,0,0,0,3,0,0,0,0,6,0,0,6,3,0,0,3,0,0,0,0,0,0,0,0,0,0,0,0,6,0,0,7,0,0,0,0,0,0,0,0,0,4,0,3,0,0,0,0,3,0,0,3,5,0,0,5,0,0,0,0,0,0,0,0,0,0,0,0,9,4,3,17
SAL80010,0,0,0,0,0,0,3,3,0,0,3,3,0,0,0,5,3,0,4,9,0,0,0,6,0,0,0,4,0,0,0,0,0,0,0,0,6,6,8,24,0,0,3,3,0,0,4,3,0,0,0,6,0,0,0,0,4,0,3,8,3,0,0,6,0,0,0,0,0,0,0,0,0,0,0,0,9,8,13,22,0,0,3,3,0,0,3,4,0,3,5,7,0,0,0,5,8,0,8,9,0,0,0,5,0,0,0,4,4,0,0,3,0,0,0,0,10,8,24,39
SAL80011,0,0,0,0,0,0,0,0,0,0,0,0,0,0,0,0,0,0,0,0,0,0,0,0,0,0,0,0,0,0,0,0,0,0,0,0,0,0,0,0,0,0,0,0,0,0,0,0,0,0,0,0,0,0,0,0,0,0,0,0,0,0,0,0,0,0,0,0,0,0,0,0,0,0,0,0,0,0,0,0,0,0,0,0,0,0,0,0,0,0,0,0,0,0,0,0,0,0,0,0,0,0,0,0,0,0,0,0,0,0,0,0,0,0,0,0,0,0,0,0
SAL80012,0,0,0,0,0,0,0,5,5,5,0,5,0,0,0,3,0,0,5,3,5,0,0,4,3,0,0,6,0,0,0,0,0,0,0,0,17,3,7,30,0,0,0,0,0,0,5,4,4,0,3,10,3,0,0,3,0,0,0,0,7,0,0,8,0,0,0,6,0,0,0,0,0,0,0,0,17,0,9,27,0,0,0,0,0,4,0,7,10,3,3,17,3,0,0,5,0,0,5,3,10,0,3,13,9,0,0,14,0,0,0,0,0,0,0,0,34,8,19,58
SAL80013,0,0,0,0,0,0,0,0,0,0,0,0,0,0,0,0,0,0,0,0,0,0,0,0,0,0,0,0,0,0,0,0,0,0,0,0,0,0,0,0,0,0,0,0,0,0,0,0,0,0,0,0,0,0,0,0,0,0,0,0,0,0,0,0,0,0,0,0,0,0,0,0,0,0,0,0,0,0,0,0,0,0,0,0,0,0,0,0,0,0,0,0,0,0,0,0,0,0,0,0,0,0,0,0,0,0,0,0,0,0,0,0,0,0,0,0,0,0,0,0
SAL80014,0,0,0,0,0,0,0,0,0,0,0,0,7,0,0,12,0,0,0,0,0,0,0,0,3,0,0,3,0,0,0,0,0,0,0,0,12,0,5,21,0,0,5,5,0,0,0,0,0,0,0,0,7,3,0,8,0,0,0,0,0,0,0,0,0,0,0,0,0,0,0,0,0,0,0,0,13,3,7,24,0,0,4,4,0,0,6,6,5,0,0,7,12,7,0,16,0,0,0,0,0,0,0,0,3,0,0,3,0,0,0,0,3,0,0,3,26,5,14,42
SAL80015,0,0,0,0,0,0,0,0,0,0,0,0,0,0,0,0,0,0,0,3,5,0,3,4,5,3,0,10,0,0,0,0,0,0,0,0,6,3,6,17,0,0,0,0,0,0,3,3,0,0,5,5,0,0,0,0,3,0,0,3,4,0,4,3,0,0,0,0,0,0,0,0,0,0,0,0,11,0,11,21,0,0,0,0,0,0,3,3,0,0,8,8,0,0,0,0,3,0,0,7,6,0,3,9,4,4,0,13,0,0,0,0,0,0,0,0,15,4,21,34
SAL80016,0,0,0,0,0,0,0,0,0,0,0,0,0,0,0,0,0,0,0,0,0,0,0,0,0,0,0,0,0,0,0,0,0,0,0,0,0,0,0,0,0,0,0,0,0,0,0,0,0,0,0,0,0,0,0,0,0,0,0,0,0,0,0,0,0,0,0,0,0,0,0,0,0,0,0,0,0,0,0,0,0,0,0,0,0,0,0,0,0,0,0,0,0,0,0,0,0,0,0,0,0,0,0,0,5,0,0,0,0,0,0,0,0,0,0,0,5,0,0,0
SAL80017,0,0,0,0,0,0,0,0,0,0,0,0,0,0,0,0,0,0,0,0,0,0,0,0,0,0,0,0,0,0,0,0,0,0,0,0,0,0,0,0,0,0,0,0,0,0,0,0,0,0,0,0,0,0,0,0,0,0,0,0,0,0,0,0,0,0,0,0,0,0,0,0,0,0,0,0,0,0,0,0,0,0,0,0,0,0,0,0,0,0,0,0,0,0,0,0,0,0,0,0,0,0,0,0,0,0,0,0,0,0,0,0,0,0,0,0,0,0,0,0
SAL80018,0,3,136,137,0,11,136,147,48,62,167,270,170,69,55,290,208,47,68,325,169,41,81,291,119,19,63,200,69,5,43,115,35,0,31,63,810,256,778,1845,0,0,139,141,0,14,191,200,57,55,158,273,204,74,68,347,226,54,100,373,152,46,130,322,107,16,131,251,62,6,87,151,16,0,79,102,826,268,1085,2168,0,4,280,284,0,20,326,347,106,115,321,547,373,145,125,642,432,98,167,700,315,89,213,615,220,36,190,455,127,12,128,263,53,4,108,164,1633,519,1859,4015
SAL80019,0,3,243,246,0,27,165,195,135,77,155,367,319,43,66,431,385,43,87,512,194,19,43,251,105,10,17,136,50,0,8,58,16,0,0,17,1198,224,783,2202,0,6,227,227,5,33,138,182,191,76,92,355,362,48,76,484,371,40,112,518,181,18,80,278,88,7,74,166,34,0,43,77,4,0,15,19,1231,224,856,2306,0,9,470,474,5,60,311,377,328,153,245,724,675,90,145,910,757,80,197,1032,375,35,119,524,190,12,93,297,86,0,45,134,14,0,15,31,2429,444,1640,4513
SAL80020,0,0,64,64,0,0,75,79,37,18,80,135,96,24,22,145,112,33,18,161,102,18,21,143,74,6,12,88,68,7,16,86,17,0,4,27,515,110,314,932,0,0,78,78,4,12,54,64,42,20,53,116,121,33,27,177,117,19,32,172,103,17,48,162,74,9,39,118,55,0,40,93,11,0,25,32,521,114,394,1027,0,0,144,144,0,12,129,145,78,37,130,250,217,55,50,325,228,49,49,327,206,36,65,311,148,14,52,211,118,5,54,184,32,0,29,60,1034,220,703,1960
SAL80021,0,0,176,175,4,18,135,157,117,85,140,339,240,49,59,347,237,51,84,373,195,27,65,290,70,7,44,122,43,5,17,59,8,0,0,12,915,233,722,1874,0,0,160,160,7,31,124,163,170,89,102,361,242,44,96,387,249,44,92,379,167,26,92,282,63,11,58,131,26,0,33,55,0,0,9,15,928,248,766,1937,0,0,332,334,11,46,262,321,286,171,238,698,487,88,160,738,487,90,178,753,357,49,153,570,140,21,102,255,69,5,49,114,13,0,11,26,1840,481,1490,3813
SAL80022,0,0,22,22,0,15,23,33,35,74,110,221,41,31,39,102,53,18,41,105,50,17,40,103,68,9,14,88,33,0,11,40,0,0,0,3,270,157,301,725,0,0,13,13,0,18,45,69,35,71,107,213,47,20,62,121,54,14,46,118,52,8,37,97,59,4,37,107,21,0,3,30,0,0,4,8,268,131,368,769,0,0,37,37,0,31,69,103,69,138,223,435,85,46,98,229,106,34,86,220,99,23,80,198,130,15,54,190,51,0,16,70,0,0,6,9,542,287,662,1493
SAL80023,0,0,0,0,0,0,0,0,0,0,0,0,0,0,0,0,0,0,0,0,0,0,0,0,0,0,0,0,0,0,0,0,0,0,0,0,0,0,0,0,0,0,0,0,0,0,0,0,0,0,0,0,0,0,0,0,0,0,0,0,0,0,0,0,0,0,0,0,0,0,0,0,0,0,0,0,0,0,0,0,0,0,0,0,0,0,0,0,0,0,0,0,0,0,0,0,0,0,0,0,0,0,0,0,0,0,0,0,0,0,0,0,0,0,0,0,0,0,0,0
SAL80024,0,9,80,84,25,143,353,522,419,411,656,1488,300,70,237,613,88,28,175,287,73,10,104,189,70,11,45,127,53,0,33,88,28,0,5,39,1059,681,1689,3435,0,8,73,84,52,187,355,599,508,411,560,1483,226,64,216,508,72,18,163,255,63,9,114,182,65,7,97,170,51,0,84,138,16,0,52,68,1064,708,1724,3484,0,15,152,171,83,328,710,1120,930,818,1216,2966,530,133,458,1120,162,49,337,541,137,23,213,373,136,12,149,296,114,3,112,228,44,0,60,102,2124,1385,3408,6917
SAL80025,4,0,221,219,4,20,173,195,191,91,239,526,557,82,115,754,349,33,57,438,125,16,25,160,75,4,13,91,32,0,3,38,0,0,0,3,1335,248,848,2434,0,0,214,214,12,31,162,205,302,112,156,567,585,74,127,783,271,26,106,412,103,7,56,164,59,0,54,114,12,0,31,49,4,0,0,5,1355,260,895,2519,0,0,432,434,19,51,334,405,496,205,395,1098,1139,163,239,1535,625,63,164,850,229,22,78,327,130,3,68,201,47,0,35,84,7,0,4,7,2691,509,1744,4950
SAL80026,0,0,118,118,4,10,102,111,53,56,116,222,144,46,66,251,139,28,68,237,149,18,53,223,105,8,27,140,37,0,9,48,8,0,7,16,629,172,558,1365,0,0,119,119,5,20,76,99,90,66,110,263,145,42,73,261,150,30,97,276,139,16,88,247,79,10,92,179,26,5,67,103,3,0,25,24,642,177,749,1568,0,0,240,240,8,32,174,214,143,121,221,482,289,83,138,512,288,53,165,508,283,39,145,467,179,18,116,315,66,7,83,150,16,0,26,39,1271,350,1314,2934
SAL80027,0,5,36,45,10,108,309,425,155,425,588,1168,150,110,259,517,71,40,110,222,71,28,92,197,54,15,51,115,33,3,18,55,7,0,4,12,554,722,1471,2746,0,6,40,48,12,129,397,542,191,401,596,1180,139,74,207,425,73,32,100,204,62,19,82,166,50,11,64,115,20,0,35,62,7,0,27,31,548,671,1546,2771,0,8,83,90,25,233,708,966,340,823,1182,2344,295,187,461,940,146,77,215,433,135,45,182,363,101,23,107,232,50,5,58,121,11,0,29,36,1101,1392,3019,5517
SAL80028,0,3,108,110,10,58,268,340,219,195,447,863,262,50,142,452,157,26,75,259,123,15,52,194,145,14,23,179,75,5,10,90,20,0,8,24,1013,365,1138,2517,0,3,99,107,25,82,330,436,274,192,382,846,252,43,158,454,144,22,104,272,130,18,94,238,134,9,67,210,60,3,57,123,9,0,32,41,1025,377,1317,2723,0,7,207,218,34,139,603,777,494,388,827,1709,515,92,296,903,300,56,180,528,258,30,147,432,275,24,92,392,133,5,68,216,25,0,40,68,2036,743,2459,5235
SAL80029,0,0,156,156,6,21,150,175,118,106,154,380,223,45,81,346,244,41,70,352,265,27,80,375,140,18,40,198,50,0,20,67,13,0,5,11,1056,258,757,2069,0,3,171,173,5,34,122,168,159,101,122,387,226,46,74,347,254,30,94,387,266,30,126,417,114,15,88,215,31,4,41,68,4,0,23,28,1056,264,871,2189,0,3,323,328,9,56,278,344,283,207,281,765,450,86,159,693,500,73,162,734,530,61,212,792,253,33,128,412,80,0,55,142,14,0,29,41,2117,522,1623,4262
SAL80030,0,0,116,121,7,25,211,243,99,132,185,418,157,51,71,280,195,30,56,280,186,18,40,246,139,13,33,184,72,0,19,89,24,0,7,33,867,280,736,1884,0,0,116,120,9,30,174,214,118,128,149,391,177,51,62,292,208,30,77,314,188,21,69,274,104,5,53,171,45,6,45,97,21,0,32,53,871,273,781,1921,0,3,238,238,11,58,383,452,214,259,335,810,335,107,135,574,403,58,125,588,369,38,107,514,242,22,85,352,119,9,71,192,41,0,46,80,1740,551,1520,3808
SAL80031,0,0,0,0,0,0,0,0,5,3,5,8,7,0,3,3,4,6,3,8,3,0,4,6,0,0,0,0,0,0,0,0,0,0,0,0,13,5,17,35,0,0,0,0,0,0,4,6,7,0,0,5,4,3,0,10,0,0,3,8,4,0,4,7,0,0,0,0,0,0,3,3,0,0,0,0,13,6,17,43,0,0,9,9,0,0,4,4,10,5,5,12,7,4,7,18,3,4,4,17,5,0,8,15,0,0,0,0,0,0,3,3,0,0,0,0,26,13,34,74
SAL80032,0,0,0,0,0,0,0,0,0,0,0,0,0,0,0,0,0,0,0,0,0,0,0,0,0,0,0,0,0,0,0,0,0,0,0,0,0,0,0,0,0,0,0,0,0,0,0,0,0,0,0,0,0,0,0,0,0,0,0,0,0,0,0,0,0,0,0,0,0,0,0,0,0,0,0,0,0,0,4,4,0,0,0,0,0,0,0,0,0,0,0,0,0,0,0,0,0,0,0,0,0,0,0,0,0,0,0,0,0,0,0,0,0,0,0,0,0,0,4,4
SAL80033,0,0,165,165,6,30,134,166,211,123,192,527,515,92,107,707,245,28,61,337,130,13,32,175,73,3,25,97,17,0,6,32,0,0,0,5,1201,293,713,2214,0,0,156,156,10,39,121,171,327,135,161,629,491,82,118,689,215,30,108,350,116,14,89,223,55,3,50,103,4,0,19,26,0,0,3,9,1224,305,836,2355,0,0,317,317,9,64,256,335,540,265,353,1158,1003,177,223,1400,466,62,165,693,243,28,121,394,127,3,75,208,25,0,27,54,5,0,9,13,2421,600,1549,4568
SAL80034,0,0,94,94,0,4,58,61,16,22,36,67,108,16,27,155,149,16,35,204,144,15,20,170,136,5,20,167,94,6,14,112,17,0,10,24,666,73,316,1061,0,0,86,86,0,5,53,51,22,14,40,73,132,19,37,188,161,15,40,217,141,8,36,193,141,0,51,192,66,0,66,134,11,0,20,27,677,72,413,1164,0,0,179,179,0,7,108,111,34,32,75,136,241,34,65,345,312,35,71,420,288,19,55,361,282,7,70,359,161,3,82,246,26,0,26,52,1347,144,734,2221
SAL80035,0,0,78,78,3,9,61,76,73,60,109,235,128,33,68,226,83,26,72,180,67,5,47,114,66,4,34,109,28,0,23,54,7,0,7,14,453,138,490,1082,0,0,73,73,7,16,52,76,87,65,81,228,138,40,82,262,71,23,92,184,75,7,86,168,57,3,59,125,16,0,44,56,4,0,15,18,445,154,577,1177,0,0,157,157,14,22,114,149,165,117,187,468,262,77,151,487,153,51,157,360,135,14,127,279,127,8,95,231,41,0,61,109,11,0,20,29,896,296,1073,2262
SAL80036,0,0,60,63,0,8,76,81,85,39,120,246,114,26,42,185,77,24,57,154,73,8,47,127,56,3,21,86,49,0,22,70,18,0,3,24,474,107,448,1025,0,0,63,64,5,9,68,78,99,41,95,242,122,24,53,201,79,12,58,154,59,9,59,126,63,0,48,109,41,0,41,89,7,0,17,29,473,106,504,1079,0,0,121,122,5,15,139,156,183,87,212,483,237,46,102,387,159,36,114,306,126,14,109,249,118,3,72,197,96,3,60,160,28,0,22,53,947,210,951,2110
SAL80037,0,3,147,151,0,11,135,155,103,83,148,330,202,62,75,339,189,38,70,297,222,36,76,337,168,16,61,241,60,3,20,81,3,0,0,6,946,250,732,1928,0,0,131,134,3,27,94,135,143,86,107,337,201,52,78,332,188,46,83,313,258,31,117,407,120,10,94,229,35,0,42,78,5,0,9,22,953,264,772,1984,0,4,282,285,8,41,233,286,245,169,254,671,406,115,159,676,371,83,150,611,487,63,198,752,281,23,153,464,96,3,60,156,9,0,16,24,1901,513,1504,3918
SAL80038,0,0,25,29,0,63,136,198,87,222,317,621,78,56,118,253,72,17,87,183,63,11,42,115,53,10,23,81,18,3,4,25,4,0,3,9,375,382,752,1507,0,3,17,20,9,76,168,242,98,190,254,542,81,35,81,193,67,12,58,133,62,7,48,119,41,4,27,73,14,0,17,29,0,0,6,6,365,326,671,1361,0,3,44,47,7,136,301,446,184,410,568,1163,153,90,196,445,140,34,143,313,120,21,86,228,95,10,48,156,35,3,20,52,8,0,13,18,743,707,1421,2874
SAL80039,0,0,174,172,0,8,178,190,82,74,135,297,195,55,49,301,255,42,71,373,248,24,57,336,121,8,31,169,42,0,16,58,8,0,7,17,960,226,722,1906,0,0,170,170,0,15,123,134,120,75,109,304,225,58,71,352,291,39,94,428,215,19,99,335,92,3,63,157,31,0,45,79,3,0,16,22,970,219,797,1989,0,4,340,345,0,29,300,328,199,156,244,599,417,114,122,650,547,82,169,800,464,45,157,666,214,16,95,327,69,0,68,139,12,0,26,40,1929,448,1523,3892
SAL80040,0,0,58,58,0,3,57,63,38,47,68,151,109,49,37,199,107,51,54,220,80,17,45,143,65,4,32,103,61,5,23,93,15,0,11,28,477,182,395,1057,0,0,71,71,0,10,51,54,58,56,81,198,110,57,45,219,93,54,64,209,84,10,74,171,69,8,93,165,53,0,59,116,7,0,30,38,484,190,566,1240,0,0,131,131,0,12,110,122,94,107,146,350,221,107,85,416,203,106,121,428,165,27,115,311,127,14,126,269,121,3,81,206,23,0,37,65,959,376,961,2295
SAL80041,0,0,104,105,8,22,109,136,173,159,220,548,372,52,85,503,159,20,57,238,65,3,19,98,39,5,10,56,11,0,3,14,3,0,0,3,831,264,610,1700,0,6,99,99,12,48,112,167,273,144,225,640,341,47,111,500,112,12,73,199,59,3,50,114,33,0,25,58,11,0,6,21,0,0,3,5,833,250,713,1796,0,0,207,211,13,71,221,302,445,296,450,1188,718,95,189,1006,274,31,131,434,125,6,74,207,75,5,34,104,24,0,9,33,3,0,3,12,1669,510,1321,3503
SAL80042,0,0,104,104,3,9,95,105,148,106,136,387,388,40,72,502,212,25,52,284,105,7,17,135,74,0,14,90,33,0,10,46,10,0,3,15,968,194,505,1673,0,0,98,102,4,17,90,114,213,112,107,432,405,42,79,530,183,21,51,253,79,9,45,134,64,0,56,123,24,0,62,84,6,0,16,17,979,204,603,1783,0,0,206,206,9,29,189,226,358,217,248,818,799,81,148,1027,389,49,104,541,189,16,65,265,141,4,68,212,62,0,64,127,12,0,24,33,1950,401,1105,3456
SAL80043,0,0,137,143,3,10,130,141,86,68,131,282,252,42,48,348,245,43,74,355,237,27,70,333,137,14,44,195,90,10,32,130,44,0,16,58,1086,212,681,1983,0,3,160,161,5,16,110,132,127,58,98,275,278,52,66,390,268,35,81,380,188,37,84,309,130,11,82,222,82,3,107,192,19,0,53,73,1092,211,835,2134,0,6,296,298,10,24,241,272,215,125,225,561,530,93,115,734,509,74,153,739,425,61,156,640,266,28,127,425,173,12,137,324,59,0,72,128,2176,419,1522,4121
SAL80044,0,0,73,76,0,5,67,73,30,25,53,112,114,18,31,161,151,14,31,196,134,14,33,177,102,8,27,140,80,3,18,108,25,0,23,53,643,82,353,1077,0,0,103,107,0,7,60,63,42,22,46,108,153,21,32,204,154,14,53,218,113,10,41,165,125,9,53,183,56,3,79,138,11,0,67,84,650,83,541,1273,0,5,179,178,0,5,128,134,70,48,105,221,268,36,68,367,304,27,88,413,237,24,69,337,228,15,76,325,140,6,98,244,44,0,92,136,1297,164,893,2356
SAL80045,0,0,49,49,0,17,44,63,101,82,102,288,252,37,42,329,98,13,17,126,42,6,11,62,22,0,4,23,7,0,0,3,0,0,0,0,518,157,271,947,0,0,54,52,0,30,45,79,153,90,101,342,247,23,49,315,63,8,29,105,33,0,27,60,23,0,14,30,5,0,4,10,0,0,0,0,525,153,317,1007,0,0,98,100,5,51,87,143,257,172,203,630,498,60,88,644,161,23,46,232,76,7,40,123,42,0,18,60,10,0,4,13,0,0,0,0,1045,314,592,1947
SAL80046,0,3,48,51,3,23,184,211,80,147,197,418,105,47,74,229,71,24,51,148,52,18,48,115,33,3,18,49,16,0,18,32,11,0,6,17,368,269,637,1275,0,3,46,46,3,35,225,265,99,138,202,440,102,31,83,219,78,38,67,184,44,19,44,110,23,6,33,60,15,0,19,41,3,0,16,22,373,265,738,1377,0,9,96,100,10,59,401,469,174,280,402,856,215,81,159,449,151,62,118,331,93,33,95,227,46,8,53,108,36,0,35,69,13,0,21,37,741,538,1379,2652
SAL80047,0,0,96,96,4,14,127,142,86,71,182,345,203,60,90,348,135,46,64,239,93,25,61,179,73,9,39,115,37,6,20,62,20,0,7,28,646,221,691,1558,0,0,88,92,7,21,162,191,110,81,159,348,216,57,97,372,134,40,78,254,72,15,75,161,74,8,69,157,36,5,62,104,3,0,35,40,648,232,834,1716,0,0,184,181,4,31,290,333,200,146,341,692,419,117,186,723,269,89,140,501,163,40,137,341,145,19,106,268,78,9,79,167,22,0,50,70,1301,451,1522,3269
SAL80048,0,0,118,118,0,10,79,94,48,43,79,167,142,41,32,211,155,29,50,236,128,22,41,185,72,11,29,118,73,0,18,103,14,0,11,27,639,159,457,1262,0,0,106,101,5,14,72,88,69,48,64,184,154,39,48,235,168,26,61,258,107,14,48,169,88,10,61,160,54,5,31,90,6,0,16,29,644,156,513,1308,0,0,223,220,5,26,153,176,117,96,143,347,295,74,78,446,324,60,118,495,239,33,87,359,162,20,92,272,130,9,53,189,24,0,32,58,1283,312,970,2567
SAL80049,0,0,282,282,0,14,178,194,145,71,169,388,402,69,99,577,380,50,80,509,242,26,67,348,141,12,34,185,64,3,14,81,9,0,9,25,1384,251,947,2578,0,0,228,234,8,25,147,171,212,85,115,417,437,65,115,613,365,48,157,569,210,36,130,375,127,8,97,230,42,0,45,88,8,0,13,16,1395,272,1041,2713,0,0,509,511,11,36,322,365,358,157,290,804,840,133,219,1189,739,99,233,1075,457,65,201,717,261,18,131,412,110,9,54,171,10,0,25,40,2781,526,1982,5288
SAL80050,0,0,163,162,5,16,154,172,108,85,193,383,235,59,93,391,214,60,90,360,181,22,63,264,211,14,53,280,73,3,22,91,10,0,6,17,1030,261,826,2117,0,0,152,150,0,20,106,132,161,98,96,349,247,63,70,381,216,39,100,360,180,31,81,291,185,10,92,286,50,5,39,88,8,0,22,29,1045,260,762,2061,0,5,312,315,5,38,257,298,271,177,288,735,482,124,161,768,431,99,191,719,357,54,139,554,389,26,151,564,121,5,59,184,18,0,27,47,2078,518,1586,4181
SAL80051,0,0,99,99,0,0,72,75,33,23,78,128,152,24,22,200,148,26,24,195,161,14,28,203,152,14,26,190,52,3,4,60,10,0,4,12,697,102,365,1164,0,0,86,86,3,0,58,62,47,13,32,91,165,27,24,213,149,22,31,206,186,14,32,232,124,16,57,199,32,5,20,56,7,0,5,12,709,101,346,1157,0,0,182,182,3,8,129,143,74,39,112,221,313,48,44,410,291,48,57,399,351,32,61,438,278,28,84,393,82,6,24,115,17,0,10,24,1404,205,712,2323
SAL80052,0,0,130,130,0,9,83,91,59,34,74,168,130,29,38,202,166,35,35,234,153,14,29,199,115,9,21,141,99,4,24,128,34,0,17,57,761,134,454,1350,0,0,105,99,6,10,76,95,76,38,54,160,163,36,37,236,163,31,58,254,143,18,48,213,109,3,57,164,84,4,103,188,23,0,52,71,769,134,581,1486,0,0,235,232,9,19,153,185,131,70,133,331,300,67,75,435,327,66,91,482,296,32,83,411,224,15,71,304,186,6,126,319,58,0,70,129,1528,267,1039,2838
SAL80053,0,0,89,89,0,6,53,59,65,42,60,169,154,24,38,222,128,37,60,221,78,16,34,132,76,6,31,116,69,4,23,97,15,0,8,28,594,137,404,1133,0,0,72,72,0,8,36,47,97,45,45,182,155,39,38,222,131,25,63,221,67,15,55,136,85,9,68,158,50,3,76,136,7,0,39,51,596,139,495,1229,0,0,167,167,3,9,93,110,161,87,106,351,302,63,77,446,263,66,120,441,149,27,86,269,164,12,97,267,123,6,105,228,25,0,50,70,1188,275,898,2360
SAL80054,0,0,111,111,3,17,130,143,91,68,168,329,195,33,80,309,157,23,71,253,201,23,73,299,164,5,50,220,74,10,29,112,15,0,7,24,904,184,716,1801,0,0,115,115,9,19,112,144,117,75,114,312,203,29,101,340,167,26,72,273,184,19,133,339,152,15,102,265,52,4,56,108,12,0,28,34,897,197,845,1933,0,0,223,220,12,36,241,286,206,148,286,642,399,61,186,648,329,55,148,531,380,50,210,639,316,20,150,484,125,8,90,224,27,0,38,59,1802,377,1563,3741
SAL80055,0,0,109,109,0,3,88,97,77,43,128,250,172,33,50,248,144,27,55,231,130,21,39,187,111,12,24,151,63,3,17,83,9,0,3,10,702,153,517,1372,0,0,105,108,8,11,78,97,102,45,49,197,172,33,49,250,155,26,46,227,121,24,57,204,116,4,51,182,37,0,38,79,0,0,10,13,708,155,489,1360,0,0,214,217,7,14,167,195,180,93,180,447,340,64,95,505,297,59,108,463,253,53,89,392,231,16,79,328,104,4,57,162,7,0,17,29,1414,310,1005,2732
SAL80056,0,0,155,155,3,8,94,104,85,39,82,208,323,25,41,388,318,34,33,388,123,8,18,156,60,4,11,74,23,6,3,26,0,0,3,9,946,121,441,1508,0,0,152,156,9,10,85,97,123,52,63,232,386,42,52,479,263,23,55,341,98,12,39,147,53,4,33,91,15,0,14,31,0,0,3,4,949,139,504,1590,0,0,306,310,16,15,177,205,207,90,148,438,711,74,91,874,585,54,89,730,223,21,64,303,118,9,43,164,36,6,15,59,6,0,6,11,1892,263,939,3097
SAL80057,0,0,44,44,0,9,39,49,15,41,59,120,46,10,21,75,92,7,21,126,99,8,16,119,77,5,18,101,50,3,10,60,15,0,0,16,395,84,231,707,0,0,44,44,0,6,31,39,26,43,70,140,59,14,31,102,98,13,35,143,92,7,31,129,80,5,30,113,35,0,37,69,4,0,15,19,393,77,320,794,0,0,92,92,0,15,67,81,43,83,129,256,102,29,57,179,188,18,57,268,193,9,43,246,159,8,47,211,82,3,47,132,20,0,17,36,791,164,552,1500
SAL80058,0,5,165,165,17,46,235,299,287,181,436,903,482,73,180,739,319,26,94,438,148,14,46,199,73,3,18,96,16,0,8,29,6,0,5,3,1351,342,1187,2883,0,9,168,177,29,61,197,285,405,204,320,927,472,60,160,691,276,22,88,391,118,10,81,202,59,3,55,111,7,0,23,31,0,0,3,3,1353,369,1099,2822,0,10,335,345,43,110,430,585,690,384,756,1830,958,136,335,1429,594,50,186,835,264,15,123,402,136,4,70,212,21,0,36,57,4,0,7,13,2708,714,2288,5704
SAL80059,0,0,74,74,0,5,52,59,20,26,52,96,94,17,26,141,88,15,29,136,72,11,33,114,112,8,34,151,39,0,6,50,6,0,3,11,431,77,319,830,0,0,59,56,5,4,43,45,25,27,37,88,108,17,23,150,96,17,40,146,75,14,20,108,96,4,38,138,29,0,15,48,3,0,5,5,436,86,268,789,0,0,134,135,5,13,92,108,41,48,90,183,205,37,49,290,184,30,67,281,150,24,53,229,209,14,69,286,66,7,25,97,11,0,9,13,874,164,583,1620
SAL80060,0,0,0,0,0,0,0,0,0,0,4,6,0,0,0,0,0,0,3,3,0,0,0,0,0,0,0,3,0,0,0,0,0,0,0,0,7,0,7,13,0,0,0,0,0,0,0,0,3,0,4,4,0,0,0,0,0,0,0,5,0,0,0,0,0,0,0,0,0,0,0,0,0,0,0,0,3,0,8,5,0,0,0,0,0,0,0,0,4,0,6,7,0,0,0,0,0,0,0,5,0,0,0,0,0,0,3,6,0,0,0,0,0,0,0,0,11,0,8,22
SAL80061,0,0,85,85,0,9,64,71,51,18,77,146,206,20,26,251,159,21,33,209,117,12,22,154,94,11,28,125,81,0,20,106,22,0,11,36,726,92,372,1188,0,0,93,93,3,6,53,68,80,27,55,161,208,20,55,283,160,16,56,233,111,10,64,185,93,5,50,155,72,3,55,128,7,0,44,51,740,95,528,1357,0,0,180,180,5,14,121,136,128,48,131,309,411,41,81,533,317,35,88,441,230,21,87,339,186,16,78,285,154,10,76,236,36,0,61,97,1464,185,899,2548
SAL80062,0,0,94,97,0,9,64,70,44,53,77,175,107,39,32,174,106,22,37,156,135,12,41,182,94,9,28,125,27,0,4,33,4,0,9,11,514,134,374,1018,0,0,70,70,5,21,47,70,62,46,72,172,121,36,44,203,112,22,37,173,125,9,54,197,77,0,31,109,13,0,18,32,0,0,9,18,516,134,384,1038,0,0,166,169,3,27,103,137,100,99,144,345,226,72,75,380,212,39,78,329,262,22,95,377,169,12,60,237,44,0,23,58,7,0,17,27,1029,273,760,2057
SAL80063,0,0,88,88,0,8,59,70,64,61,102,227,160,46,63,268,117,20,41,175,90,19,46,150,146,3,24,174,52,0,25,75,10,0,4,12,636,159,448,1240,0,0,78,77,3,10,53,65,95,69,67,223,154,46,54,258,110,27,52,198,104,4,58,167,145,9,67,218,25,0,32,58,3,0,7,14,635,163,468,1275,0,0,166,166,3,19,116,136,159,128,168,451,317,96,120,526,225,52,96,365,190,24,103,319,289,9,92,390,82,0,58,135,13,0,13,24,1271,322,920,2514
SAL80064,0,6,210,220,5,27,224,252,174,120,203,497,286,65,97,449,335,53,107,494,390,37,104,530,182,10,56,249,90,4,23,124,17,0,18,33,1477,325,1038,2844,0,5,205,214,12,41,188,243,224,136,183,539,315,64,130,510,350,63,162,574,350,27,163,530,158,9,138,308,62,0,96,165,14,0,32,41,1484,340,1305,3131,0,10,422,432,19,60,408,495,400,256,385,1042,597,133,230,955,687,119,270,1074,737,59,265,1057,341,19,198,560,162,9,120,286,26,0,50,72,2964,669,2343,5978
SAL80065,0,0,77,77,3,7,71,78,76,42,67,187,146,30,35,212,103,25,27,153,130,16,27,167,134,13,23,170,54,0,12,69,8,0,0,12,653,126,345,1124,0,0,77,77,0,8,65,72,98,48,69,213,146,27,52,220,106,25,52,185,136,17,54,203,127,6,60,190,37,0,26,67,0,0,13,13,656,126,461,1246,0,0,157,157,3,17,131,153,178,91,134,398,290,59,87,433,214,53,81,344,266,26,83,375,260,15,82,359,88,3,38,133,9,0,13,22,1308,252,807,2365
SAL80066,0,0,55,58,3,37,101,144,158,119,224,498,133,31,117,290,67,22,95,180,75,16,70,166,101,7,53,162,75,0,28,111,17,0,15,34,627,245,763,1634,0,3,46,44,9,56,110,174,188,109,204,500,112,27,129,276,72,16,111,196,85,15,121,219,85,10,99,193,58,3,64,131,7,0,42,47,627,239,922,1781,0,5,100,100,13,92,214,317,346,230,426,995,252,69,249,567,138,36,206,378,162,29,192,384,180,16,150,352,138,5,93,234,31,0,57,85,1256,479,1682,3416
SAL80067,0,0,153,153,0,27,123,146,105,139,253,493,157,58,102,316,214,42,84,339,172,26,91,286,125,19,45,194,89,3,16,106,22,0,10,29,879,306,880,2070,0,0,119,115,4,33,112,152,127,132,267,521,189,45,104,342,187,36,98,324,181,30,94,298,126,8,69,201,62,0,53,114,6,0,49,50,881,290,956,2127,0,0,270,271,8,55,236,296,226,272,519,1016,352,103,206,664,400,76,184,664,353,53,182,590,255,29,114,395,149,0,69,220,24,0,52,79,1765,595,1835,4193
SAL80068,0,4,190,193,13,54,308,381,394,214,557,1168,394,80,214,687,299,41,141,482,204,18,82,305,104,8,24,137,41,0,8,52,15,0,8,13,1471,417,1534,3424,0,3,215,217,34,90,261,383,477,217,402,1095,401,65,178,648,275,23,148,445,160,12,122,289,94,8,85,182,25,0,44,72,8,0,13,19,1479,421,1466,3363,0,11,406,416,51,140,574,760,878,433,960,2265,799,142,393,1335,574,67,286,932,364,29,199,595,197,15,109,321,75,3,55,123,19,0,21,33,2943,840,2999,6784
SAL80069,0,0,102,102,0,5,57,59,34,35,75,142,138,35,30,208,144,39,48,226,96,23,36,159,66,3,31,104,43,4,11,60,19,0,14,35,532,149,411,1091,0,0,97,97,3,8,70,80,45,38,72,155,151,48,36,235,158,39,57,253,93,26,60,180,54,9,56,119,42,3,57,93,13,0,35,50,553,171,535,1269,0,0,197,197,3,12,124,146,82,73,146,295,285,85,67,442,301,76,108,481,191,45,99,335,119,16,87,219,81,4,71,156,30,0,52,82,1090,318,953,2361
SAL80070,0,0,14,14,0,0,6,6,0,4,5,9,0,3,6,15,17,3,3,21,10,0,0,14,16,0,0,18,10,0,0,12,0,0,0,0,66,9,42,117,0,0,9,9,0,0,8,8,0,3,0,0,6,3,4,15,17,7,10,25,14,0,4,22,24,0,5,22,8,0,5,9,0,0,3,3,70,11,44,119,0,0,29,29,0,0,10,10,4,0,9,16,13,8,12,28,32,7,8,48,32,0,7,38,36,0,7,42,16,0,6,25,0,0,3,6,134,19,87,234
SAL80071,0,0,223,226,10,42,250,300,254,161,440,859,522,80,171,774,396,41,98,540,181,11,43,229,75,0,16,103,28,0,10,38,0,0,0,9,1463,342,1256,3069,0,3,221,228,21,61,223,314,353,149,305,800,541,79,156,782,339,24,120,488,144,11,84,240,59,7,53,118,16,0,18,42,0,0,3,6,1476,337,1194,3006,3,6,449,454,25,103,476,612,606,306,741,1658,1066,154,332,1551,733,68,217,1022,321,22,121,466,136,9,72,218,48,0,29,75,5,0,8,19,2939,682,2452,6071
SAL80072,0,0,93,93,0,0,83,91,53,39,81,164,97,16,43,160,126,19,57,205,102,9,22,134,127,4,26,157,86,3,19,110,17,0,9,32,613,101,448,1160,0,0,84,84,4,10,64,77,65,36,67,169,110,23,35,169,124,20,54,199,122,6,48,180,105,6,59,173,76,3,57,133,7,0,14,27,616,105,488,1207,0,0,178,178,4,13,150,163,117,77,149,343,206,43,80,333,248,39,112,398,226,12,76,315,230,13,86,329,162,6,75,243,29,0,30,56,1226,209,932,2365
SAL80073,0,0,105,109,0,3,76,80,77,67,69,214,142,33,54,227,117,40,59,216,89,20,51,159,75,6,27,114,87,4,21,112,12,0,0,19,610,170,476,1257,0,0,91,90,0,15,53,71,108,70,72,248,148,39,46,236,117,22,57,198,86,14,49,145,84,4,56,149,62,0,55,118,5,0,21,27,613,168,505,1286,0,6,200,201,6,19,131,148,187,144,143,464,290,65,101,460,234,66,113,412,172,30,106,306,168,16,86,270,150,5,72,227,20,0,22,42,1219,339,979,2537
SAL80074,0,0,73,73,0,11,50,63,47,40,60,143,129,38,36,201,128,30,31,176,74,7,41,128,83,7,29,113,68,3,17,89,9,0,9,21,538,131,347,1011,0,0,76,76,0,14,47,62,71,48,55,171,126,30,44,196,118,25,67,209,81,16,59,157,69,7,55,136,61,0,41,101,5,0,26,33,534,138,467,1136,0,0,143,143,0,25,100,124,106,80,115,312,252,72,79,401,240,51,95,393,159,25,99,281,150,12,86,251,130,0,55,189,19,0,34,55,1068,267,814,2142
SAL80075,0,5,131,139,4,25,111,137,174,123,159,455,238,80,91,409,158,38,111,311,103,19,87,207,136,13,67,220,85,4,38,128,18,0,11,29,921,311,804,2034,0,0,106,111,10,38,115,166,226,135,140,497,243,74,122,436,162,32,140,331,88,20,120,218,134,6,129,262,70,3,93,162,13,0,47,53,936,312,1003,2241,0,6,238,250,17,61,229,306,399,260,291,947,478,154,209,846,321,69,252,643,188,34,207,430,265,26,199,482,154,3,125,292,30,0,62,89,1854,616,1805,4275
SAL80076,0,0,78,77,0,8,69,82,39,29,80,147,135,29,22,184,139,22,39,197,108,21,33,167,85,17,31,128,52,0,19,68,17,0,9,27,577,127,381,1085,0,0,107,107,3,8,72,77,54,35,58,148,151,21,37,205,130,29,41,196,115,16,58,189,70,3,52,125,36,9,52,99,11,0,37,50,571,112,518,1208,0,0,185,184,11,13,139,155,100,61,134,299,289,49,55,393,264,51,81,398,224,39,94,356,153,21,84,253,87,6,74,164,28,0,51,79,1151,240,898,2294
SAL80077,0,0,0,0,0,0,0,0,0,0,0,0,0,0,0,0,4,0,0,4,0,0,4,4,0,0,0,0,0,0,6,6,0,0,0,0,3,0,4,11,0,0,0,0,0,0,0,0,0,0,0,0,0,0,0,0,3,0,0,3,0,0,0,0,0,0,0,0,0,0,0,0,0,0,0,0,0,0,0,0,0,0,0,0,0,0,0,0,0,0,0,0,0,0,0,0,7,0,0,4,0,0,4,4,0,0,0,0,0,0,6,6,0,0,0,0,8,0,4,13
SAL80078,0,0,66,66,0,4,45,47,25,14,64,104,75,15,30,115,96,10,19,123,128,14,26,161,121,7,28,152,85,5,14,101,21,0,7,29,541,65,294,904,0,0,50,50,0,0,54,53,34,15,48,94,93,21,29,146,97,9,31,145,132,10,48,191,110,9,43,167,74,0,57,125,13,0,23,35,550,69,389,1006,0,0,115,115,0,4,97,107,54,30,110,200,168,34,57,262,192,21,54,265,258,20,78,353,234,12,73,321,155,5,64,227,30,0,32,62,1092,134,681,1912
SAL80079,0,0,116,117,0,16,106,126,114,70,132,315,188,44,68,299,135,23,58,217,180,24,50,255,107,5,34,146,50,0,12,67,15,0,12,28,799,180,584,1567,0,0,103,105,8,26,77,111,150,86,106,343,191,32,70,285,142,17,92,255,162,24,91,281,88,0,71,160,49,0,60,115,8,0,43,50,797,188,712,1694,0,4,220,224,8,42,185,234,265,155,239,656,376,73,132,583,276,45,151,468,348,47,139,530,197,3,100,306,105,5,73,180,22,0,53,73,1594,366,1299,3262
SAL80080,0,0,17,17,0,7,16,16,26,12,20,54,61,4,7,76,27,0,4,28,5,0,3,7,6,0,0,8,0,0,0,3,0,0,0,0,122,22,68,209,0,0,20,20,0,0,13,18,28,10,28,67,64,0,21,84,18,4,12,38,0,0,10,10,6,0,6,8,0,0,0,0,0,0,0,0,124,23,110,254,0,0,40,40,0,3,24,33,55,23,48,120,125,10,27,161,45,7,19,69,4,0,10,13,9,0,11,16,3,0,7,4,0,0,0,0,245,43,175,464
SAL80081,0,0,228,228,0,16,220,238,128,79,313,518,303,91,135,533,285,56,99,434,254,31,93,372,341,16,67,422,139,0,34,177,16,0,21,44,1473,278,1211,2971,0,0,161,161,7,20,163,192,163,102,168,430,335,79,113,528,271,43,93,414,287,25,119,433,326,19,134,479,74,0,115,192,10,0,49,56,1479,282,1118,2885,0,0,393,393,13,31,388,433,293,174,479,951,645,165,245,1057,555,95,192,845,539,51,212,808,668,33,205,902,215,0,148,369,28,0,68,97,2957,560,2337,5852
SAL80082,0,0,462,462,4,45,373,424,233,245,409,884,556,133,266,951,587,112,267,967,504,82,249,821,649,31,164,849,298,20,92,404,52,8,27,83,2870,668,2304,5841,0,4,400,403,12,60,302,363,304,245,300,850,630,138,257,1025,575,114,328,1014,502,65,307,868,620,22,366,1011,223,14,197,432,10,0,73,81,2873,661,2520,6057,0,4,861,865,9,101,669,786,534,491,712,1732,1186,270,521,1974,1163,227,590,1981,1001,143,547,1689,1264,60,535,1859,521,32,284,837,66,7,96,167,5746,1331,4829,11899
SAL80083,0,0,72,72,0,45,124,167,119,313,388,817,184,121,211,518,136,45,143,326,150,38,102,284,142,15,39,194,69,0,13,87,12,0,6,14,804,578,1103,2483,0,0,55,56,3,49,162,216,164,311,445,921,181,101,251,537,133,30,161,321,148,20,140,306,129,5,81,217,47,0,60,106,0,4,24,26,803,529,1375,2709,0,0,124,132,6,92,287,378,279,626,832,1736,370,226,464,1060,270,76,302,647,297,55,246,595,271,25,120,411,114,0,75,189,15,3,28,42,1606,1107,2474,5195
SAL80084,0,0,98,103,3,10,87,94,67,61,96,221,156,48,53,256,138,35,78,244,103,13,42,158,124,6,26,159,56,3,20,82,13,0,6,18,653,177,512,1346,0,3,99,103,3,14,60,74,93,64,90,249,170,42,68,283,123,28,72,220,106,14,83,203,117,11,82,211,40,0,42,88,3,0,13,12,661,176,618,1449,0,6,199,200,3,18,147,171,161,128,184,467,322,91,123,542,257,59,152,471,210,25,126,367,242,19,111,369,102,3,64,170,14,0,19,38,1315,346,1130,2790
SAL80085,0,0,36,41,4,36,169,213,118,99,297,515,133,18,52,212,50,11,16,78,30,0,8,42,19,0,5,24,4,0,0,4,0,0,0,0,363,173,588,1125,0,5,33,39,7,47,174,228,148,106,195,449,123,16,52,191,43,6,32,86,27,0,20,46,8,0,8,20,0,0,3,5,0,0,0,0,360,188,527,1074,0,6,75,81,17,85,345,443,267,205,490,966,257,40,107,402,93,17,53,161,59,0,27,87,33,0,13,46,3,0,3,14,0,0,4,4,725,358,1119,2196
SAL80086,0,0,93,94,9,42,191,236,109,191,320,617,166,69,126,360,144,42,100,285,99,34,88,225,114,13,53,178,60,4,18,81,22,0,12,36,717,398,1000,2113,4,0,93,94,4,72,248,319,137,178,323,636,176,63,138,378,131,35,113,283,105,28,115,249,109,7,84,202,40,0,75,126,17,0,66,81,719,385,1255,2364,4,5,184,186,8,112,428,555,248,367,641,1258,338,130,260,732,273,73,217,565,206,64,205,477,220,18,144,383,103,6,99,206,37,0,78,110,1442,781,2257,4481
SAL80087,0,0,76,76,4,8,98,107,123,40,124,285,151,26,62,235,90,22,62,175,79,11,48,136,36,11,44,90,61,5,21,84,32,0,13,49,577,120,544,1237,0,0,67,69,14,12,64,88,139,45,110,287,131,23,65,214,111,18,74,205,66,14,48,127,40,6,52,101,62,3,81,147,16,0,35,51,573,119,602,1291,0,0,145,147,18,20,162,200,261,82,230,574,280,45,126,453,197,37,139,381,144,23,94,270,84,12,98,191,121,4,99,230,41,0,55,98,1154,237,1145,2527
SAL80088,0,0,38,38,0,0,33,33,25,16,29,70,70,7,14,92,62,13,13,89,75,4,15,101,66,6,15,92,15,0,0,17,0,0,3,9,326,44,158,531,0,0,37,37,0,0,30,32,34,22,28,80,85,9,17,99,72,13,12,95,74,7,23,100,61,0,21,79,9,0,9,19,0,0,0,3,327,43,170,549,0,0,79,79,0,0,61,65,56,37,59,147,150,9,26,195,139,25,25,183,154,17,37,198,127,7,31,169,29,0,9,35,6,0,3,14,653,92,330,1075
SAL80089,0,0,154,154,3,22,144,165,216,118,180,512,418,93,138,654,249,47,103,401,150,20,57,239,165,14,45,225,64,5,15,82,5,0,7,16,1275,316,849,2446,0,0,167,165,14,36,118,165,303,114,151,573,417,93,168,676,218,39,141,398,154,13,123,290,132,9,93,241,42,4,57,99,0,0,15,16,1285,319,1018,2624,0,0,326,322,14,58,254,330,525,226,325,1078,834,182,314,1329,470,92,240,799,307,41,177,526,302,27,140,466,102,3,76,183,12,0,25,34,2562,634,1871,5071
SAL80090,0,0,0,0,0,0,0,0,0,0,0,0,0,0,0,0,0,0,0,0,0,0,0,0,0,0,0,0,0,0,0,0,0,0,0,0,0,0,0,0,0,0,0,0,0,0,0,0,0,0,0,0,0,0,0,0,0,0,0,0,0,0,0,0,0,0,0,0,0,0,0,0,0,0,0,0,0,0,0,0,0,0,0,0,0,0,0,0,0,0,0,0,0,0,0,0,0,0,0,0,0,0,0,0,0,0,0,0,0,0,0,0,0,0,0,0,0,0,0,0
SAL80091,0,0,59,66,0,17,99,116,57,66,117,249,123,19,73,212,89,13,49,160,78,12,48,133,69,8,35,107,61,3,35,96,12,0,10,23,487,141,529,1156,0,0,59,60,3,25,63,98,80,58,106,241,137,22,74,230,89,20,58,165,67,10,58,136,69,3,67,147,51,0,54,102,5,0,19,30,498,145,567,1212,0,5,120,128,7,42,161,213,137,122,228,485,256,39,142,443,178,32,106,323,147,21,104,274,136,11,103,251,103,4,89,201,21,0,36,54,981,287,1096,2359
SAL80092,0,0,89,88,0,12,67,80,109,42,124,277,144,29,50,226,116,23,40,180,93,18,52,159,94,9,25,124,70,0,31,105,20,0,16,35,652,131,484,1266,0,0,72,67,6,13,76,100,132,42,97,267,156,32,62,253,107,16,74,196,108,20,77,198,81,5,54,142,66,0,65,129,5,0,29,36,664,130,599,1396,3,0,155,161,6,28,141,174,244,85,219,548,300,56,115,476,223,39,111,373,194,34,129,358,175,15,76,271,138,0,94,232,28,0,46,73,1313,264,1079,2661
SAL80093,0,0,75,79,0,6,73,75,37,30,99,162,91,24,35,151,126,10,19,156,128,11,32,174,140,6,21,167,44,0,14,59,18,0,7,24,588,82,372,1046,0,0,72,72,0,8,68,80,49,32,64,149,111,19,32,157,120,17,35,170,157,8,48,219,123,3,55,182,34,0,36,68,3,0,16,14,596,89,428,1109,0,0,151,151,0,12,139,153,85,60,157,306,202,38,67,308,243,30,54,328,292,14,85,389,261,9,76,352,79,0,52,128,22,0,17,41,1187,168,795,2157
SAL80094,0,0,97,97,3,11,91,100,51,36,85,172,150,36,41,220,137,33,47,214,107,18,37,160,110,9,23,141,81,4,16,99,12,0,9,19,640,137,451,1228,0,0,83,84,5,11,60,71,67,47,75,189,163,38,63,265,134,36,54,216,110,15,45,163,111,3,50,161,58,3,47,105,5,0,12,18,645,145,487,1281,0,0,178,178,11,17,151,177,115,86,161,359,314,70,105,485,264,65,104,432,215,32,81,329,221,13,67,299,131,11,63,207,11,0,20,35,1282,282,937,2504
SAL80095,0,0,0,0,0,0,0,0,0,0,0,0,0,0,0,0,0,0,0,0,0,0,0,0,0,0,0,0,0,0,0,0,0,0,0,0,0,0,0,0,0,0,0,0,0,0,0,0,0,0,0,0,0,0,0,0,0,0,0,0,0,0,0,0,0,0,0,0,0,0,0,0,0,0,0,0,0,0,3,3,0,0,0,0,0,0,0,0,0,0,0,0,0,0,0,0,0,0,0,0,0,0,0,0,0,0,0,0,0,0,0,0,0,0,0,0,0,0,3,3
SAL80096,0,0,0,0,0,0,0,0,0,0,0,0,0,0,0,0,0,0,0,0,0,0,0,0,0,0,0,0,0,0,0,0,0,0,0,0,0,0,0,0,0,0,0,0,0,0,0,0,0,0,0,0,0,0,0,0,0,0,0,0,0,0,0,0,0,0,0,0,0,0,0,0,0,0,0,0,0,0,0,0,0,0,0,0,0,0,0,0,0,0,0,0,0,0,0,0,0,0,0,0,0,0,0,0,0,0,0,0,0,0,0,0,0,0,0,0,0,0,0,0
SAL80097,0,0,132,132,3,8,131,138,86,75,149,307,211,41,81,331,203,29,66,297,239,30,66,332,219,12,59,288,99,3,25,123,35,0,17,48,1086,197,723,2004,0,0,140,137,9,16,93,110,120,76,108,305,234,39,80,350,186,26,104,309,256,20,129,414,182,6,117,310,81,4,118,204,23,0,83,103,1088,200,968,2255,0,0,270,274,12,27,223,255,203,152,264,614,440,81,159,687,384,60,164,611,494,55,196,747,404,17,173,596,183,7,145,330,55,0,96,152,2176,396,1687,4258
SAL80098,0,0,135,135,3,12,117,131,248,93,176,510,497,44,65,604,186,16,35,239,68,6,16,85,36,6,5,49,7,0,4,13,0,0,0,0,1044,172,557,1775,0,0,114,114,17,33,82,132,376,94,114,582,443,29,95,571,130,16,54,206,56,0,37,95,17,0,26,48,8,0,10,11,0,0,0,0,1051,176,536,1766,0,0,255,255,23,46,201,267,619,185,285,1091,945,70,158,1174,320,32,89,446,121,9,57,183,58,3,37,101,16,0,9,27,0,0,0,0,2097,348,1092,3537
SAL80099,0,0,178,178,3,13,141,161,85,97,192,374,244,50,105,400,237,44,110,396,190,42,88,324,151,13,82,254,89,3,32,130,17,0,11,27,1025,270,940,2237,0,0,171,171,10,18,125,150,119,104,143,372,271,55,137,459,245,59,126,425,175,31,167,372,120,6,133,267,71,0,76,153,11,0,58,69,1017,274,1142,2437,0,0,346,347,14,34,269,315,205,200,339,743,515,108,239,861,484,107,234,822,365,73,261,697,271,27,221,515,161,7,109,280,25,0,65,97,2040,552,2083,4673
SAL80100,0,4,302,309,12,39,277,325,327,221,371,918,562,113,187,865,408,63,136,604,260,37,122,416,177,13,74,260,134,0,34,176,29,0,15,46,1904,488,1522,3914,0,11,262,274,18,63,208,283,439,252,239,931,574,113,230,926,371,55,265,693,228,26,225,487,172,12,191,377,92,3,121,219,15,0,31,43,1916,533,1772,4220,0,15,563,576,27,97,482,607,764,467,615,1841,1141,229,419,1789,779,119,396,1291,488,67,350,902,344,29,261,638,233,6,154,394,41,0,44,93,3823,1023,3290,8134
SAL80101,0,0,236,236,0,9,234,243,86,34,165,288,242,31,39,314,425,35,81,544,408,31,48,481,266,19,40,323,143,8,22,167,17,0,12,22,1582,166,867,2618,0,3,228,236,5,12,187,206,122,39,105,265,299,34,58,395,455,33,92,576,379,29,73,478,234,10,90,336,95,8,50,154,3,0,28,32,1596,166,916,2674,0,3,463,468,8,22,421,450,205,75,273,558,538,65,102,711,880,67,169,1123,783,60,123,966,502,25,125,651,242,12,68,321,19,0,36,58,3173,333,1784,5298
SAL80102,0,0,188,188,4,23,295,324,54,106,262,421,181,47,72,299,245,60,98,401,172,56,77,307,129,34,63,219,56,5,21,85,15,0,19,38,854,331,1093,2284,0,3,149,152,7,30,314,351,82,104,242,430,211,62,78,341,252,63,101,420,157,39,125,317,108,20,102,231,35,4,66,98,11,0,30,44,856,328,1208,2386,0,3,339,339,11,53,609,673,140,215,502,855,390,106,148,644,494,129,196,819,328,95,199,623,234,51,165,451,88,10,86,186,30,0,48,76,1714,655,2300,4669
SAL80103,0,0,28,28,0,0,25,25,3,0,29,35,17,0,13,37,48,3,4,65,51,3,9,62,63,0,0,66,37,0,0,40,10,0,3,15,243,13,117,371,0,0,31,31,0,0,28,28,8,4,11,26,21,0,11,34,60,3,12,75,60,0,6,68,58,4,11,74,22,0,20,43,0,0,3,5,239,13,129,382,0,0,55,55,0,0,49,49,15,9,41,58,41,5,21,65,112,5,22,144,111,3,12,130,122,0,17,145,63,0,20,87,16,0,4,20,482,29,248,759
SAL80104,0,0,3,3,0,0,12,12,5,0,20,28,18,4,18,35,3,0,18,26,4,4,16,21,6,3,10,18,0,0,0,4,0,0,0,0,34,8,92,142,0,0,3,3,0,0,4,4,15,0,6,23,12,3,8,19,9,0,7,15,5,4,3,16,4,0,5,11,0,0,0,0,0,0,4,4,41,11,41,97,0,0,3,3,0,0,13,13,16,4,26,55,25,3,26,55,12,3,25,43,5,3,22,37,6,4,11,23,6,0,0,4,0,0,4,4,79,16,136,236
SAL80105,0,0,74,74,0,12,39,54,18,23,45,91,55,10,20,89,68,21,16,97,83,11,24,116,73,9,25,105,18,0,3,24,6,0,0,6,321,80,253,654,0,0,30,30,0,16,23,41,26,32,47,111,74,10,20,98,53,19,23,102,86,7,43,133,66,3,27,94,12,0,11,17,5,0,4,11,319,85,230,638,0,0,102,102,0,27,68,89,48,56,88,200,132,15,40,187,121,39,43,195,170,17,67,252,141,6,54,198,30,0,12,39,3,0,4,8,641,167,475,1284
SAL80106,0,0,58,56,0,5,65,79,65,64,124,251,117,34,49,196,67,20,48,136,61,9,43,102,41,3,36,77,57,0,23,81,27,0,16,48,429,142,456,1026,0,0,50,50,12,17,63,90,82,67,80,232,100,23,56,178,70,23,69,166,54,6,51,108,50,4,79,131,47,0,97,143,17,0,59,79,430,141,604,1177,0,0,109,109,7,27,132,163,143,130,202,480,220,51,102,373,146,41,118,307,110,9,92,210,89,8,108,205,101,5,122,226,47,3,79,124,864,283,1061,2200
SAL80107,0,0,131,131,0,10,169,182,112,106,154,375,265,60,114,431,214,36,92,341,215,10,70,296,150,3,43,200,53,4,11,64,7,0,10,16,1013,226,802,2043,0,0,137,142,4,29,125,156,180,109,120,408,237,54,108,405,231,33,113,372,192,14,111,319,124,8,112,245,37,0,57,88,3,0,27,33,1015,241,905,2157,0,0,271,272,3,38,295,339,297,208,273,783,502,110,220,830,438,71,204,713,405,26,180,619,273,13,155,441,85,4,69,158,11,0,33,49,2029,469,1703,4199
SAL80108,0,0,0,0,0,0,0,0,0,0,0,0,0,0,0,0,0,0,0,0,0,0,0,0,0,0,0,0,0,0,0,0,0,0,0,0,0,0,0,0,0,0,0,0,0,0,0,0,0,0,0,0,0,0,0,0,0,0,0,0,0,0,0,0,0,0,0,0,0,0,0,0,0,0,0,0,0,0,0,0,0,0,0,0,0,0,0,0,0,0,0,0,0,0,0,0,0,0,0,0,0,0,0,0,0,0,0,0,0,0,0,0,0,0,0,0,0,0,0,0
SAL80109,0,0,100,100,0,5,71,74,41,26,63,132,102,13,22,144,117,15,52,178,99,16,44,163,70,6,36,112,58,0,28,87,20,0,8,31,509,94,414,1020,0,0,59,61,0,7,64,75,54,25,45,125,115,16,32,162,128,19,54,198,91,17,50,154,58,5,66,126,59,0,50,115,7,0,35,41,515,94,453,1062,0,0,159,157,9,11,131,150,96,56,110,256,217,32,54,308,239,38,102,381,190,33,99,323,126,12,97,240,119,4,78,202,28,0,41,71,1025,184,866,2080
SAL80110,0,3,41,47,7,60,116,182,270,194,356,822,227,71,170,465,82,25,105,215,62,12,84,150,48,3,36,92,26,0,14,41,12,0,7,18,738,368,926,2033,0,5,55,56,29,66,148,245,334,218,398,952,163,53,169,383,84,20,141,237,63,11,118,190,42,0,65,115,20,0,42,59,7,0,16,25,746,364,1155,2264,0,5,100,106,44,125,260,433,608,412,753,1772,389,121,337,852,164,46,241,451,125,17,207,341,91,9,106,206,46,0,50,100,18,5,22,39,1481,734,2082,4294
SAL80111,0,0,0,0,0,0,5,5,0,0,3,4,3,0,0,7,6,0,3,11,5,0,4,8,5,0,0,5,5,0,0,5,0,0,0,3,28,4,19,50,0,0,4,4,0,0,4,4,0,0,6,5,4,0,0,5,8,0,0,12,4,0,0,11,6,0,0,6,3,0,0,7,0,0,0,0,25,4,22,51,0,0,5,5,0,0,11,11,6,0,6,3,4,3,0,11,12,0,10,22,7,0,7,16,11,0,0,11,3,0,0,5,0,0,0,3,50,3,44,94
SAL80112,0,0,124,124,0,3,96,102,17,13,70,105,112,10,38,155,176,14,26,221,139,17,35,189,104,9,13,129,47,0,13,64,21,0,8,26,623,63,427,1118,0,0,117,117,0,3,53,62,37,19,49,102,153,8,19,178,157,21,47,221,142,13,43,197,100,3,32,137,29,0,27,59,11,0,40,43,632,63,422,1115,0,0,242,242,0,4,154,164,54,34,120,208,266,17,53,336,337,36,75,443,283,22,76,384,209,14,49,265,78,0,48,128,27,0,42,76,1251,127,849,2236
SAL80113,0,0,27,27,0,6,75,86,27,39,88,152,33,9,44,89,35,6,48,87,55,8,49,110,47,6,24,73,29,0,9,35,0,0,3,9,224,78,366,666,0,0,21,24,4,12,73,84,30,30,53,113,35,7,24,66,38,5,20,68,55,8,34,93,47,0,32,80,17,0,31,46,0,0,10,13,215,64,302,590,0,4,47,54,0,15,150,167,56,66,143,263,68,22,68,153,68,13,71,151,105,16,80,210,93,6,57,157,45,0,43,85,0,0,14,19,438,142,670,1252
SAL80114,0,0,107,107,0,7,97,105,70,54,91,216,92,40,70,205,109,23,56,187,94,19,42,155,96,3,32,127,25,0,12,37,5,0,3,9,490,150,507,1155,0,0,83,83,10,12,45,64,84,59,73,215,102,30,58,190,113,19,68,198,110,17,80,207,67,11,51,121,16,3,27,42,4,0,12,15,496,151,489,1135,0,0,186,187,5,19,144,172,151,113,166,430,193,69,132,396,219,38,123,381,208,37,121,370,157,13,78,248,34,4,37,81,6,0,15,25,987,304,999,2287
SAL80115,0,0,78,84,0,6,61,69,61,56,74,197,138,33,45,220,108,25,63,198,92,13,41,149,94,6,33,133,69,0,23,92,22,0,9,26,592,155,423,1168,0,0,88,92,0,8,52,69,94,58,40,195,148,42,51,245,114,32,71,209,81,10,69,159,99,12,88,203,46,0,65,111,11,0,25,39,596,163,553,1312,0,4,168,168,0,13,118,134,158,117,114,389,292,76,94,462,225,60,130,415,172,27,109,310,198,18,127,337,115,5,88,202,30,0,36,62,1184,315,976,2481
SAL80116,0,0,0,0,0,0,0,0,0,0,0,0,0,0,0,0,0,0,0,0,0,0,0,0,0,0,0,0,0,0,0,0,0,0,0,0,0,0,0,0,0,0,0,0,0,0,0,0,0,0,0,0,0,0,0,0,0,0,0,0,0,0,0,0,0,0,0,0,0,0,0,0,0,0,0,0,0,0,0,0,0,0,0,0,0,0,0,0,0,0,0,0,0,0,0,0,0,0,0,0,0,0,0,0,0,0,0,0,0,0,0,0,0,0,0,0,0,0,0,0
SAL80117,0,0,68,68,0,8,66,79,83,53,107,244,143,37,64,243,96,21,56,173,64,16,51,127,53,3,35,96,49,3,20,70,7,0,8,17,500,144,466,1109,0,0,68,68,0,16,60,80,107,51,71,229,156,30,59,245,99,24,67,191,50,13,55,121,61,5,56,124,37,0,30,67,3,0,13,16,511,146,485,1141,0,0,136,136,5,28,123,158,185,109,176,472,292,66,124,490,199,46,119,363,115,28,105,247,118,10,92,219,85,6,44,133,10,0,20,28,1006,288,950,2251
SAL80118,0,0,85,83,0,3,62,66,40,39,60,131,121,30,42,192,99,17,47,157,66,7,21,104,90,11,19,120,49,0,11,61,8,0,7,12,474,111,348,931,0,3,74,77,0,10,53,62,48,44,54,149,128,25,39,202,99,21,48,165,66,11,45,124,92,9,62,161,29,0,31,56,7,0,12,16,479,124,407,1004,0,4,155,161,0,12,120,131,88,82,111,279,252,59,80,387,195,33,93,320,138,21,69,226,183,20,76,277,79,0,40,117,11,0,12,26,951,233,750,1937
SAL80119,0,0,64,64,0,3,45,48,22,25,40,85,75,15,30,117,90,9,30,129,62,12,17,91,100,4,17,124,52,0,9,61,9,0,4,17,406,72,260,738,0,3,45,47,0,3,41,40,25,28,50,106,81,11,28,121,96,16,34,145,79,9,49,130,88,0,49,135,39,0,45,86,6,0,25,33,409,69,364,847,0,3,107,107,0,7,82,94,50,52,92,187,152,30,58,232,181,25,67,278,135,21,64,222,188,5,66,264,97,0,52,145,19,0,31,50,818,140,620,1582
SAL80120,0,0,16,16,0,3,14,19,33,21,31,91,57,10,8,71,23,0,4,31,12,4,0,14,0,0,0,0,0,0,0,0,0,0,0,0,132,40,68,239,0,0,13,13,0,3,21,33,57,30,26,112,51,5,20,81,18,0,4,21,3,0,4,10,5,0,6,11,0,0,0,0,0,0,0,0,134,42,103,281,0,0,28,28,0,12,41,50,96,48,49,196,104,11,30,146,40,0,10,54,10,4,4,19,6,0,6,14,0,0,0,0,0,0,0,0,264,79,176,520
SAL80121,0,0,4,4,0,0,9,9,0,5,14,17,0,5,10,22,6,4,29,36,14,6,32,52,12,5,21,39,6,0,20,28,0,0,0,3,44,19,140,205,0,0,3,3,0,0,3,3,4,4,10,15,10,6,7,18,12,3,8,19,10,5,14,29,13,0,26,43,3,0,16,19,0,0,3,3,43,22,98,161,0,0,11,11,0,5,11,12,3,4,20,32,9,5,17,40,15,5,38,52,20,13,51,85,25,8,51,76,14,0,37,49,0,0,6,7,92,43,235,368
SAL80122,0,0,39,39,0,4,44,55,123,26,86,239,210,18,25,252,60,6,8,73,35,0,13,44,22,0,10,31,0,0,0,4,0,0,0,0,454,62,220,734,0,0,46,46,5,14,50,66,194,30,57,279,176,18,24,218,44,0,27,73,31,0,21,45,13,0,16,30,3,0,8,16,0,0,0,0,458,66,245,767,0,0,79,79,8,19,90,117,319,57,140,515,390,34,47,473,101,9,40,146,60,0,30,94,38,0,33,67,6,0,11,16,0,0,0,0,906,125,464,1498
SAL80123,0,0,4,4,0,0,0,0,0,4,5,5,0,0,0,3,4,0,0,7,5,0,0,3,4,0,0,4,0,0,0,0,0,0,0,0,16,5,11,27,0,0,0,0,0,0,0,4,6,0,6,7,4,0,4,4,3,0,0,3,0,0,0,6,4,0,0,4,0,0,0,0,0,0,0,0,12,8,14,35,0,0,5,5,0,4,0,0,4,6,4,19,4,0,5,6,6,5,4,9,8,0,7,11,9,0,0,8,0,0,0,0,0,0,0,0,21,14,22,60
SAL80124,0,0,141,141,0,15,105,125,80,60,114,256,154,34,50,233,150,33,60,240,166,23,51,244,99,8,29,135,23,0,9,34,6,0,5,12,680,183,556,1417,0,0,121,116,3,25,88,115,107,71,94,275,152,40,52,242,166,35,78,273,183,18,88,284,59,6,41,115,16,0,18,38,0,0,13,15,685,203,591,1475,0,0,259,262,6,41,195,242,187,133,206,530,305,79,96,480,310,69,135,518,350,44,136,531,158,23,67,248,37,6,28,70,5,0,17,22,1366,384,1146,2896
SAL80125,0,0,45,45,0,0,46,49,112,35,88,229,235,22,39,296,113,3,8,130,27,0,12,42,22,0,0,25,11,0,0,5,0,0,0,0,512,65,245,827,0,0,44,44,8,3,37,50,164,38,59,264,231,19,22,271,84,5,16,105,19,0,23,45,13,0,11,21,3,0,3,9,0,0,0,0,519,64,220,807,0,0,89,89,8,3,83,93,270,71,146,490,466,42,63,572,198,7,26,236,47,0,35,85,33,0,15,46,8,0,8,19,0,0,0,3,1035,133,467,1638
SAL80126,0,0,79,79,3,10,64,78,33,24,53,110,121,18,18,158,109,21,39,175,70,13,33,121,56,4,23,85,53,0,12,67,11,0,8,16,449,96,330,883,0,3,52,55,3,10,49,60,58,28,39,128,121,24,26,170,110,25,46,175,70,12,32,123,57,3,34,93,41,0,41,79,5,0,18,22,459,100,348,903,0,3,131,133,5,18,113,137,89,59,93,238,243,39,44,328,219,45,84,350,145,24,72,244,109,9,59,179,91,0,56,142,12,0,22,34,903,195,674,1784
SAL80127,0,0,48,51,0,60,209,268,96,205,349,651,130,60,112,301,88,22,60,173,83,19,52,155,63,8,37,109,32,0,12,53,8,0,11,15,504,381,888,1771,0,4,62,63,4,80,326,406,123,192,362,674,129,36,124,291,88,30,78,199,83,7,68,156,60,8,56,126,24,0,45,68,3,0,11,16,507,363,1136,2005,0,4,107,114,3,135,532,674,215,399,714,1327,255,94,239,593,173,54,143,374,166,28,121,308,124,21,93,236,55,0,59,118,13,3,25,40,1009,743,2023,3776
SAL80128,0,0,11,12,0,5,3,8,7,0,8,17,20,6,0,29,24,3,0,25,10,0,0,10,3,0,0,4,0,0,3,3,0,0,0,0,64,14,29,111,0,0,3,12,0,0,0,6,8,8,3,18,26,3,0,30,18,4,7,23,10,0,7,16,0,0,0,0,0,0,0,0,0,0,0,0,64,16,24,104,0,0,20,20,0,7,11,17,16,7,10,32,48,11,0,62,39,3,4,45,15,6,5,28,6,0,0,9,0,0,3,3,0,0,0,0,129,35,57,216
SAL80129,0,3,228,228,0,17,163,184,172,104,209,485,322,87,112,520,296,55,122,476,256,34,113,406,315,23,72,408,124,3,44,173,23,3,12,38,1520,322,1075,2916,0,0,183,184,11,27,137,179,208,101,147,453,377,75,118,574,277,52,121,450,275,42,164,479,303,7,168,477,79,6,83,168,9,0,40,53,1536,317,1169,3020,0,0,411,417,12,43,299,361,382,205,360,942,702,166,231,1090,572,105,244,926,532,72,278,884,615,31,242,893,203,5,129,335,36,5,54,93,3055,641,2240,5932
SAL80130,0,0,80,80,0,7,54,63,64,45,59,162,123,24,46,192,109,24,37,166,59,15,53,128,71,10,30,110,58,3,34,89,11,0,11,18,491,127,398,1015,0,0,71,71,5,13,48,60,77,41,49,166,127,31,43,204,106,25,50,180,71,8,38,121,70,3,61,137,48,0,48,90,0,0,27,25,500,124,433,1055,0,0,149,149,5,22,103,123,143,84,104,328,246,55,95,396,212,49,92,350,131,22,88,247,144,12,87,246,103,3,80,183,13,0,32,47,994,246,832,2065
SAL80131,0,3,153,152,0,32,158,187,161,152,242,560,331,112,109,557,220,50,105,378,137,37,76,241,87,5,64,162,51,3,21,78,17,4,15,36,1009,399,943,2348,0,0,134,140,5,35,170,216,220,188,227,636,339,107,168,612,215,64,142,417,121,35,157,307,82,7,73,164,53,3,62,118,7,3,24,34,1041,437,1161,2638,0,8,289,295,8,65,322,401,385,340,467,1195,674,218,276,1166,431,113,246,794,255,68,231,553,171,14,141,322,100,5,83,195,20,3,41,64,2049,837,2100,4985
SAL80132,0,0,116,116,0,4,66,76,40,16,85,141,113,30,22,166,143,20,34,196,115,3,23,138,91,4,16,110,81,0,14,98,27,0,9,35,611,78,383,1077,0,0,92,92,6,8,66,72,49,24,49,129,136,25,23,179,142,21,37,196,109,0,26,138,95,0,44,143,74,0,24,103,7,0,29,37,619,81,386,1085,0,0,205,205,4,8,137,149,91,44,136,268,244,51,52,342,289,38,71,390,223,6,47,278,183,7,55,253,158,3,39,198,34,0,32,75,1226,159,776,2161
SAL80133,0,0,116,114,0,3,81,84,60,66,73,196,181,30,49,257,160,38,58,257,97,17,42,158,110,9,36,150,91,4,22,118,25,0,23,47,720,166,502,1386,0,0,80,83,3,7,78,91,89,60,54,194,192,30,57,280,150,37,78,269,119,16,48,189,89,12,88,187,71,3,74,147,6,0,32,41,723,166,590,1484,0,5,199,198,8,8,162,179,145,124,126,397,374,61,101,538,313,75,140,526,219,37,93,341,196,15,128,339,162,14,97,270,29,0,54,85,1446,337,1092,2870
SAL80134,0,0,0,0,0,0,0,0,0,0,0,0,0,0,0,6,0,0,0,0,0,0,0,0,0,0,0,0,0,0,0,0,0,0,0,0,0,0,4,3,0,0,0,0,0,0,0,0,0,0,0,0,0,0,0,0,0,0,0,0,0,0,0,0,0,0,0,0,0,0,0,0,0,0,0,0,0,0,0,0,0,0,0,0,0,0,0,0,0,0,0,0,0,0,0,6,0,0,0,0,0,0,0,0,0,0,0,0,0,0,0,0,0,0,0,0,0,0,4,4
SAL80135,0,0,61,68,4,29,86,117,145,105,196,444,265,44,78,383,120,17,45,179,61,13,26,99,41,0,11,58,14,0,0,20,5,0,0,5,646,216,506,1366,0,5,70,72,12,38,88,135,192,93,201,489,265,49,85,397,102,20,70,182,54,10,55,123,41,0,15,54,3,0,14,14,4,0,0,3,665,209,597,1473,0,7,132,141,9,70,178,251,339,202,392,933,531,93,166,781,212,41,109,366,115,23,85,224,80,0,29,113,17,0,10,25,5,0,0,9,1313,430,1099,2842
SAL80136,0,0,87,87,0,3,62,66,12,22,54,91,109,22,28,163,152,13,28,195,153,19,30,206,164,12,37,211,93,0,13,115,20,0,15,30,705,103,353,1164,0,0,79,84,0,0,67,69,33,28,47,106,129,22,23,181,157,16,32,199,158,17,52,224,165,13,75,250,59,4,61,120,9,0,43,49,701,103,480,1282,0,0,170,173,0,7,129,136,45,48,102,196,237,46,54,340,306,23,63,398,307,36,85,430,331,24,111,464,155,10,72,233,28,0,57,86,1411,205,831,2450
SAL89494,0,0,0,0,0,0,0,0,0,0,0,0,0,0,0,0,0,0,0,0,0,0,0,0,0,0,0,0,0,0,0,0,0,0,0,0,0,0,0,0,0,0,0,0,0,0,0,0,0,0,0,0,0,0,0,0,0,0,0,0,0,0,0,0,0,0,0,0,0,0,0,0,0,0,0,0,0,0,0,0,0,0,0,0,0,0,0,0,0,0,0,0,0,0,0,0,0,0,0,0,0,0,0,0,0,0,0,0,0,0,0,0,0,0,0,0,0,0,0,0
SAL89797,0,0,0,0,0,0,0,0,0,0,0,0,0,0,0,0,0,0,0,0,0,0,0,0,0,0,0,0,0,0,0,0,0,0,0,0,0,0,0,0,0,0,0,0,0,0,0,0,0,0,0,0,0,0,0,0,0,0,0,0,0,0,0,0,0,0,0,0,0,0,0,0,0,0,0,0,0,0,0,0,0,0,0,0,0,0,0,0,0,0,0,0,0,0,0,0,0,0,0,0,0,0,0,0,0,0,0,0,0,0,0,0,0,0,0,0,0,0,0,0
