SAL_CODE_2021,M_15_19_CF_Own_CCO,M_15_19_CF_Oth_CCO,M_15_19_CF_Own_CC_Oth_CC,M_15_19_CF_Total,M_15_19_DNPCC,M_15_19_UCC_NS,M_15_19_Total,M_20_24_CF_Own_CCO,M_20_24_CF_Oth_CCO,M_20_24_CF_Own_CC_Oth_CC,M_20_24_CF_Total,M_20_24_DNPCC,M_20_24_UCC_NS,M_20_24_Total,M_25_34_CF_Own_CCO,M_25_34_CF_Oth_CCO,M_25_34_CF_Own_CC_Oth_CC,M_25_34_CF_Total,M_25_34_DNPCC,M_25_34_UCC_NS,M_25_34_Total,M_35_44_CF_Own_CCO,M_35_44_CF_Oth_CCO,M_35_44_CF_Own_CC_Oth_CC,M_35_44_CF_Total,M_35_44_DNPCC,M_35_44_UCC_NS,M_35_44_Total,M_45_54_CF_Own_CCO,M_45_54_CF_Oth_CCO,M_45_54_CF_Own_CC_Oth_CC,M_45_54_CF_Total,M_45_54_DNPCC,M_45_54_UCC_NS,M_45_54_Total,M_55_64_CF_Own_CCO,M_55_64_CF_Oth_CCO,M_55_64_CF_Own_CC_Oth_CC,M_55_64_CF_Total,M_55_64_DNPCC,M_55_64_UCC_NS,M_55_64_Total,M_65_74_CF_Own_CCO,M_65_74_CF_Oth_CCO,M_65_74_CF_Own_CC_Oth_CC,M_65_74_CF_Total,M_65_74_DNPCC,M_65_74_UCC_NS,M_65_74_Total,M_75_84_CF_Own_CCO,M_75_84_CF_Oth_CCO,M_75_84_CF_Own_CC_Oth_CC,M_75_84_CF_Total,M_75_84_DNPCC,M_75_84_UCC_NS,M_75_84_Total,M_85ov_CF_Own_CCO,M_85ov_CF_Oth_CCO,M_85ov_CF_Own_CC_Oth_CC,M_85ov_CF_Total,M_85ov_DNPCC,M_85ov_UCC_NS,M_85ov_Total,M_Tot_CF_Own_CCO,M_Tot_CF_Oth_CCO,M_Tot_CF_Own_CC_Oth_CC,M_Tot_CF_Total,M_Tot_DNPCC,M_Tot_UCC_NS,M_Tot_Total,F_15_19_CF_Own_CCO,F_15_19_CF_Oth_CCO,F_15_19_CF_Own_CC_Oth_CC,F_15_19_CF_Total,F_15_19_DNPCC,F_15_19_UCC_NS,F_15_19_Total,F_20_24_CF_Own_CCO,F_20_24_CF_Oth_CCO,F_20_24_CF_Own_CC_Oth_CC,F_20_24_CF_Total,F_20_24_DNPCC,F_20_24_UCC_NS,F_20_24_Total,F_25_34_CF_Own_CCO,F_25_34_CF_Oth_CCO,F_25_34_CF_Own_CC_Oth_CC,F_25_34_CF_Total,F_25_34_DNPCC,F_25_34_UCC_NS,F_25_34_Total,F_35_44_CF_Own_CCO,F_35_44_CF_Oth_CCO,F_35_44_CF_Own_CC_Oth_CC,F_35_44_CF_Total,F_35_44_DNPCC,F_35_44_UCC_NS,F_35_44_Total,F_45_54_CF_Own_CCO,F_45_54_CF_Oth_CCO,F_45_54_CF_Own_CC_Oth_CC,F_45_54_CF_Total,F_45_54_DNPCC,F_45_54_UCC_NS,F_45_54_Total,F_55_64_CF_Own_CCO,F_55_64_CF_Oth_CCO,F_55_64_CF_Own_CC_Oth_CC,F_55_64_CF_Total,F_55_64_DNPCC,F_55_64_UCC_NS,F_55_64_Total,F_65_74_CF_Own_CCO,F_65_74_CF_Oth_CCO,F_65_74_CF_Own_CC_Oth_CC,F_65_74_CF_Total,F_65_74_DNPCC,F_65_74_UCC_NS,F_65_74_Total,F_75_84_CF_Own_CCO,F_75_84_CF_Oth_CCO,F_75_84_CF_Own_CC_Oth_CC,F_75_84_CF_Total,F_75_84_DNPCC,F_75_84_UCC_NS,F_75_84_Total,F_85ov_CF_Own_CCO,F_85ov_CF_Oth_CCO,F_85ov_CF_Own_CC_Oth_CC,F_85ov_CF_Total,F_85ov_DNPCC,F_85ov_UCC_NS,F_85ov_Total,F_Tot_CF_Own_CCO,F_Tot_CF_Oth_CCO,F_Tot_CF_Own_CC_Oth_CC,F_Tot_CF_Total,F_Tot_DNPCC,F_Tot_UCC_NS,F_Tot_Total,P_15_19_CF_Own_CCO,P_15_19_CF_Oth_CCO,P_15_19_CF_Own_CC_Oth_CC,P_15_19_CF_Total,P_15_19_DNPCC,P_15_19_UCC_NS,P_15_19_Total,P_20_24_CF_Own_CCO,P_20_24_CF_Oth_CCO,P_20_24_CF_Own_CC_Oth_CC,P_20_24_CF_Total,P_20_24_DNPCC,P_20_24_UCC_NS,P_20_24_Total,P_25_34_CF_Own_CCO,P_25_34_CF_Oth_CCO,P_25_34_CF_Own_CC_Oth_CC,P_25_34_CF_Total,P_25_34_DNPCC,P_25_34_UCC_NS,P_25_34_Total,P_35_44_CF_Own_CCO,P_35_44_CF_Oth_CCO,P_35_44_CF_Own_CC_Oth_CC,P_35_44_CF_Total,P_35_44_DNPCC,P_35_44_UCC_NS,P_35_44_Total,P_45_54_CF_Own_CCO,P_45_54_CF_Oth_CCO,P_45_54_CF_Own_CC_Oth_CC,P_45_54_CF_Total,P_45_54_DNPCC,P_45_54_UCC_NS,P_45_54_Total,P_55_64_CF_Own_CCO,P_55_64_CF_Oth_CCO,P_55_64_CF_Own_CC_Oth_CC,P_55_64_CF_Total,P_55_64_DNPCC,P_55_64_UCC_NS,P_55_64_Total,P_65_74_CF_Own_CCO,P_65_74_CF_Oth_CCO,P_65_74_CF_Own_CC_Oth_CC,P_65_74_CF_Total,P_65_74_DNPCC,P_65_74_UCC_NS,P_65_74_Total,P_75_84_CF_Own_CCO,P_75_84_CF_Oth_CCO,P_75_84_CF_Own_CC_Oth_CC,P_75_84_CF_Total,P_75_84_DNPCC,P_75_84_UCC_NS,P_75_84_Total,P_85ov_CF_Own_CCO,P_85ov_CF_Oth_CCO,P_85ov_CF_Own_CC_Oth_CC,P_85ov_CF_Total
SAL80001,0,0,0,0,0,0,0,0,0,0,0,0,0,0,0,0,0,0,0,0,0,0,0,0,0,0,0,0,3,0,0,3,0,0,7,0,0,0,0,0,0,0,0,0,0,0,0,0,0,0,0,0,0,0,0,0,0,0,0,0,0,0,0,3,0,0,3,3,5,11,0,0,0,0,3,0,7,0,0,0,0,0,0,0,0,0,0,0,5,0,7,3,0,0,3,0,0,5,0,0,0,0,0,4,3,0,0,0,0,0,0,3,0,0,0,0,0,0,0,0,0,0,0,0,0,0,0,0,0,0,0,0,0,8,0,0,8,8,6,17,0,0,0,0,6,5,7,0,0,0,0,0,0,0,0,0,0,0,8,0,8,3,0,0,3,0,0,6,5,0,0,5,3,3,13,0,0,0,0,0,0,3,0,0,0,0,0,0,0,0,0,0,0,0,0,0,0,0,0,0
SAL80002,0,0,0,0,0,3,3,0,0,0,0,4,0,0,3,0,0,3,0,0,4,0,0,0,0,4,0,4,0,0,0,0,7,0,10,0,0,0,0,4,0,5,0,0,0,0,0,0,0,0,0,0,0,0,0,0,0,0,0,0,0,0,0,7,0,0,8,13,9,24,0,0,0,0,5,0,0,0,0,0,0,0,0,0,7,0,0,7,0,0,9,0,0,0,0,0,0,0,0,0,0,0,0,0,3,0,3,0,3,4,0,3,0,0,0,0,0,0,0,0,0,0,0,0,0,0,0,0,0,0,0,0,0,7,3,0,8,5,5,19,0,0,0,0,5,6,9,0,0,0,0,4,0,0,11,0,0,11,4,0,11,0,0,0,0,6,0,0,0,0,0,0,7,7,13,0,3,0,3,7,3,13,0,0,0,0,0,0,0,0,0,0,0,0,0,0,0,0,0,0
SAL80003,0,0,0,0,0,0,0,0,0,0,0,0,0,0,0,0,0,0,0,0,0,0,0,0,0,0,0,0,0,0,0,0,0,0,0,0,0,0,0,0,0,0,0,0,0,0,0,0,0,0,0,0,0,0,0,0,0,0,0,0,0,0,0,0,0,0,0,0,0,0,0,0,0,0,0,0,0,0,0,0,0,0,0,0,0,0,0,0,0,0,0,0,0,0,0,0,0,0,0,0,0,0,0,0,0,0,0,0,0,0,0,0,0,0,0,0,0,0,0,0,0,0,0,0,0,0,0,0,0,0,0,0,0,0,0,0,0,0,0,0,0,0,0,0,0,0,0,0,0,0,0,0,0,0,0,0,0,0,0,0,0,0,0,0,0,0,0,0,0,0,0,0,0,0,0,0,0,0,0,0,0,0,0,0,0,0,0,0,0,0,0,0,0,0,0,0,0,0,0,0
SAL80004,0,0,0,0,0,0,0,0,0,0,0,0,0,0,0,0,0,0,0,0,0,0,0,0,0,0,0,0,0,0,0,0,0,0,0,0,0,0,0,0,0,0,0,0,0,0,0,0,0,0,0,0,0,0,0,0,0,0,0,0,0,0,0,0,0,0,5,4,0,0,0,0,0,0,0,0,0,0,0,0,0,0,0,0,0,0,0,0,0,0,0,0,0,0,0,0,0,0,0,0,0,0,0,0,0,0,0,0,0,0,0,0,0,0,0,0,0,0,0,0,0,0,0,0,0,0,0,0,0,0,0,0,0,0,0,0,3,3,0,3,0,0,0,0,0,0,0,0,0,0,0,0,0,0,0,0,0,0,0,0,0,0,0,0,0,0,0,0,0,0,0,0,0,0,6,0,0,0,0,4,0,4,0,0,0,0,0,0,0,0,3,0,3,0,0,3,0,0,0,0
SAL80005,0,0,0,0,0,0,0,0,0,0,0,0,0,0,0,0,0,0,0,0,0,0,0,0,0,0,0,0,0,0,0,0,0,0,0,0,0,0,0,0,0,0,0,0,0,0,0,0,0,0,0,0,0,0,0,0,0,0,0,0,0,0,0,0,0,0,0,0,0,0,0,0,0,0,0,0,0,0,0,0,0,0,0,0,0,0,0,0,0,0,0,0,0,0,0,0,0,0,0,0,0,0,0,0,0,0,0,0,0,0,0,0,0,0,0,0,0,0,0,0,0,0,0,0,0,0,0,0,0,0,0,0,0,0,0,0,0,0,0,0,0,0,0,0,0,0,0,0,0,0,0,0,0,0,0,0,0,0,0,0,0,0,0,0,0,0,0,0,0,0,0,0,0,0,0,0,0,0,0,0,0,0,0,0,0,0,0,0,0,0,0,0,0,0,0,0,0,0,0,0
SAL80006,0,0,0,0,0,7,7,0,0,0,0,0,0,0,0,0,0,0,0,0,0,0,0,0,0,0,0,0,0,0,0,0,0,0,0,0,0,0,0,0,0,0,0,0,0,0,0,0,0,0,0,0,0,0,0,0,0,0,0,0,0,0,0,0,0,0,0,4,7,10,0,0,0,0,0,0,0,0,0,0,0,0,0,0,0,0,0,0,0,0,0,0,0,0,0,0,0,4,0,0,0,0,0,0,0,0,0,0,0,0,0,4,0,0,0,0,0,0,0,0,0,0,0,0,0,0,0,0,0,0,0,0,0,4,0,0,4,0,0,3,0,0,0,0,0,7,7,0,0,0,0,0,0,0,0,0,0,0,0,0,0,0,0,0,0,0,0,0,0,0,0,0,0,0,0,0,0,0,0,0,0,4,0,0,0,0,0,0,0,0,0,0,0,0,0,0,0,0,0,0
SAL80007,0,0,0,0,0,0,0,0,0,0,0,0,0,0,0,0,0,0,0,0,0,0,0,0,0,0,0,0,0,0,0,0,0,0,0,0,0,0,0,0,0,0,0,0,0,0,0,0,0,0,0,0,0,0,0,0,0,0,0,0,0,0,0,0,0,0,0,0,0,0,0,0,0,0,0,0,0,0,0,0,0,0,0,0,0,0,0,0,0,0,0,0,0,0,0,0,0,0,0,0,0,0,0,0,0,0,0,0,0,0,0,0,0,0,0,0,0,0,0,0,0,0,0,0,0,0,0,0,0,0,0,0,0,0,0,0,0,0,0,0,0,0,0,0,0,0,0,0,0,0,0,0,0,0,0,0,0,0,0,0,0,0,0,0,0,0,0,0,0,0,0,0,0,0,0,0,0,0,0,0,0,0,0,0,0,0,0,0,0,0,0,0,0,0,0,0,0,0,0,0
SAL80008,0,0,0,0,0,0,0,0,0,0,0,3,5,5,0,0,0,0,6,3,13,0,0,0,0,0,6,7,0,0,0,0,6,0,6,0,0,0,0,0,0,0,0,0,0,0,0,0,0,0,0,0,0,0,0,0,0,0,0,0,0,0,0,0,0,0,0,22,13,38,0,0,0,0,0,0,0,0,0,0,0,0,0,4,0,0,0,0,0,0,0,0,0,0,0,0,4,4,0,0,0,0,0,0,0,0,0,0,0,0,0,0,0,0,0,0,0,0,0,0,0,0,0,0,0,0,0,0,0,0,0,0,0,0,0,0,0,12,3,13,0,0,0,0,6,0,6,0,0,0,0,7,5,13,0,0,0,0,7,3,17,0,0,0,0,3,4,15,4,0,0,4,7,0,11,0,0,0,0,0,0,0,0,0,0,0,0,0,0,0,0,0,0,0,0,0,0,0,0,0
SAL80009,0,0,0,0,0,0,0,0,0,0,0,0,0,0,0,0,0,0,0,0,0,0,0,0,0,0,0,0,0,0,0,0,0,0,0,0,0,0,0,0,0,0,0,0,0,0,0,0,0,0,0,0,0,0,0,0,0,0,0,0,0,0,0,3,0,0,3,11,0,9,0,0,0,0,0,0,0,0,0,0,0,0,0,0,0,0,0,0,0,0,3,0,0,0,0,0,0,0,6,0,0,6,0,0,6,0,0,0,0,0,0,6,0,0,0,0,0,0,0,0,0,0,0,0,0,0,0,0,0,0,0,0,0,6,0,0,6,3,0,11,0,0,0,0,0,0,0,0,0,0,0,0,0,0,0,0,0,0,4,0,3,0,0,0,0,0,0,0,3,0,0,3,0,0,7,0,0,0,0,6,3,6,0,0,0,0,0,0,0,0,0,0,0,0,0,0,0,0,0,0
SAL80010,0,0,0,0,16,7,18,0,0,0,0,26,9,41,0,0,0,0,26,9,39,5,0,0,5,0,0,5,0,0,0,0,4,0,6,0,0,0,0,4,0,4,0,0,0,0,4,0,0,0,0,0,0,0,0,0,0,0,0,0,0,0,4,5,0,0,6,80,26,116,0,0,0,0,3,0,3,0,0,0,0,9,3,13,0,0,0,0,5,8,16,0,0,0,0,3,0,3,0,0,0,0,5,4,8,0,0,0,0,6,0,6,0,0,0,0,0,0,0,0,0,0,0,0,0,0,0,0,0,0,0,0,0,3,0,0,3,29,12,44,0,0,0,0,17,7,17,0,4,0,4,34,15,50,0,0,0,3,31,17,46,5,0,0,5,4,4,8,5,0,0,5,5,3,12,0,0,0,0,5,0,5,0,0,0,0,4,0,0,0,0,0,0,3,0,3,0,0,0,0
SAL80011,0,0,0,0,0,0,0,0,0,0,0,0,0,0,0,0,0,0,0,0,0,0,0,0,0,0,0,0,0,0,0,0,0,0,0,0,0,0,0,0,0,0,0,0,0,0,6,0,4,0,0,0,0,0,0,0,0,0,0,0,0,0,0,0,0,0,0,4,0,4,0,0,0,0,0,0,0,0,0,0,0,0,0,0,0,0,0,0,0,0,0,0,0,0,0,0,0,0,0,0,0,0,0,0,0,0,0,0,0,0,0,0,0,0,0,0,3,0,5,0,0,0,0,0,0,0,0,0,0,0,0,0,0,0,0,0,0,5,0,7,0,0,0,0,0,0,0,0,0,0,0,0,0,0,0,0,0,0,0,0,0,0,0,0,0,5,0,5,0,0,0,0,0,0,0,0,0,0,0,0,4,4,0,0,0,0,5,5,5,0,0,0,0,0,0,0,0,0,0,0
SAL80012,0,0,0,0,0,0,0,0,0,0,0,5,0,6,0,0,0,0,3,0,8,3,0,0,3,0,0,3,0,0,0,0,3,0,3,0,0,0,0,3,0,3,0,0,0,0,6,4,8,0,0,0,0,0,0,0,0,0,0,0,0,0,0,10,0,0,10,24,3,31,0,0,0,0,0,0,0,0,0,0,0,4,0,4,3,0,0,3,3,0,9,3,0,0,3,0,0,3,0,0,0,0,0,0,4,0,0,0,3,3,0,10,0,0,0,0,4,0,6,0,0,0,0,0,0,0,0,0,0,0,0,0,0,6,4,0,13,15,3,35,0,0,0,0,0,0,0,0,0,0,0,7,0,11,8,0,0,8,9,0,20,5,0,0,5,0,0,5,0,0,0,5,3,0,10,3,0,0,4,9,0,16,0,0,0,0,8,5,12,0,0,0,0,0,0,0,0,0,0,0
SAL80013,0,0,0,0,0,0,0,0,0,0,0,0,0,0,0,0,0,0,0,0,0,0,0,0,0,0,0,0,0,0,0,0,0,0,0,0,0,0,0,0,0,0,0,0,0,0,0,0,0,0,0,0,0,0,0,0,0,0,0,0,0,0,0,0,0,0,0,0,0,0,0,0,0,0,0,0,0,0,0,0,0,0,0,0,0,0,0,0,0,0,0,0,0,0,0,0,0,0,0,0,0,0,0,0,0,0,0,0,0,0,0,0,0,0,0,0,0,0,0,0,0,0,0,0,0,0,0,0,0,0,0,0,0,0,0,0,0,0,0,0,0,0,0,0,0,0,0,0,0,0,0,0,0,0,0,0,0,0,0,0,0,0,0,0,0,0,0,0,0,0,0,0,0,0,0,0,0,0,0,0,0,0,0,0,0,0,0,0,0,0,0,0,0,0,0,0,0,0,0,0
SAL80014,0,0,0,0,3,0,3,0,0,0,0,0,0,0,0,0,0,0,0,0,0,3,0,0,10,4,0,12,0,0,0,0,0,0,4,0,0,0,0,0,0,7,0,0,0,0,3,0,3,0,0,0,0,0,0,0,0,0,0,0,0,0,0,9,0,0,12,14,0,24,0,0,0,0,5,0,5,0,0,0,0,5,0,5,0,0,0,0,0,0,0,6,0,0,6,0,0,10,0,0,0,0,0,0,4,0,0,0,0,0,0,4,0,0,0,0,0,0,0,0,0,0,0,0,0,0,0,0,0,0,0,0,0,10,0,0,10,16,4,27,0,0,0,0,6,0,6,0,0,0,0,3,0,5,5,0,0,5,0,0,7,14,0,0,16,5,0,18,0,0,0,0,3,4,6,0,0,0,0,0,0,8,0,0,0,0,3,0,3,0,0,0,0,0,0,0,0,0,0,0
SAL80015,0,0,0,0,0,0,0,0,0,0,0,0,0,0,0,0,0,0,0,0,0,0,0,0,0,0,0,3,0,0,0,0,3,0,3,0,0,0,0,5,0,8,0,0,0,0,4,5,10,0,0,0,0,0,0,0,0,0,0,0,0,0,0,3,0,0,3,15,7,25,0,0,0,0,0,0,0,0,0,0,0,3,0,3,0,0,0,0,6,0,5,0,0,0,0,0,0,0,0,0,0,0,3,3,5,0,0,0,0,3,0,3,0,0,0,0,0,0,6,0,0,0,0,0,0,0,0,0,0,0,0,0,0,6,5,0,10,12,0,23,0,0,0,0,0,0,0,0,0,0,0,3,0,3,0,0,0,0,5,0,6,4,0,0,4,0,0,5,0,0,0,0,7,3,14,0,0,0,3,4,0,12,0,0,0,0,7,7,13,0,0,0,0,0,0,0,0,0,0,0
SAL80016,0,0,0,0,0,0,0,0,0,0,0,0,0,0,0,0,0,0,0,0,0,0,0,0,0,0,0,0,0,0,0,0,0,0,0,0,0,0,0,0,0,0,0,0,0,0,0,0,0,0,0,0,0,0,0,0,0,0,0,0,0,0,0,0,0,0,0,0,0,0,0,0,0,0,0,0,0,0,0,0,0,0,0,0,0,0,0,0,0,0,0,0,0,0,0,0,0,0,0,0,0,0,0,0,0,0,0,0,0,0,0,0,0,0,0,0,0,0,0,0,0,0,0,0,0,0,0,0,0,0,0,0,0,0,0,0,0,0,0,0,0,0,0,0,0,0,0,0,0,0,0,0,0,0,0,0,0,0,0,0,0,0,0,0,0,0,0,0,0,0,0,0,0,0,0,0,0,0,0,0,0,0,0,0,0,0,0,0,0,0,0,0,0,0,0,0,0,0,0,0
SAL80017,0,7,0,7,469,99,573,0,5,0,5,421,97,525,0,0,0,0,133,15,152,0,0,0,0,26,0,23,0,0,0,0,0,0,0,0,0,0,0,4,0,0,0,0,0,0,0,0,0,0,0,0,0,0,0,0,0,0,0,0,0,0,0,0,12,0,15,1052,211,1279,0,12,0,12,702,159,878,0,7,0,7,428,107,540,0,0,0,0,105,11,116,0,0,0,0,26,6,28,0,0,0,0,4,0,8,0,0,0,0,0,0,0,0,0,0,0,0,0,0,0,0,0,0,0,0,0,0,0,0,0,0,0,0,5,17,0,20,1259,290,1566,0,24,0,24,1166,259,1450,0,7,0,7,851,207,1060,0,0,0,0,244,28,267,0,0,0,4,43,3,51,0,0,0,0,8,0,7,0,0,0,0,4,0,0,0,0,0,0,0,0,0,0,0,0,0,0,0,0,0,0,0,0
SAL80018,0,5,0,5,134,7,144,0,0,0,0,159,7,163,38,7,0,50,249,3,300,171,9,9,185,117,12,315,139,5,9,148,181,8,341,34,11,0,47,261,18,334,3,46,0,48,181,10,238,0,8,0,8,118,7,130,0,0,0,0,86,8,99,389,96,16,504,1485,81,2071,0,9,0,9,136,8,148,5,8,0,15,209,6,232,44,10,5,63,228,17,302,231,15,18,259,108,8,375,156,5,11,176,207,14,397,24,36,0,55,279,13,354,0,77,0,79,188,9,274,0,14,0,14,158,12,185,0,0,0,0,137,10,154,457,173,34,670,1646,95,2415,0,14,0,14,269,10,297,5,9,0,11,367,9,391,84,21,5,112,470,21,603,401,15,29,446,224,21,694,299,15,19,326,387,19,736,57,51,0,110,548,33,690,3,122,0,126,370,25,515,0,20,0,20,278,19,311,0,3,0,3
SAL80019,0,5,0,10,231,6,246,0,11,0,12,184,9,203,95,12,0,108,266,29,407,275,6,8,290,144,21,453,199,10,4,210,300,10,528,35,22,0,54,206,5,270,4,30,0,32,113,6,148,0,7,0,7,52,0,58,0,0,0,0,16,0,15,611,99,15,724,1515,88,2323,0,15,0,16,216,10,243,5,11,0,16,167,12,196,149,14,3,163,202,17,378,344,14,14,368,113,14,499,191,16,12,213,306,13,535,18,40,0,56,230,5,295,4,49,0,52,116,0,170,0,9,0,5,76,3,87,0,0,0,0,18,0,18,712,161,25,902,1449,68,2422,0,25,0,25,448,18,488,9,20,0,23,352,17,396,250,21,0,273,468,45,784,624,19,24,662,261,34,957,392,27,9,430,606,23,1062,44,70,0,115,441,6,562,9,76,0,84,228,7,316,0,5,0,8,126,5,139,0,0,0,0
SAL80020,0,3,0,3,59,0,63,0,6,0,6,81,7,93,23,0,0,23,117,5,144,99,0,6,101,45,4,153,92,0,3,93,62,4,165,17,10,0,23,130,4,160,4,12,0,12,84,0,105,0,9,0,9,81,3,93,0,0,0,0,24,0,28,228,39,11,281,688,37,1003,0,6,0,6,72,3,82,0,5,0,8,59,4,70,32,6,0,40,80,0,127,128,5,11,142,37,8,190,83,3,10,91,86,3,172,10,14,0,25,151,7,177,0,30,0,30,92,6,139,0,13,0,13,85,5,101,0,3,0,3,30,0,36,253,86,20,355,698,38,1090,0,6,0,6,135,3,142,0,10,0,13,143,7,164,60,6,0,66,197,8,270,228,9,15,251,83,15,345,175,9,13,189,149,5,340,22,21,0,50,281,11,339,6,42,0,51,179,13,241,0,17,0,17,172,9,197,0,3,0,3
SAL80021,0,6,0,6,172,10,188,3,10,0,15,151,3,170,109,3,0,112,236,20,371,200,3,9,216,128,21,372,107,20,3,125,252,9,389,19,32,0,50,248,5,301,4,18,0,25,100,0,128,3,13,0,10,52,3,70,0,0,0,0,9,0,13,449,110,10,567,1354,75,1993,0,17,0,17,150,3,167,9,14,0,30,144,4,174,155,18,3,177,197,19,384,259,11,10,278,116,12,406,90,38,5,129,252,9,388,3,69,0,74,211,4,290,0,34,0,34,103,3,147,0,6,0,9,50,0,60,0,0,0,0,17,0,17,516,207,20,744,1232,50,2029,0,29,0,29,311,12,348,16,27,0,45,296,10,351,260,20,10,286,427,34,754,461,16,18,492,243,35,772,194,57,4,252,506,17,773,24,108,0,131,457,7,591,4,55,0,58,208,7,271,3,15,0,17,102,8,128,0,0,0,0
SAL80022,0,0,0,0,27,0,27,0,0,0,0,39,5,45,11,3,0,13,219,23,258,28,0,0,28,87,26,139,23,0,0,25,91,18,129,3,4,0,8,105,12,125,4,19,0,23,74,11,111,0,4,0,4,39,7,51,0,0,0,0,3,0,3,69,30,0,97,686,105,892,0,0,0,0,13,0,13,0,0,0,0,73,9,79,14,3,0,25,202,36,264,37,0,0,43,91,17,154,19,0,0,23,94,16,135,0,14,0,18,87,10,113,0,27,0,27,83,10,124,0,8,0,8,27,5,33,0,0,0,0,8,0,6,77,66,4,143,673,104,918,0,0,0,0,35,0,39,0,0,0,0,108,14,128,29,8,0,34,425,61,518,64,0,0,65,181,41,292,44,4,0,49,182,35,262,7,20,0,28,190,26,241,4,53,0,53,159,23,233,0,14,0,14,65,10,87,0,0,0,0
SAL80023,0,0,0,0,0,0,0,0,0,0,0,0,0,0,0,0,0,0,0,0,0,0,0,0,0,0,0,4,0,0,0,0,0,0,0,0,0,0,0,0,0,0,0,0,0,0,0,0,0,0,0,0,0,0,0,0,0,0,0,0,0,0,0,0,0,0,0,0,0,0,0,0,0,0,0,0,0,0,0,0,0,0,0,0,0,0,0,0,0,0,0,0,0,0,0,0,0,0,0,0,0,0,0,0,0,0,0,0,0,0,0,0,0,0,0,0,0,0,0,0,0,0,0,0,0,0,0,0,0,0,0,0,0,0,0,0,0,0,0,0,0,0,0,0,0,0,0,0,0,0,0,0,0,0,0,0,0,0,0,0,0,3,0,0,3,0,0,5,0,0,0,0,0,0,0,0,0,0,0,0,0,0,0,0,0,0,0,0,0,0,0,0,0,0,0,0,0,0,0,0
SAL80024,0,0,0,0,110,10,114,5,12,0,11,567,33,612,118,19,0,139,1387,84,1615,209,9,0,215,407,39,664,54,3,0,61,242,20,325,12,13,0,25,172,13,205,3,20,0,27,112,3,142,0,10,0,14,87,3,106,0,0,0,0,62,0,65,401,84,7,490,3145,208,3844,0,12,0,11,98,0,116,11,18,0,30,641,45,709,193,26,3,227,1284,88,1600,177,14,6,196,325,23,549,54,12,0,62,193,18,271,9,29,0,39,153,7,203,0,40,0,42,135,8,187,0,12,0,12,147,7,169,0,0,0,0,110,3,119,441,165,15,630,3090,204,3923,0,12,0,9,206,8,229,16,23,0,39,1210,77,1325,313,48,10,364,2677,180,3216,380,29,9,414,728,60,1209,106,17,0,124,433,39,592,25,41,0,63,328,21,410,4,62,0,70,247,13,324,0,19,0,24,233,13,272,0,0,0,0
SAL80025,0,8,0,9,212,15,237,3,10,0,10,189,10,212,130,14,0,147,372,39,550,451,15,19,482,279,38,792,173,9,4,187,250,19,457,21,10,0,29,135,3,175,6,20,0,17,76,3,102,0,3,0,3,33,0,40,0,0,0,0,3,0,11,779,82,21,889,1554,127,2571,3,21,0,25,197,9,229,12,23,0,37,168,21,223,236,25,5,264,293,33,593,502,15,26,540,238,33,811,137,20,7,163,255,6,425,9,25,0,34,132,3,169,3,32,0,35,86,4,122,0,6,0,13,38,0,55,0,0,0,0,5,0,5,902,170,43,1110,1414,112,2635,0,34,0,35,410,20,463,18,30,0,47,358,27,427,369,34,10,410,662,70,1150,951,27,36,1021,515,67,1603,312,27,10,347,510,27,890,29,38,0,66,270,9,345,6,50,0,57,161,9,222,0,12,0,17,73,3,92,0,0,0,0
SAL80026,0,5,0,5,121,9,128,4,6,0,8,107,7,119,61,7,4,69,160,13,239,125,0,7,134,118,11,265,96,12,0,102,138,18,253,17,17,0,34,194,6,234,4,22,0,23,129,0,149,0,12,0,12,40,3,50,0,0,0,0,16,0,16,299,75,10,388,1009,62,1457,0,8,0,8,110,9,121,6,8,0,11,93,3,111,101,13,7,121,146,12,277,164,4,10,177,85,11,271,68,19,0,93,188,9,293,3,46,0,47,212,5,269,0,42,0,48,133,9,187,0,12,0,11,89,0,101,0,0,0,0,25,0,27,345,146,18,510,1101,46,1658,0,12,0,12,229,13,251,9,13,0,15,199,9,231,158,18,7,189,307,18,514,292,6,21,317,202,21,536,164,27,0,196,325,28,546,24,62,0,89,407,10,502,0,66,0,69,263,6,336,0,20,0,17,129,5,157,0,0,0,0
SAL80027,0,0,0,0,43,3,46,0,8,0,5,430,28,465,50,22,0,69,1134,85,1284,99,15,0,117,422,27,565,41,8,3,55,183,17,253,16,7,0,17,186,7,210,0,21,0,21,100,7,130,0,10,0,10,52,0,59,0,0,0,0,13,0,13,206,80,6,289,2552,182,3025,0,0,0,0,49,3,57,5,10,0,15,551,27,595,65,32,3,99,1119,63,1290,110,17,7,129,305,23,463,36,12,0,49,173,7,220,0,13,0,19,152,7,181,0,31,0,31,92,6,131,0,5,0,5,49,6,66,0,0,0,0,28,0,29,217,121,12,350,2525,147,3027,0,0,0,0,93,8,103,8,17,0,22,984,56,1062,121,43,3,169,2250,149,2572,208,34,7,250,732,52,1028,79,17,3,102,349,21,471,19,23,0,38,336,16,391,0,47,0,47,194,14,263,0,13,0,13,107,8,127,0,0,0,0
SAL80028,0,6,0,8,224,10,243,3,14,0,13,542,20,571,69,20,0,87,893,32,1019,187,6,0,197,273,22,491,97,3,3,106,169,7,280,16,14,0,24,174,14,214,6,40,0,48,151,13,208,0,14,0,14,97,8,118,0,0,0,0,47,3,53,374,117,5,501,2572,123,3192,0,13,0,12,293,17,321,4,26,0,30,690,37,768,118,28,8,149,763,40,949,204,18,17,236,237,12,488,83,9,5,96,189,9,290,10,28,0,33,214,10,261,0,64,0,72,156,7,235,0,16,0,16,133,4,148,0,0,0,0,78,6,83,419,201,21,655,2750,143,3541,6,19,0,25,521,26,565,8,43,0,51,1230,60,1339,192,45,8,243,1655,69,1970,391,24,14,437,508,34,973,179,10,9,202,357,16,574,22,38,0,60,393,26,472,8,108,0,114,306,16,437,0,28,0,26,230,7,265,0,0,0,0
SAL80029,0,12,0,12,143,4,164,9,5,0,13,168,4,182,119,11,0,128,254,16,401,210,7,11,236,120,22,376,128,10,3,143,215,11,370,25,48,0,75,318,11,403,0,32,0,32,182,3,221,0,3,0,3,79,9,87,0,0,0,0,29,3,32,493,127,16,636,1508,84,2226,0,17,0,17,152,0,172,13,13,3,28,144,11,183,165,19,15,197,203,8,407,218,7,21,244,103,11,365,109,24,9,136,249,3,394,4,97,0,100,330,4,438,0,59,0,57,177,8,244,0,6,0,6,94,14,115,0,0,0,0,55,8,66,509,237,46,796,1500,78,2375,0,28,0,28,296,8,335,18,15,3,35,310,15,370,281,24,17,327,453,28,810,427,14,33,476,225,33,734,236,39,11,277,464,14,759,31,141,0,173,644,21,835,5,91,0,93,355,12,465,0,6,0,6,168,25,197,0,0,0,0
SAL80030,0,7,0,7,394,54,453,0,10,0,10,765,157,939,48,8,0,59,445,99,599,147,0,4,148,162,38,342,127,7,0,134,166,36,340,29,18,4,50,214,30,298,3,32,0,34,157,18,209,0,19,0,14,85,4,104,0,0,0,0,35,6,42,351,101,4,459,2422,439,3324,0,15,0,15,218,24,251,6,17,0,16,414,56,494,70,9,0,79,352,30,464,178,9,6,195,111,10,318,121,18,5,140,184,10,330,15,46,0,60,232,5,294,0,61,0,61,128,6,190,0,17,0,12,94,7,120,0,0,0,0,64,9,78,385,186,14,581,1795,159,2544,0,21,0,21,605,79,706,6,26,0,27,1185,218,1426,126,20,0,141,802,130,1065,317,9,6,344,275,52,662,248,22,10,274,351,41,674,41,66,4,111,448,34,583,3,98,0,104,282,22,406,0,34,0,32,183,13,227,0,0,0,0
SAL80031,0,0,0,0,0,0,0,0,0,0,0,0,0,3,0,0,0,0,7,0,8,4,0,0,4,3,4,12,0,0,0,0,6,3,8,0,0,0,0,3,7,15,0,0,0,0,0,0,0,0,0,0,0,0,0,4,0,0,0,0,0,0,0,12,5,0,12,24,20,56,0,0,0,0,0,3,10,0,0,0,0,6,0,3,0,0,0,0,4,0,6,8,0,0,8,5,5,17,3,0,0,3,6,0,8,0,0,0,0,4,0,4,0,0,0,0,0,0,0,0,0,0,0,3,0,3,0,0,0,0,0,0,0,8,0,0,16,32,13,52,0,0,0,0,0,3,9,0,0,0,0,6,3,5,0,0,0,0,13,5,17,10,0,0,10,7,11,24,8,0,0,8,8,3,16,0,3,0,3,11,10,22,0,0,0,0,0,3,3,0,0,0,0,3,0,4,0,0,0,0
SAL80032,0,0,0,0,0,0,0,0,0,0,0,0,0,0,0,0,0,0,0,0,0,0,0,0,0,0,0,0,0,0,0,0,0,0,0,0,0,0,0,0,0,0,0,0,0,0,0,0,0,0,0,0,0,0,0,0,0,0,0,0,0,0,0,0,0,0,0,0,0,0,0,0,0,0,0,0,0,0,0,0,0,0,0,0,0,0,0,0,0,0,0,0,0,0,0,0,0,0,0,0,0,0,0,0,0,0,0,0,0,0,0,0,0,0,0,0,0,0,0,0,0,0,0,0,0,0,0,0,0,0,0,0,3,0,0,0,0,0,3,3,0,0,0,0,0,0,0,0,0,0,0,0,0,0,0,0,0,0,0,0,0,0,0,0,0,0,0,0,0,0,0,0,0,0,0,0,0,0,0,0,0,0,0,0,0,0,0,0,0,0,0,0,0,0,0,0,0,0,0,0
SAL80033,0,9,0,9,156,4,177,6,3,0,13,151,6,169,154,8,5,162,364,30,550,439,6,7,451,272,24,752,130,4,0,135,207,7,350,16,16,0,28,154,9,193,0,29,0,27,73,9,109,0,3,0,3,22,0,32,0,0,0,0,5,0,5,744,80,11,831,1412,90,2333,0,11,0,12,145,0,158,11,12,0,22,157,6,184,279,21,5,306,332,24,658,458,15,10,489,211,16,716,118,17,0,132,221,10,365,8,54,0,61,163,7,233,0,45,0,44,62,4,111,0,5,0,5,21,0,30,0,0,0,0,9,0,9,873,173,16,1064,1324,71,2463,0,22,0,27,301,4,337,13,18,0,27,309,12,351,429,28,5,466,694,50,1211,900,24,19,939,486,44,1472,246,19,5,267,428,20,717,24,64,0,86,314,18,423,6,69,0,76,138,9,226,0,9,0,9,50,0,56,0,0,0,0
SAL80034,0,4,0,4,95,0,95,0,3,0,3,64,3,68,8,3,0,19,54,5,71,104,4,5,111,46,5,158,91,3,0,103,106,0,202,14,15,0,38,142,5,184,4,37,0,44,133,8,181,0,16,0,17,99,12,128,0,0,0,0,27,5,31,230,88,11,325,759,34,1119,0,12,0,12,79,0,90,0,7,0,7,51,0,61,14,4,0,20,56,5,76,124,0,7,136,51,3,192,101,4,3,109,111,0,227,6,27,0,35,162,3,206,3,61,0,64,130,9,199,0,25,0,25,112,14,148,0,0,0,0,33,0,32,248,139,14,402,795,31,1231,0,11,0,11,173,0,186,0,3,0,3,118,5,127,25,9,0,38,106,6,152,231,10,13,247,97,9,351,196,5,8,209,215,0,431,26,43,4,74,306,6,390,0,101,0,105,260,11,381,0,45,0,42,210,21,273,0,0,0,0
SAL80035,0,6,0,6,77,6,92,4,0,0,4,70,0,79,69,0,3,75,163,18,254,109,4,5,114,116,13,239,60,6,5,68,112,8,192,14,12,0,24,99,3,119,3,9,0,20,91,4,113,0,4,0,4,42,3,53,0,0,0,0,8,0,13,256,45,8,313,784,57,1158,0,14,0,14,61,0,78,4,8,0,11,63,6,81,97,12,3,108,114,21,242,140,11,8,161,103,7,268,64,13,0,73,116,10,197,5,24,0,32,135,4,170,0,37,0,33,91,7,132,0,5,0,5,56,0,60,0,0,0,0,18,0,19,320,111,12,440,757,53,1251,0,16,0,16,144,8,170,9,8,0,14,138,4,158,167,14,3,183,274,38,495,251,10,12,277,215,17,505,123,14,5,141,226,22,391,18,37,0,52,232,5,293,4,47,0,52,182,5,241,0,14,0,14,96,7,111,0,0,0,0
SAL80036,0,3,0,3,63,3,65,0,0,0,0,82,4,85,37,7,0,40,197,6,247,91,0,0,94,94,5,193,56,3,0,57,97,8,166,13,8,0,23,114,6,137,4,13,0,23,64,0,88,0,4,0,4,72,8,85,0,0,0,0,25,0,28,195,48,3,247,809,35,1089,0,0,0,0,64,4,67,0,3,0,8,76,3,83,60,13,5,68,175,12,252,116,0,0,117,90,3,214,48,3,4,52,100,8,160,4,25,0,26,104,3,133,0,24,0,26,83,3,119,0,0,0,6,86,4,92,0,0,0,0,24,3,34,226,74,7,309,805,42,1154,0,5,0,5,125,3,132,0,7,0,5,156,3,172,91,21,5,108,375,19,503,203,3,4,213,181,10,405,105,4,4,119,206,11,329,15,32,0,46,216,10,269,7,41,0,50,153,3,202,0,5,0,10,152,9,174,0,0,0,0
SAL80037,0,13,0,13,137,10,162,3,5,0,6,155,4,169,111,7,3,114,223,20,363,208,10,6,223,123,14,361,98,25,3,125,181,7,309,17,46,0,58,288,12,360,4,48,0,49,204,6,260,0,5,0,9,77,0,86,0,0,0,0,11,0,9,443,144,15,601,1394,77,2070,0,13,0,10,121,9,144,15,10,0,25,119,5,145,143,14,7,166,179,13,356,213,13,24,246,92,17,355,91,31,4,126,191,10,326,7,108,0,122,304,9,433,8,57,0,59,168,4,240,0,9,0,9,73,5,82,0,0,0,0,18,0,20,481,254,38,768,1274,67,2102,0,27,0,29,261,17,307,21,15,0,34,269,11,316,250,15,12,283,408,35,715,420,21,25,468,220,28,710,186,55,5,252,367,14,639,27,152,0,181,591,17,793,11,102,0,113,371,14,496,0,12,0,15,147,0,163,0,0,0,0
SAL80038,0,4,0,4,191,54,248,0,0,0,0,462,89,545,21,3,0,26,671,78,775,40,6,0,47,222,24,297,24,0,0,31,161,16,200,6,0,0,7,122,13,139,0,19,0,19,79,4,98,0,6,0,6,24,4,39,0,0,0,0,7,0,10,96,40,0,136,1937,269,2342,0,10,0,10,295,67,368,0,3,0,5,534,111,650,29,6,0,37,585,55,680,42,3,0,47,161,24,231,11,5,0,21,124,8,145,0,8,0,8,115,8,137,0,18,0,20,62,5,87,0,3,0,7,27,0,35,0,0,0,0,6,0,8,90,63,0,160,1908,274,2343,0,14,0,14,489,117,613,0,3,0,6,992,198,1196,49,13,0,62,1258,136,1452,87,7,0,93,387,45,525,39,8,0,47,282,16,351,6,14,0,19,235,19,275,0,34,0,38,142,8,184,0,16,0,12,53,5,71,0,0,0,0
SAL80039,0,3,0,3,177,4,183,0,6,0,8,188,6,200,81,15,3,95,209,7,321,188,7,3,195,103,12,313,116,14,0,134,244,14,391,29,42,0,68,272,10,349,3,27,0,32,135,13,182,0,3,0,3,55,4,67,0,0,0,0,13,0,17,413,118,6,543,1405,68,2014,0,16,0,16,157,7,179,7,9,0,17,128,4,150,137,10,4,155,155,7,318,237,6,9,258,99,11,369,106,36,3,140,292,4,441,7,74,0,83,259,6,341,0,53,0,50,117,0,171,0,3,0,3,75,4,85,0,0,0,0,22,5,26,491,208,22,728,1300,50,2079,0,24,0,24,334,8,364,8,13,0,27,315,11,347,217,25,7,254,371,18,637,423,13,16,448,204,20,681,216,46,7,276,541,18,831,39,113,0,150,526,14,692,0,79,0,85,250,12,349,0,6,0,6,130,8,145,0,3,0,3
SAL80040,0,4,0,4,56,0,61,0,0,0,0,65,3,69,26,4,0,30,119,4,157,111,3,9,119,88,11,216,98,4,4,106,119,4,226,9,8,0,20,127,3,148,0,10,0,12,104,0,118,0,19,0,18,80,4,105,0,0,0,0,27,4,29,238,55,11,307,782,41,1128,0,4,0,4,68,0,78,0,0,0,3,52,0,56,40,4,0,46,155,15,218,138,9,13,162,58,7,229,73,6,9,84,131,4,220,14,18,0,31,149,4,182,0,43,0,41,127,12,183,0,16,0,16,103,0,119,0,0,0,0,39,0,40,268,100,18,381,889,45,1321,0,11,0,11,122,0,135,0,0,0,5,119,7,128,63,13,0,77,274,18,374,248,16,20,281,149,16,443,172,3,13,185,246,9,445,18,28,0,41,278,7,327,4,54,0,48,235,11,295,0,34,0,35,182,8,224,0,0,0,0
SAL80041,0,5,0,8,102,5,116,0,0,0,0,143,9,147,105,8,0,113,444,21,581,291,10,10,305,197,10,517,102,4,3,107,130,11,252,7,3,0,13,80,0,101,4,12,0,11,42,3,58,0,0,0,3,11,0,18,0,0,0,0,9,0,9,507,50,12,568,1157,68,1794,4,8,0,8,88,6,109,15,11,0,26,144,8,176,193,21,13,225,419,29,674,321,12,14,345,154,12,514,72,5,0,78,124,7,208,11,21,0,32,83,4,122,0,26,0,26,31,4,56,0,0,0,3,15,0,21,0,0,0,0,5,0,5,611,111,26,750,1064,79,1887,3,15,0,16,195,11,226,15,13,0,29,281,16,324,293,33,13,337,865,50,1261,614,21,16,654,354,25,1031,171,3,5,184,252,21,460,21,32,0,49,162,9,223,4,37,0,38,74,5,113,4,8,0,5,26,0,39,0,0,0,0
SAL80042,0,3,0,3,101,4,108,0,0,0,7,102,7,116,92,13,0,103,289,12,407,305,7,10,321,186,11,515,126,3,0,128,163,8,295,20,9,0,25,120,4,142,0,28,0,25,67,3,92,0,3,0,3,46,3,49,0,0,0,0,11,0,18,542,63,7,616,1079,47,1746,0,8,0,8,94,0,103,9,7,0,12,104,0,123,149,15,5,170,266,25,458,351,9,9,368,167,14,544,88,7,4,101,155,7,259,5,22,0,32,108,3,139,4,41,0,46,80,3,126,0,15,0,16,72,5,88,0,0,0,0,17,0,27,600,125,20,748,1057,60,1862,0,9,0,13,194,4,208,9,8,0,20,211,8,241,236,25,4,270,552,37,863,653,18,19,686,352,21,1057,209,15,5,225,317,9,552,20,35,0,55,222,8,284,5,64,0,70,143,4,218,0,16,0,21,118,9,140,0,0,0,0
SAL80043,0,5,0,7,134,3,141,0,4,0,4,141,0,148,54,7,0,64,231,10,307,233,3,9,243,115,13,369,171,0,3,175,190,11,378,34,27,0,64,278,11,353,0,46,0,44,164,9,224,0,12,0,10,126,9,143,0,0,0,0,77,0,78,499,105,15,617,1457,62,2139,0,15,0,13,152,8,168,0,16,0,20,121,4,148,71,12,0,79,200,6,291,269,6,17,296,108,9,413,160,4,11,174,217,9,403,9,52,0,63,263,11,333,4,63,0,66,165,7,241,0,21,0,23,197,4,222,0,0,0,0,117,5,123,511,188,29,732,1544,67,2341,0,19,0,25,282,10,310,0,21,0,20,271,10,298,126,18,3,143,430,21,593,502,10,28,537,222,29,783,327,11,15,354,408,21,780,44,79,4,124,542,18,682,0,112,0,115,330,13,460,3,37,0,39,321,14,366,0,0,0,0
SAL80044,0,3,0,3,74,3,81,0,0,0,0,75,7,86,19,4,0,26,89,5,124,100,0,6,109,61,3,166,95,0,4,101,90,11,211,30,16,0,50,143,6,198,3,26,0,32,122,9,159,0,17,0,17,90,5,108,0,4,0,4,46,0,56,256,72,12,329,795,57,1184,0,6,0,6,126,3,141,0,7,0,3,64,11,80,30,7,0,40,74,11,127,137,4,3,146,61,5,217,89,4,4,98,127,13,234,9,15,0,28,141,5,173,0,66,0,68,126,12,206,0,8,0,11,133,6,151,0,0,0,0,80,9,88,278,124,12,405,934,79,1415,0,9,0,9,199,14,219,0,7,0,5,144,18,164,52,8,0,61,171,21,254,244,6,9,257,122,10,379,186,0,11,203,218,26,445,36,37,0,78,282,11,372,4,96,0,98,243,23,362,0,27,0,28,223,11,258,0,0,0,0
SAL80045,0,5,0,5,43,0,51,3,0,0,4,61,0,71,59,3,0,66,230,7,306,200,5,3,204,126,5,335,62,0,0,61,69,0,132,9,4,0,13,47,0,62,0,9,0,10,19,0,23,0,4,0,4,4,0,3,0,0,0,0,0,0,0,325,34,0,361,598,20,981,0,3,0,3,46,5,59,5,4,0,10,64,4,77,113,11,3,131,221,9,361,205,4,5,214,106,11,329,38,9,0,45,67,4,116,5,8,0,16,46,0,67,3,11,0,12,18,0,30,0,0,0,0,3,0,8,0,0,0,0,0,0,0,367,56,12,425,582,43,1055,0,6,0,6,92,4,106,7,5,0,11,129,4,147,170,17,3,188,449,21,664,402,13,4,418,228,16,668,100,6,0,105,131,7,245,12,21,3,28,95,5,129,4,12,0,23,42,0,60,0,3,0,3,13,0,15,0,0,0,0
SAL80046,0,6,0,6,56,0,56,0,0,0,0,211,3,218,43,12,0,51,384,19,453,90,0,0,101,146,5,246,55,4,4,62,92,0,153,13,0,0,19,111,6,133,0,8,0,8,44,3,65,0,6,0,6,32,6,38,0,0,0,0,19,0,19,203,39,6,242,1090,47,1381,0,0,0,0,45,0,52,3,4,0,8,261,14,290,55,11,5,60,396,18,480,108,8,10,125,102,12,240,67,7,3,83,101,4,186,4,12,0,19,98,6,119,0,20,0,17,43,3,62,0,3,0,3,37,5,38,0,0,0,0,22,0,22,235,70,13,323,1108,57,1484,0,5,0,5,98,3,103,3,4,0,8,476,20,503,94,20,5,114,779,38,935,200,19,10,227,247,14,485,123,16,7,145,195,4,341,17,11,0,34,208,12,251,0,32,0,29,87,6,128,0,3,0,3,72,4,80,0,0,0,0
SAL80047,0,3,0,3,95,0,101,0,0,0,0,143,8,159,49,7,0,57,298,16,370,180,4,3,194,167,21,388,106,5,6,118,130,3,254,18,9,0,31,155,14,199,4,18,0,25,96,4,127,0,9,0,9,55,6,67,0,0,0,0,27,0,31,366,59,14,436,1170,85,1692,0,9,0,9,85,4,93,4,9,0,6,199,13,217,73,12,4,85,275,18,380,229,16,7,255,126,9,386,99,8,8,118,143,8,269,7,19,0,28,137,4,173,6,36,0,44,112,6,166,3,14,0,15,95,4,112,0,0,0,0,41,0,46,422,118,21,566,1206,68,1843,0,9,0,9,181,7,193,4,10,0,10,336,21,372,122,15,9,146,573,34,751,410,22,14,450,296,28,775,210,12,12,233,275,16,519,27,31,0,63,293,19,374,10,59,0,68,206,15,293,3,22,0,27,148,7,179,0,0,0,0
SAL80048,0,6,0,6,107,5,117,3,4,0,0,94,10,106,42,0,0,38,135,3,182,130,3,7,140,77,4,222,102,3,0,110,136,4,249,15,16,0,32,164,8,206,0,22,0,20,101,5,126,0,11,0,11,99,3,108,0,0,0,0,25,0,27,285,62,9,360,928,42,1337,0,7,0,6,97,0,110,0,0,0,4,85,4,92,65,11,4,72,114,6,193,158,3,8,171,61,7,243,108,7,5,117,148,8,270,5,29,0,34,146,11,188,0,37,0,40,122,10,173,0,18,0,18,72,8,97,0,0,0,0,28,0,30,331,117,20,468,877,49,1392,0,11,0,16,207,4,228,0,6,0,6,179,9,195,97,12,4,115,252,10,377,291,6,20,312,143,10,463,207,13,4,227,283,12,519,20,43,0,65,306,22,389,3,56,0,66,222,9,301,0,29,0,29,169,11,209,0,0,0,0
SAL80049,0,15,0,15,274,14,302,3,4,0,11,199,12,215,129,7,4,138,261,11,419,351,14,11,370,215,10,596,185,17,4,212,302,26,534,28,36,0,60,294,12,366,3,34,0,38,151,6,196,0,4,0,4,72,7,80,0,0,0,0,20,0,22,698,143,14,855,1786,92,2730,0,25,0,34,201,16,240,9,6,0,17,160,7,181,194,15,7,219,205,12,438,404,12,18,436,181,15,629,185,38,12,233,339,19,593,14,72,0,91,289,16,391,3,59,0,62,175,4,239,0,12,0,15,75,0,92,0,0,0,0,16,0,16,818,251,38,1114,1634,88,2829,5,44,0,44,472,31,540,15,13,0,29,359,12,402,319,31,11,359,470,30,857,752,26,26,806,392,24,1227,373,60,17,445,641,41,1128,41,112,0,156,579,26,759,7,94,0,101,325,12,435,0,17,0,22,149,3,174,0,0,0,0
SAL80050,0,3,0,5,161,9,174,0,3,0,3,173,5,180,75,14,0,93,307,10,405,229,8,15,246,149,7,404,146,3,3,159,213,11,382,25,26,0,57,228,7,291,3,66,0,64,213,3,284,0,14,0,13,74,0,94,0,0,0,0,17,0,17,482,140,18,646,1530,62,2232,0,14,0,14,145,10,161,0,8,0,9,125,0,138,129,11,3,142,211,7,365,248,8,21,276,111,10,398,142,22,6,168,197,0,376,17,62,0,77,218,14,311,4,79,0,86,208,0,294,0,9,0,9,80,8,94,0,0,0,0,31,0,31,538,218,28,787,1326,54,2166,0,18,0,22,299,14,336,0,12,0,9,295,13,315,209,24,6,233,523,15,774,475,17,31,527,258,20,799,293,28,7,329,411,18,760,42,91,0,134,443,16,596,8,145,0,148,421,5,577,0,24,0,24,157,5,188,0,0,0,0
SAL80051,0,0,0,0,100,0,105,0,0,0,0,75,0,83,29,3,0,32,102,0,132,133,0,5,143,56,0,205,72,3,0,81,113,0,201,14,20,0,32,179,3,213,0,56,0,62,142,5,207,0,3,0,3,62,0,70,0,3,0,3,12,0,16,257,94,9,359,841,22,1227,0,4,0,4,74,0,84,0,11,0,11,60,3,66,41,6,4,52,47,4,101,149,4,6,159,50,0,217,78,9,0,87,115,0,203,4,45,0,51,191,7,246,0,65,0,68,144,6,215,0,10,0,10,49,0,57,0,0,0,0,14,0,14,280,149,14,440,747,19,1206,0,5,0,5,173,3,184,0,10,0,12,134,4,145,69,8,4,80,148,3,235,289,8,16,307,110,0,419,156,13,3,168,234,6,402,17,65,0,83,371,8,465,6,120,0,123,290,8,422,0,14,0,14,104,0,122,0,3,0,3
SAL80052,0,0,0,0,124,4,136,3,0,0,7,90,4,96,41,7,0,50,126,14,193,130,4,0,138,73,4,209,94,4,3,104,127,10,244,28,16,0,43,158,3,210,0,32,0,35,120,10,160,0,22,0,22,111,11,147,0,0,0,0,68,14,83,299,97,5,404,1005,77,1479,0,4,0,4,101,3,107,4,9,0,7,86,0,94,52,10,0,66,100,9,175,172,8,10,181,55,7,241,114,14,10,131,130,11,270,10,43,0,52,167,3,225,0,50,0,58,113,9,176,0,28,0,31,175,10,220,0,0,0,0,87,21,108,355,160,22,532,1016,69,1624,0,10,0,10,220,7,246,3,9,0,14,178,3,192,95,22,0,117,226,22,372,297,8,10,320,127,11,455,211,17,11,240,256,23,512,38,56,0,92,326,11,431,0,90,0,93,227,15,334,0,52,0,53,291,21,369,0,3,0,3
SAL80053,0,3,0,6,85,4,93,3,10,0,11,57,6,70,45,0,0,44,125,13,184,134,3,3,145,80,10,234,101,3,3,107,125,4,235,10,8,0,22,115,0,138,0,18,0,15,97,0,121,0,14,0,14,91,5,107,0,0,0,0,27,3,32,295,61,9,361,803,50,1215,0,6,0,6,72,0,81,3,6,0,8,45,3,52,67,7,4,77,107,12,197,164,7,9,176,57,9,239,98,8,5,110,116,4,234,6,23,0,27,118,7,154,0,29,0,33,125,5,170,0,15,0,15,124,3,145,0,0,0,0,42,3,48,331,97,21,447,817,49,1313,0,9,0,9,160,3,173,6,9,0,13,105,9,128,113,8,7,124,238,18,377,297,7,10,315,137,19,478,197,11,11,215,240,9,466,15,29,0,44,236,17,294,5,52,0,54,221,10,287,0,29,0,29,210,12,248,0,0,0,0
SAL80054,0,4,0,4,103,0,110,0,6,0,5,145,5,162,58,14,4,70,267,21,359,175,8,5,186,124,15,330,86,6,7,97,161,14,272,20,26,0,51,260,8,312,0,53,0,57,172,7,235,0,14,0,16,104,3,120,0,0,0,0,27,0,27,343,130,13,485,1364,79,1919,0,15,0,17,104,0,121,4,9,0,16,128,0,143,104,6,8,119,200,13,336,211,18,8,238,103,14,350,94,15,9,112,167,10,288,10,71,4,84,265,12,363,0,84,0,86,184,8,278,0,12,0,13,100,5,117,0,0,0,0,36,0,42,420,234,20,678,1288,71,2038,0,16,0,21,210,0,233,3,14,0,18,279,9,309,158,19,11,187,469,36,695,387,22,10,424,231,30,681,178,22,11,207,328,23,557,27,103,4,131,516,18,674,3,135,0,138,356,13,514,0,22,0,26,203,5,231,0,0,0,0
SAL80055,0,11,0,11,101,0,115,6,3,0,9,94,3,101,50,4,0,63,192,13,269,157,5,5,169,86,9,261,98,4,0,103,131,6,245,14,13,0,28,165,10,199,3,46,0,51,111,8,168,0,14,0,12,73,0,89,0,0,0,0,9,5,15,325,106,17,444,967,52,1465,0,16,0,16,89,3,114,8,4,0,11,89,3,103,71,13,7,93,113,8,211,171,7,9,187,69,6,264,87,4,6,101,132,10,239,8,39,0,46,161,4,208,4,59,0,65,123,5,194,0,16,0,11,69,5,89,0,0,0,0,15,0,15,345,168,29,533,853,42,1434,0,34,0,34,194,7,230,14,14,0,19,182,3,208,125,18,13,157,302,16,479,325,9,21,356,157,18,525,179,12,7,204,263,19,487,15,56,0,72,320,11,406,9,104,0,117,234,11,359,3,23,0,29,144,5,177,0,0,0,0
SAL80056,0,8,0,10,146,5,158,3,3,0,5,101,9,115,56,4,4,62,139,14,219,258,7,5,268,121,13,401,168,3,5,175,216,13,407,21,16,0,34,123,3,160,0,24,0,20,60,5,86,0,7,0,7,24,0,26,0,0,0,0,9,0,9,505,72,13,585,938,59,1582,0,8,0,12,152,5,169,0,9,0,8,99,0,109,102,8,3,110,126,13,250,347,7,13,368,116,12,497,129,15,0,148,199,7,352,7,36,0,43,111,3,156,0,41,0,41,49,8,96,0,5,0,5,24,0,31,0,0,0,0,4,0,4,595,131,13,743,879,53,1669,4,19,0,18,299,9,333,4,13,0,18,200,12,222,156,11,4,172,263,25,468,609,11,18,640,241,20,901,296,23,5,323,414,26,759,24,48,0,78,232,6,313,0,58,0,60,112,10,184,0,12,0,12,52,0,59,0,0,0,0
SAL80057,0,0,0,0,45,3,44,0,0,0,0,46,0,55,9,3,0,13,112,8,135,38,7,0,37,38,0,78,52,3,0,53,74,3,133,11,3,0,18,105,6,128,0,24,0,29,82,0,114,0,4,0,4,57,8,70,0,0,0,0,16,0,16,112,51,0,157,580,29,765,0,6,0,6,45,0,48,0,0,0,0,41,3,39,16,3,0,23,118,0,147,49,9,0,50,51,0,108,53,3,0,61,84,3,149,6,24,0,29,108,3,141,0,31,0,37,85,5,127,0,11,0,11,59,5,82,0,0,0,0,20,0,23,129,89,4,213,611,30,856,0,6,0,6,87,3,93,0,0,0,0,91,3,95,23,11,0,34,231,8,277,81,4,0,89,93,7,187,103,10,0,114,158,8,282,21,28,0,48,211,11,270,3,58,0,59,173,11,239,0,16,0,16,121,10,149,0,0,0,0
SAL80058,0,14,0,14,151,8,171,0,5,0,11,283,20,320,112,7,3,119,765,66,954,368,8,3,382,351,29,766,183,3,4,188,255,14,458,23,9,0,34,167,3,200,3,29,0,28,67,4,103,0,6,0,6,24,0,28,0,0,0,0,5,0,3,692,85,12,786,2073,152,3003,0,20,0,20,159,8,183,6,17,0,24,264,17,306,205,30,11,243,687,53,987,415,16,13,445,244,26,717,134,17,0,155,240,10,402,3,41,0,49,155,9,207,3,27,0,33,79,7,120,0,0,0,0,29,4,35,0,0,0,0,6,0,5,771,170,27,968,1867,136,2964,0,30,0,34,307,10,357,10,28,0,36,546,37,622,317,41,9,365,1455,119,1938,790,19,20,824,604,58,1484,309,20,10,342,493,22,864,25,51,0,77,323,8,409,13,57,0,66,143,14,222,0,3,0,3,51,3,58,0,0,0,0
SAL80059,0,7,0,7,68,0,74,0,4,0,9,53,0,63,25,0,0,28,69,3,105,86,5,5,90,50,10,153,53,8,5,58,81,3,144,6,12,0,17,104,3,124,3,36,0,36,119,3,153,0,6,0,11,47,0,54,0,0,0,0,13,0,13,177,73,9,261,595,22,878,0,5,0,5,52,0,61,4,0,0,6,44,0,51,35,7,0,37,46,6,90,101,4,12,116,35,3,156,54,7,0,61,84,4,146,3,22,3,25,87,4,118,0,53,0,53,86,0,146,0,7,0,5,42,3,51,0,0,0,0,5,0,5,193,107,14,317,492,18,825,0,10,0,10,127,0,133,8,9,0,12,99,5,116,62,7,0,71,118,4,198,186,7,17,208,89,8,310,105,11,5,123,160,3,289,12,35,3,49,191,5,243,3,90,0,90,204,6,303,4,16,0,14,85,3,99,0,0,0,0
SAL80060,0,0,0,0,0,0,0,0,0,0,0,0,0,0,0,0,0,0,5,5,8,4,0,0,4,4,0,11,3,0,0,3,3,0,11,0,0,0,0,0,0,3,0,0,0,0,3,0,7,0,0,0,0,0,0,0,0,0,0,0,0,0,0,10,0,0,10,24,4,33,0,0,0,0,0,0,3,0,0,0,0,0,0,0,0,0,0,0,7,0,12,0,0,0,0,0,0,0,0,0,0,0,5,0,3,0,0,0,0,3,0,3,0,0,0,0,0,0,0,0,0,0,0,0,0,0,0,0,0,0,0,0,0,0,0,0,3,15,3,16,0,0,0,0,0,0,3,0,0,0,0,0,0,4,4,0,0,4,13,0,16,4,0,0,4,4,0,13,3,0,0,3,5,4,11,0,0,0,0,4,0,9,0,0,0,0,6,4,3,0,0,0,0,0,0,0,0,0,0,0
SAL80061,0,3,0,3,81,6,89,0,0,0,3,82,10,93,23,3,0,27,134,9,161,166,5,3,183,83,12,268,113,0,0,116,105,14,236,23,8,0,33,136,10,177,0,31,0,30,107,9,152,0,12,0,12,124,11,140,0,4,0,4,46,6,55,330,64,5,403,898,74,1376,0,3,0,3,89,0,92,0,3,0,4,70,0,77,57,3,3,60,116,14,187,191,5,10,212,83,15,311,113,11,0,121,116,12,247,12,33,0,48,149,14,209,6,48,0,52,123,9,188,0,12,0,12,138,16,164,0,0,0,0,83,0,87,378,115,16,506,971,87,1570,0,6,0,6,175,6,182,3,5,0,3,149,10,167,77,6,3,84,248,22,350,362,9,12,391,165,30,583,225,12,0,241,221,21,485,38,40,0,79,288,24,390,9,78,0,86,234,23,342,0,22,0,22,258,24,301,0,4,0,4
SAL80062,0,6,0,6,93,5,105,0,3,0,7,63,4,77,44,0,0,50,126,7,183,93,7,8,103,76,10,188,69,7,6,75,87,3,165,8,23,0,29,161,8,198,0,26,0,29,101,6,134,0,0,0,0,31,0,33,0,0,0,0,11,0,11,214,70,13,294,751,36,1078,0,3,0,3,64,0,74,5,7,0,15,53,0,67,69,5,6,80,90,9,179,123,5,8,140,66,8,216,45,16,0,68,106,6,173,3,61,0,67,140,3,211,4,30,0,29,87,0,111,0,0,0,0,28,0,34,0,0,0,0,13,0,18,255,132,13,400,656,27,1089,0,9,0,9,161,4,176,14,10,0,17,120,4,140,118,6,6,131,214,15,366,214,15,14,246,146,12,399,112,28,6,141,192,8,342,10,80,0,91,302,15,403,3,50,0,58,184,4,247,0,3,0,3,62,0,65,0,0,0,0
SAL80063,0,10,0,10,83,0,90,3,0,0,10,63,4,74,52,6,0,65,163,11,238,163,3,7,172,105,5,286,73,6,0,79,98,9,182,8,18,0,24,137,4,167,4,40,0,39,146,4,189,0,11,0,12,70,3,81,0,0,0,0,11,0,11,306,78,12,402,877,43,1318,0,11,0,11,72,4,82,0,8,0,11,54,3,72,84,10,9,97,130,10,233,166,5,15,187,79,11,271,78,12,3,87,109,3,202,3,39,0,41,131,3,182,0,64,3,62,158,7,235,0,11,0,11,51,3,64,0,0,0,0,10,0,14,332,156,27,512,802,42,1350,0,15,0,15,151,5,171,11,13,0,16,120,5,145,134,17,9,158,293,17,476,328,10,19,360,177,13,550,151,14,7,170,207,7,384,16,54,0,69,265,8,347,4,103,3,106,307,14,422,0,17,0,17,122,6,145,0,0,0,0
SAL80064,0,9,0,10,208,3,226,0,11,0,12,244,6,259,147,13,5,173,344,15,521,265,14,12,294,164,8,464,158,20,5,183,323,17,515,29,68,0,101,446,11,557,3,43,0,44,214,12,268,0,15,0,15,117,13,140,0,0,0,0,44,11,58,620,185,16,817,2090,93,3004,5,21,0,25,195,8,224,17,18,0,33,209,10,253,242,27,5,277,278,10,574,322,11,24,354,156,19,532,138,51,5,188,396,13,605,16,119,0,131,416,12,563,0,74,0,74,243,16,338,0,10,0,10,167,17,198,0,0,0,0,65,19,82,740,331,40,1109,2125,122,3359,6,30,0,32,405,15,447,19,22,0,43,452,17,510,392,41,14,451,618,24,1093,585,27,29,652,320,26,996,299,64,8,375,719,29,1123,51,188,0,239,863,19,1115,3,111,0,114,460,28,604,0,21,0,21,281,33,336,0,0,0,0
SAL80065,0,5,0,5,72,0,81,4,7,0,10,73,3,86,66,6,0,69,119,16,203,151,0,0,153,65,9,223,60,6,0,64,88,0,163,8,27,4,36,138,4,177,3,33,0,39,139,0,177,0,7,0,7,62,0,69,0,0,0,0,9,0,14,291,90,0,384,754,38,1181,0,7,0,11,73,0,84,3,5,0,6,68,0,79,88,8,3,101,117,7,222,149,4,13,167,55,5,226,58,13,0,70,115,0,195,3,64,0,65,140,6,208,0,45,0,52,152,4,201,0,9,0,8,60,8,67,0,0,0,0,15,0,18,310,157,14,481,784,33,1300,0,14,0,12,146,0,159,8,14,0,18,140,4,161,153,11,3,166,233,18,425,306,5,10,315,117,19,455,122,18,0,139,203,7,352,8,90,4,103,273,5,383,4,83,0,87,285,3,378,0,11,0,12,119,8,135,0,0,0,0
SAL80066,0,0,0,0,55,0,54,3,4,0,3,138,12,162,67,12,0,81,417,28,526,116,5,4,124,173,7,298,43,4,0,47,136,6,196,4,25,0,33,139,10,179,0,17,0,20,148,15,180,0,17,0,18,89,14,125,0,0,0,0,34,8,43,232,88,3,328,1336,106,1768,0,0,0,0,47,0,51,11,17,0,24,157,6,184,115,33,6,150,352,19,522,121,11,0,129,145,15,289,31,23,0,58,150,4,217,3,39,0,45,178,8,232,4,50,0,53,145,10,211,0,17,0,17,115,17,148,0,0,0,0,48,11,61,283,178,12,472,1342,91,1903,0,0,0,0,104,4,111,14,14,0,26,302,15,344,179,46,6,229,770,45,1045,235,12,8,254,314,22,591,72,29,3,102,294,11,405,12,67,0,81,318,16,412,3,71,0,73,289,26,394,0,33,0,31,211,36,276,0,0,0,0
SAL80067,0,10,0,10,145,3,164,0,3,0,7,142,10,156,44,12,0,52,462,22,533,133,4,4,137,188,10,342,141,6,4,152,201,14,370,38,13,0,56,255,10,321,4,42,0,51,164,4,218,4,15,0,22,98,5,117,0,4,0,4,41,0,44,363,117,11,494,1697,80,2268,0,6,0,6,120,6,128,0,8,0,8,149,5,163,62,15,0,75,459,23,562,182,22,4,197,158,11,364,138,6,6,150,184,21,351,20,37,0,55,259,5,313,5,78,0,76,143,6,226,5,18,0,25,108,9,142,0,0,0,0,104,9,113,408,183,4,597,1687,87,2370,0,19,0,19,265,7,287,0,8,0,12,291,15,318,108,21,5,132,918,46,1095,308,25,4,339,348,22,708,279,19,7,305,384,29,720,53,51,0,109,510,18,638,6,122,0,129,308,11,448,8,34,0,38,210,15,261,0,4,0,4
SAL80068,0,9,0,9,185,12,208,4,8,0,12,375,17,404,164,21,0,186,986,54,1225,296,9,6,312,374,30,723,187,7,3,196,301,27,520,25,17,0,46,261,8,315,4,31,0,35,111,5,156,0,3,0,6,49,10,67,0,0,0,0,13,0,13,684,108,11,800,2662,163,3626,0,8,0,8,212,4,233,17,16,0,36,352,22,416,230,21,5,254,845,60,1160,360,13,10,390,276,31,695,130,18,4,152,302,17,473,15,61,0,76,224,8,307,3,49,3,56,149,3,201,0,6,0,7,66,10,82,0,0,0,0,19,0,19,761,200,18,982,2453,152,3589,0,14,0,14,403,16,441,22,27,0,47,729,35,812,393,42,3,444,1836,111,2390,660,21,17,700,651,64,1413,315,25,3,351,600,47,993,47,75,0,119,488,17,625,6,76,3,85,260,14,360,0,13,0,10,118,12,148,0,0,0,0
SAL80069,0,0,0,0,98,0,99,0,3,0,3,55,5,65,30,4,0,37,121,10,163,130,3,10,141,75,13,227,119,4,5,130,105,10,248,24,10,0,32,136,3,176,3,16,0,15,89,3,111,0,8,0,8,59,0,66,0,0,0,0,33,6,42,305,52,14,369,781,51,1202,0,7,0,7,93,4,101,0,0,0,6,80,0,90,46,3,3,51,112,0,169,169,0,10,180,61,4,250,127,3,8,142,126,6,270,14,19,0,34,157,7,198,0,36,0,36,93,3,134,0,13,0,17,83,7,100,0,0,0,0,46,0,51,353,88,24,464,849,38,1352,0,9,0,9,187,5,205,0,8,0,10,138,6,152,75,10,3,85,237,15,337,294,4,15,322,138,17,476,246,11,13,270,232,19,520,36,26,0,65,298,11,376,3,50,0,54,178,14,241,0,19,0,20,142,4,167,0,0,0,0
SAL80070,0,0,0,0,17,0,18,0,0,0,0,6,0,6,6,0,0,6,11,0,9,9,0,0,9,5,0,15,11,0,0,11,11,0,21,0,0,0,0,19,0,18,0,4,0,4,15,3,22,0,0,0,0,7,4,13,0,0,0,0,0,0,0,27,5,0,34,84,8,124,0,0,0,0,8,0,9,0,0,0,0,8,0,8,0,0,0,0,0,0,0,11,0,0,11,5,0,15,13,0,0,13,14,0,25,0,9,0,9,19,0,25,0,8,0,8,17,0,29,0,0,0,0,9,0,9,0,0,0,0,3,0,3,26,16,0,40,81,5,129,0,4,0,4,23,0,31,0,0,0,0,10,0,10,0,0,0,3,10,0,16,20,0,0,20,7,0,28,29,0,0,29,26,0,55,0,9,0,7,33,0,41,0,11,0,12,34,6,47,0,6,0,6,19,4,26,0,0,0,0
SAL80071,0,10,0,12,215,4,230,3,6,0,12,277,15,309,127,9,5,135,703,66,897,430,18,5,443,340,30,817,234,10,5,252,291,18,561,27,21,0,52,182,11,240,5,22,0,25,80,0,102,0,6,0,6,37,0,44,0,0,0,0,5,0,9,823,98,17,939,2127,137,3211,0,24,0,24,203,7,237,15,11,0,30,280,23,328,215,23,7,242,559,36,836,511,22,15,544,238,22,802,191,19,7,217,277,15,514,13,40,0,57,186,0,245,4,37,0,39,80,6,124,0,4,0,8,35,0,43,0,0,0,0,9,0,6,939,181,33,1156,1875,115,3140,0,33,0,32,419,13,466,17,24,0,44,560,34,637,337,33,12,381,1263,100,1739,935,37,19,987,579,53,1617,432,28,16,469,570,34,1074,40,61,4,102,366,14,481,8,58,0,68,161,4,228,0,8,0,8,70,5,89,0,4,0,4
SAL80072,0,0,0,0,100,3,105,0,0,0,0,93,8,99,29,4,0,38,135,12,178,100,3,4,105,70,8,181,95,4,8,100,108,4,212,17,3,0,24,124,3,152,0,37,0,45,118,5,163,0,12,0,12,102,5,119,0,4,0,4,35,0,32,237,72,11,316,874,48,1242,0,5,0,5,88,0,92,0,7,0,3,71,3,82,50,6,0,63,121,20,194,103,0,6,120,54,8,179,83,8,3,95,106,7,203,0,25,0,28,153,5,186,8,54,0,57,109,0,177,0,24,0,27,118,6,149,0,0,0,0,24,0,29,247,135,12,393,842,46,1279,0,5,0,5,183,7,192,0,0,0,4,169,10,182,81,12,0,98,251,31,375,199,3,11,216,120,13,353,178,11,10,198,212,11,412,17,26,0,52,279,8,338,6,97,0,101,232,3,336,0,37,0,36,217,7,260,0,4,0,4
SAL80073,0,10,0,10,104,7,112,0,0,0,0,76,3,81,63,0,0,64,154,5,222,131,4,8,141,95,12,244,95,0,4,95,122,12,230,24,3,0,29,138,5,174,0,21,0,21,100,3,123,0,9,0,9,106,0,112,0,0,0,0,19,0,19,304,51,15,366,915,42,1320,0,13,0,13,83,3,92,0,7,0,6,61,3,75,83,9,5,105,155,6,259,159,3,5,169,67,7,247,86,15,3,103,95,4,206,8,22,0,30,120,9,154,0,47,0,47,105,6,155,0,6,0,6,114,0,125,0,0,0,0,27,0,27,336,124,20,476,821,31,1339,0,17,0,17,182,9,208,0,7,0,10,146,5,160,142,17,5,166,306,8,481,283,11,17,311,157,17,489,181,17,3,202,221,13,439,26,29,0,62,256,7,324,0,64,0,66,204,10,275,0,17,0,17,218,0,238,0,0,0,0
SAL80074,0,3,0,3,77,3,83,5,0,0,5,55,4,60,33,0,0,35,110,8,156,113,6,9,129,79,4,207,65,4,7,79,107,6,187,16,12,0,18,103,3,132,0,23,0,24,104,11,133,0,6,0,6,86,0,96,0,0,0,0,24,0,23,229,48,15,289,747,51,1082,0,7,0,7,63,4,71,0,3,0,3,58,4,65,57,4,6,66,106,4,178,118,3,14,137,65,9,215,74,6,7,86,126,6,220,9,22,0,30,133,6,167,0,35,0,37,109,7,153,0,12,0,12,90,3,105,0,0,0,0,39,0,33,262,91,23,376,783,43,1205,0,5,0,8,144,3,160,4,3,0,4,115,3,129,93,6,5,100,219,17,334,231,12,26,268,140,14,421,145,9,10,162,232,10,406,20,34,0,52,236,10,303,0,59,0,62,209,18,284,0,13,0,13,179,7,200,0,0,0,0
SAL80075,0,8,0,8,138,0,148,8,7,0,8,124,15,152,112,12,4,122,328,20,472,227,7,9,243,182,19,441,98,7,8,117,204,16,328,14,16,0,35,177,0,216,5,33,0,40,187,3,229,0,10,0,10,120,7,140,0,0,0,0,39,0,42,464,95,15,578,1507,84,2162,0,13,0,13,99,3,117,14,11,0,22,140,8,170,168,22,8,201,310,17,527,250,13,17,281,166,17,458,94,19,3,113,220,13,348,3,34,0,40,182,10,231,7,43,0,51,218,18,282,0,19,0,19,149,8,173,0,0,0,0,78,4,80,530,179,27,741,1565,89,2387,0,22,0,22,239,4,260,19,16,0,39,270,15,321,279,33,9,321,635,40,1001,477,17,22,523,341,31,896,187,29,9,223,422,26,675,20,50,0,70,365,11,448,6,79,0,89,402,23,516,0,29,0,29,270,10,312,0,0,0,0
SAL80076,0,3,0,3,75,0,77,0,0,0,0,75,0,81,16,3,0,21,135,4,159,127,3,5,133,56,5,198,103,6,3,113,85,9,209,22,7,0,24,154,0,183,4,23,0,24,117,7,153,0,6,0,6,75,0,82,0,0,0,0,58,4,63,275,55,10,343,832,39,1213,0,6,0,6,97,3,110,0,0,0,0,76,0,84,35,12,0,46,110,8,164,141,5,13,167,47,9,220,85,9,6,102,109,9,217,10,24,0,40,167,5,203,3,28,0,31,101,5,140,0,9,0,12,106,8,129,0,0,0,0,128,8,141,283,95,26,396,957,51,1404,0,13,0,15,169,3,190,0,4,0,4,154,3,164,57,13,0,70,240,13,321,270,12,20,295,108,9,417,193,9,10,212,193,21,426,29,32,0,65,320,3,384,4,56,0,58,222,14,290,0,17,0,19,185,9,214,0,0,0,0
SAL80077,0,0,0,0,0,11,11,0,0,0,0,0,32,35,0,0,0,0,0,145,145,0,0,0,0,0,92,92,0,0,0,0,0,46,53,0,0,0,0,4,13,17,0,0,0,0,0,6,6,0,0,0,0,6,5,10,0,0,0,0,0,0,0,0,0,0,0,9,359,361,0,0,0,0,0,0,0,0,0,0,0,0,0,0,0,0,0,0,0,5,5,0,0,0,0,0,13,13,0,0,0,0,0,0,3,0,0,0,0,0,5,5,0,0,0,0,0,0,0,0,0,0,0,0,0,0,0,0,0,0,0,0,0,0,0,0,0,0,19,22,0,0,0,0,0,11,11,0,0,0,0,0,36,37,0,0,0,0,0,154,154,0,0,0,0,0,103,103,3,0,0,3,3,48,56,0,0,0,0,4,14,16,0,0,0,0,0,6,6,0,0,0,0,6,5,10,0,0,0,0
SAL80078,0,4,0,8,59,0,61,0,0,0,0,51,5,51,14,3,0,23,89,4,112,66,0,5,70,50,8,121,54,0,0,51,75,10,136,15,11,0,28,142,8,180,5,32,0,36,122,5,164,0,11,0,11,98,3,106,0,0,0,0,32,0,36,152,67,6,224,710,40,970,0,5,0,5,52,0,54,0,3,0,7,51,0,58,23,4,0,28,65,5,93,89,0,8,95,49,5,145,60,10,0,67,79,5,150,9,21,0,34,170,3,208,0,48,0,48,127,4,173,4,13,0,15,115,7,139,0,3,0,3,35,0,35,176,109,12,288,741,25,1062,0,13,0,12,103,4,119,0,9,0,6,97,5,112,40,8,0,44,159,7,206,152,0,15,163,95,11,271,106,8,0,124,153,14,290,24,32,0,56,316,11,383,5,78,0,85,242,7,342,4,24,0,22,214,11,243,0,5,0,5
SAL80079,0,6,0,6,113,4,123,7,9,0,9,118,5,131,98,12,0,110,209,13,327,178,6,4,189,109,7,309,73,10,0,75,142,10,228,17,36,0,58,204,9,275,5,29,0,31,116,3,153,0,7,0,7,59,5,72,0,0,0,0,25,3,28,374,113,4,493,1094,54,1648,0,7,0,7,102,0,103,10,6,0,12,99,3,114,153,11,5,171,179,12,362,192,10,8,203,80,9,294,60,32,3,92,172,6,271,7,78,0,82,204,6,291,0,52,0,52,112,6,176,0,5,0,5,105,3,116,0,0,0,0,49,5,54,415,201,17,633,1090,54,1777,0,14,0,14,208,3,231,16,12,0,23,213,8,248,246,28,5,280,385,23,688,374,18,12,397,189,15,601,136,37,4,170,313,18,503,24,118,0,138,410,12,564,5,83,0,83,232,10,325,0,13,0,13,169,10,188,0,0,0,0
SAL80080,0,0,0,0,17,0,17,0,0,0,0,18,0,19,11,0,0,19,41,0,59,50,4,0,57,23,0,80,14,0,0,14,17,0,35,4,0,0,4,9,0,14,0,0,0,0,6,0,8,0,0,0,0,3,0,3,0,0,0,0,0,0,0,81,6,0,95,123,6,224,0,6,0,6,16,0,20,0,0,0,0,18,0,22,35,3,0,32,37,0,74,62,0,0,61,28,5,90,11,0,0,18,23,3,42,0,3,0,3,6,0,10,0,0,0,0,8,0,13,0,0,0,0,0,0,0,0,0,0,0,0,0,0,107,15,0,118,141,7,272,0,6,0,6,36,0,40,0,0,0,0,36,5,38,48,4,0,51,74,3,134,111,5,0,112,46,0,167,30,0,0,34,43,6,77,4,3,0,3,10,0,17,0,0,0,0,13,0,15,0,0,0,0,4,0,4,0,0,0,0
SAL80081,0,13,0,13,219,8,244,5,6,0,12,232,9,251,82,9,0,94,435,29,558,296,7,20,322,218,21,558,186,8,4,198,250,19,471,23,32,0,57,334,15,402,7,107,0,113,332,21,466,3,28,0,33,157,10,199,0,0,0,0,50,4,55,606,218,24,845,2228,135,3203,0,17,0,17,155,5,174,8,12,0,18,171,10,197,141,17,5,159,282,21,461,337,11,34,380,146,14,548,157,27,4,184,234,15,430,12,93,0,105,334,21,461,4,154,0,157,339,27,525,3,21,0,29,184,4,214,0,0,0,0,74,3,76,660,351,41,1057,1913,116,3088,0,26,0,28,375,10,416,12,17,0,24,403,19,450,222,27,3,252,717,51,1018,636,19,49,705,363,40,1105,339,34,13,388,480,34,900,38,128,0,163,667,31,864,8,257,3,273,674,46,988,6,56,0,62,341,13,415,0,0,0,3
SAL80082,3,29,0,30,435,21,483,10,19,0,28,409,13,444,201,24,10,232,662,51,950,552,27,21,601,390,58,1041,373,21,9,402,580,39,1024,67,88,3,163,687,16,867,10,195,0,202,686,32,914,3,44,0,51,365,19,436,0,4,0,4,81,7,93,1220,451,40,1711,4298,253,6256,0,41,0,41,371,19,429,23,20,0,43,333,10,388,320,39,21,376,493,29,905,678,38,42,755,297,40,1086,341,55,14,409,626,43,1078,29,206,0,241,665,23,928,10,317,0,320,743,39,1109,3,57,0,63,380,13,457,0,0,0,0,80,14,98,1396,770,82,2248,3986,233,6465,3,70,0,73,799,48,913,30,41,0,71,738,28,837,513,72,31,612,1162,80,1855,1225,58,61,1354,687,92,2131,713,77,25,812,1204,82,2100,106,300,5,405,1356,40,1798,15,507,0,520,1429,68,2020,4,101,4,109,746,35,887,0,4,0,6
SAL80083,0,0,0,0,70,7,79,0,3,0,3,171,18,199,54,17,0,75,775,97,940,146,12,4,164,372,56,591,84,6,0,94,250,38,381,16,19,0,39,264,40,339,8,46,0,47,172,33,251,0,9,0,9,77,16,100,0,0,0,0,13,0,15,306,117,3,426,2168,293,2895,0,0,0,0,59,7,63,0,7,0,6,221,31,262,88,32,0,117,848,89,1051,170,19,11,199,357,51,608,68,13,3,82,248,38,367,11,46,0,52,268,27,354,0,54,0,56,186,27,268,0,14,0,15,95,8,118,0,5,0,5,26,3,30,344,180,12,532,2302,287,3124,0,8,0,8,128,13,146,0,10,0,15,398,54,462,141,48,0,189,1624,182,1996,319,31,12,358,728,105,1202,153,19,4,172,500,75,744,25,59,0,90,535,60,685,3,98,0,105,351,57,516,0,22,0,22,173,17,217,0,5,0,5
SAL80084,0,9,0,11,91,0,104,0,3,0,3,89,9,101,77,7,0,85,142,26,255,153,5,11,165,101,10,275,85,8,3,93,157,5,257,12,19,0,27,141,8,172,3,33,0,37,127,0,165,0,8,0,8,72,0,84,0,0,0,0,16,0,18,326,101,13,437,934,66,1436,0,10,0,10,95,0,107,3,4,0,8,73,6,85,113,10,7,128,129,11,267,175,13,12,199,90,11,300,88,17,6,110,130,9,243,7,46,3,54,158,9,213,0,54,0,54,152,5,221,0,13,0,13,77,6,92,0,0,0,0,15,0,19,388,169,19,572,909,61,1551,0,19,0,21,182,3,212,3,12,0,9,165,9,188,191,20,3,215,267,39,523,325,21,19,367,190,28,577,170,25,5,202,283,14,502,20,61,3,80,291,15,389,11,93,0,97,282,5,384,0,20,0,20,151,4,174,0,5,0,5
SAL80085,0,0,0,0,43,6,42,0,5,0,4,206,18,230,37,8,0,49,475,32,549,92,0,3,101,105,20,227,22,0,0,27,53,3,85,3,5,0,8,31,0,40,0,3,0,3,20,3,23,0,0,0,0,7,0,6,0,0,0,0,0,0,0,168,20,3,189,940,85,1212,0,0,0,0,36,5,42,0,6,0,6,232,25,257,74,8,0,82,370,30,488,93,3,0,96,101,18,216,24,4,0,26,60,5,91,0,7,0,14,35,3,49,0,5,0,8,17,4,25,0,0,0,0,5,0,5,0,0,0,0,0,0,0,191,34,3,229,857,88,1177,0,0,0,0,77,8,89,0,7,0,8,442,36,485,109,15,0,128,844,68,1036,189,7,6,194,210,35,438,49,0,0,54,114,9,176,6,13,0,24,68,3,91,0,10,0,12,32,3,52,0,0,0,0,7,0,12,0,0,0,0
SAL80086,0,11,0,11,86,0,98,0,4,0,11,237,18,260,48,12,0,55,573,41,674,135,9,7,150,231,32,413,92,0,0,99,199,12,304,18,22,0,39,196,6,240,3,36,0,37,162,11,220,0,11,0,11,87,23,114,0,0,0,0,49,25,68,304,103,12,411,1811,160,2387,0,4,0,4,96,0,94,3,13,0,13,312,0,330,71,31,5,106,562,35,702,183,18,8,202,188,16,412,108,13,4,118,178,4,307,9,30,0,40,228,9,278,4,62,0,69,154,9,233,0,9,0,11,125,27,165,0,0,0,0,93,41,140,381,181,18,572,1937,155,2666,0,11,0,11,178,0,192,3,18,0,21,547,23,591,117,41,0,162,1134,73,1369,321,26,16,355,422,46,825,198,13,9,221,372,17,610,33,47,0,82,427,9,516,4,99,0,107,317,25,447,0,18,0,23,207,50,284,0,0,0,0
SAL80087,0,5,0,5,73,3,82,0,0,0,4,105,10,118,43,10,0,52,239,12,306,117,4,4,123,118,11,252,75,0,0,80,102,10,187,15,7,0,24,124,8,154,0,11,0,13,77,6,93,0,7,0,7,77,7,92,0,0,0,0,46,5,54,251,50,8,314,954,65,1339,0,3,0,8,62,4,74,4,8,0,13,78,5,94,83,13,0,92,211,13,314,127,12,8,141,83,5,222,80,10,3,90,113,11,216,7,18,0,21,113,4,143,4,27,0,29,81,7,115,0,10,0,14,130,4,149,0,0,0,0,49,0,54,300,86,13,403,923,57,1382,0,15,0,10,134,6,153,3,6,0,10,185,18,212,125,19,0,146,450,25,621,243,13,11,269,194,14,476,156,8,9,175,211,20,408,20,23,3,44,236,11,294,0,34,0,40,158,14,211,0,19,0,20,213,13,239,0,0,0,0
SAL80088,0,0,0,0,32,0,38,0,0,0,8,27,0,29,21,3,0,27,50,0,80,65,0,0,65,27,4,96,36,0,5,42,47,0,89,10,12,0,23,73,0,101,0,18,0,22,71,0,89,0,5,0,5,14,0,17,0,0,0,0,3,0,9,137,42,5,184,347,8,538,0,12,0,12,28,0,39,4,0,0,5,28,0,35,34,3,0,37,42,0,80,68,0,4,82,19,6,105,42,0,0,52,44,0,95,4,30,0,29,68,0,100,0,26,0,29,57,0,85,0,5,0,5,15,0,19,0,0,0,0,3,0,3,161,79,8,252,306,5,560,0,10,0,10,70,0,74,0,8,0,10,56,0,64,57,3,0,65,87,3,159,138,0,4,144,51,3,198,82,7,4,88,92,0,184,15,45,0,53,145,6,198,4,42,0,46,122,0,178,0,5,0,5,28,0,35,0,0,0,0
SAL80089,0,3,0,10,151,5,163,3,3,0,9,161,8,181,162,11,4,178,338,16,531,373,11,8,393,267,22,685,165,14,6,184,226,9,418,20,22,0,39,203,12,256,5,51,0,56,168,9,231,0,12,0,9,75,8,90,0,0,0,0,18,0,13,733,130,20,886,1615,87,2580,0,21,0,21,154,5,180,9,16,0,25,147,12,179,252,25,13,287,294,16,590,426,21,22,470,214,23,705,136,14,10,159,247,6,413,6,62,0,65,236,6,308,0,72,0,71,178,5,254,0,9,0,11,90,3,108,0,0,0,0,16,0,16,828,244,47,1119,1573,65,2755,0,25,0,27,307,8,343,12,18,0,36,303,17,358,406,39,13,463,636,30,1126,804,35,36,866,484,40,1393,298,28,18,348,472,12,834,24,83,0,108,438,15,565,4,125,0,131,349,11,491,5,23,0,24,166,8,197,0,0,0,0
SAL80090,0,0,0,0,0,0,0,0,0,0,0,0,0,0,0,0,0,0,0,0,0,0,0,0,0,0,0,0,0,0,0,0,0,0,0,0,0,0,0,0,0,0,0,0,0,0,0,0,0,0,0,0,0,0,0,0,0,0,0,0,0,0,0,0,0,0,0,0,0,0,0,0,0,0,0,0,0,0,0,0,0,0,0,0,0,0,0,0,0,0,0,0,0,0,0,0,0,0,0,0,0,0,0,0,0,0,0,0,0,0,0,0,0,0,0,0,0,0,0,0,0,0,0,0,0,0,0,0,0,0,0,0,0,0,0,0,0,0,0,0,0,0,0,0,0,0,0,0,0,0,0,0,0,0,0,0,0,0,0,0,0,0,0,0,0,0,0,0,0,0,0,0,0,0,0,0,0,0,0,0,0,0,0,0,0,0,0,0,0,0,0,0,0,0,0,0,0,0,0,0
SAL80091,0,8,0,8,57,4,63,0,5,0,5,111,16,133,34,6,0,41,203,32,277,105,3,0,109,102,13,227,65,4,4,69,95,10,178,12,7,0,28,121,18,164,0,18,0,18,100,4,120,0,11,0,14,85,9,107,0,0,0,0,27,0,28,219,63,7,290,901,96,1288,0,5,0,5,55,3,68,10,5,0,7,95,6,108,50,9,5,58,181,18,262,121,15,3,140,95,7,242,63,9,3,72,95,7,176,0,19,0,26,118,9,151,0,37,0,37,114,10,154,0,16,0,20,94,0,117,0,0,0,0,26,5,28,241,117,11,368,875,63,1311,0,13,0,13,111,5,134,10,10,0,13,204,21,241,80,15,5,104,388,47,540,222,16,10,255,194,16,473,132,12,4,144,188,18,354,14,29,0,46,239,24,310,0,51,0,51,216,7,275,0,27,0,28,184,9,224,0,0,0,0
SAL80092,0,3,0,3,82,3,89,0,0,0,0,79,0,80,38,8,0,54,219,24,287,120,0,0,128,98,12,240,71,3,3,78,102,8,191,16,8,0,22,147,14,179,0,27,0,27,108,3,138,0,8,0,12,93,0,110,0,3,0,3,31,0,30,252,68,7,327,964,63,1355,0,0,0,3,67,0,77,0,0,0,0,92,0,101,54,13,3,76,195,10,282,153,0,5,158,101,17,278,72,10,6,85,108,3,204,6,42,0,52,157,4,211,0,47,0,47,104,3,150,0,14,0,16,112,8,136,0,0,0,0,39,0,38,298,135,14,448,967,57,1478,0,9,0,11,146,6,160,0,0,0,3,172,3,179,97,29,3,131,407,33,571,277,9,3,288,198,27,515,145,8,8,167,214,11,395,24,49,4,76,301,14,396,0,72,0,75,210,10,294,3,23,0,27,207,9,243,0,3,0,3
SAL80093,0,8,0,8,77,0,85,0,0,0,6,72,9,79,34,3,0,32,125,14,176,97,0,7,100,56,0,160,63,9,0,69,90,5,165,15,12,0,24,155,5,184,4,39,0,43,132,4,176,3,5,0,6,54,3,63,0,0,0,0,18,0,24,211,66,3,286,777,42,1106,0,8,0,7,65,3,78,3,5,0,9,71,3,85,46,6,4,52,94,3,153,108,4,8,117,43,4,164,55,12,6,73,105,13,182,3,48,0,54,171,3,230,0,56,0,56,136,9,193,0,13,0,13,63,0,68,0,0,0,0,19,0,17,214,144,15,374,765,35,1174,0,6,0,10,139,3,158,3,11,0,9,147,10,166,73,5,4,87,225,19,325,204,4,7,218,102,10,324,120,17,5,142,193,16,351,22,58,0,79,327,14,414,6,91,0,94,267,9,369,3,12,0,14,113,3,132,0,0,0,0
SAL80094,0,0,0,0,98,3,104,0,3,0,3,99,8,110,45,6,0,55,114,11,183,144,8,5,151,79,6,232,92,7,0,101,114,11,227,17,17,0,31,134,4,170,0,43,0,43,110,8,155,0,13,0,13,87,4,107,0,0,0,0,18,0,19,301,101,4,404,839,55,1296,0,7,0,6,75,3,86,3,8,0,7,65,3,75,68,6,6,83,107,5,201,186,3,12,203,66,6,271,78,12,6,94,129,13,227,6,43,0,51,124,4,175,0,60,0,60,108,0,168,0,8,0,8,96,5,108,0,0,0,0,18,0,16,345,139,18,506,790,44,1338,0,11,0,13,168,5,185,7,12,0,14,157,12,187,115,16,6,135,226,17,383,328,9,20,354,144,9,502,175,22,5,199,240,17,457,23,56,0,79,255,9,346,0,97,0,97,214,9,325,0,22,0,22,187,11,215,0,0,0,0
SAL80095,0,0,0,0,0,0,0,0,0,0,0,0,0,0,0,0,0,0,0,0,0,0,0,0,0,0,0,0,0,0,0,0,0,0,0,0,0,0,0,0,0,0,0,0,0,0,0,0,0,0,0,0,0,0,0,0,0,0,0,0,0,0,0,0,0,0,0,0,0,3,0,0,0,0,0,0,0,0,0,0,0,0,0,0,0,0,0,0,0,0,0,0,0,0,0,0,0,0,0,0,0,0,0,0,0,0,0,0,0,0,0,0,0,0,0,0,0,0,0,0,0,0,0,0,0,0,0,0,0,0,0,0,0,0,0,0,0,3,0,6,0,0,0,0,0,0,0,0,0,0,0,0,0,0,0,0,0,0,0,0,0,0,0,0,0,0,0,0,0,0,0,0,0,0,5,0,0,0,0,0,0,0,0,0,0,0,0,0,0,0,0,0,0,0,0,0,0,0,0,0
SAL80096,0,0,0,0,0,0,0,0,0,0,0,0,0,0,0,0,0,0,0,0,0,0,0,0,0,0,0,0,0,0,0,0,0,0,0,0,0,0,0,0,0,0,0,0,0,0,0,0,0,0,0,0,0,0,0,0,0,0,0,0,0,0,0,0,0,0,0,0,0,0,0,0,0,0,0,0,0,0,0,0,0,0,0,0,0,0,0,0,0,0,0,0,0,0,0,0,0,0,0,0,0,0,0,0,0,0,0,0,0,0,0,0,0,0,0,0,0,0,0,0,0,0,0,0,0,0,0,0,0,0,0,0,0,0,0,0,0,0,0,0,0,0,0,0,0,0,0,0,0,0,0,0,0,0,0,0,0,0,0,0,0,0,0,0,0,0,0,0,0,0,0,0,0,0,0,0,0,0,0,0,0,0,0,0,0,0,0,0,0,0,0,0,0,0,0,0,0,0,0,0
SAL80097,0,3,0,3,133,6,143,5,5,0,12,139,0,146,85,9,5,91,213,10,321,201,11,4,212,121,11,345,101,16,3,120,184,12,312,15,38,4,54,286,6,352,3,70,3,74,222,11,304,0,13,0,12,119,20,149,0,0,0,0,62,21,86,410,161,16,588,1475,86,2156,0,13,0,13,130,3,146,9,9,0,18,97,6,117,127,10,3,148,158,9,318,227,7,19,250,109,10,367,83,15,4,103,216,7,322,13,103,0,117,305,11,436,3,103,0,109,216,11,334,0,16,0,16,206,39,261,0,0,0,0,136,63,198,463,291,32,782,1561,151,2502,0,17,0,17,258,6,287,19,9,0,30,235,6,267,211,23,10,245,378,15,631,430,20,21,464,228,17,710,187,31,10,223,396,14,636,27,140,6,172,594,23,784,7,180,6,189,436,22,646,0,36,0,38,317,55,406,0,4,0,4
SAL80098,0,5,0,5,127,0,142,5,3,0,7,133,12,147,145,15,4,155,347,23,534,370,6,6,387,223,27,632,105,7,0,117,126,7,250,8,9,0,13,69,4,87,0,13,0,12,36,3,55,0,4,0,4,10,0,14,0,0,0,0,0,0,0,625,64,14,700,1084,75,1855,0,11,0,11,104,8,122,13,8,0,30,106,4,140,269,23,8,297,279,36,615,399,8,11,416,151,19,598,66,6,3,85,127,13,218,5,23,0,30,67,0,100,0,15,0,20,34,4,52,0,3,0,3,7,0,12,0,0,0,0,0,0,0,762,110,21,896,868,90,1853,0,21,0,21,229,12,258,15,12,0,28,236,13,282,413,35,6,456,634,63,1149,766,19,16,803,375,49,1227,173,20,8,196,252,17,468,10,38,0,51,134,9,190,3,29,0,31,67,7,107,0,6,0,6,17,3,32,0,0,0,0
SAL80099,0,5,0,4,173,6,185,0,5,0,4,159,10,176,53,8,0,59,324,27,409,221,10,8,237,178,26,439,185,0,0,188,215,19,427,47,16,0,61,277,22,359,0,38,0,41,230,28,292,0,14,0,22,124,23,164,0,0,0,0,37,32,67,514,91,12,615,1715,188,2519,0,14,0,17,165,9,186,4,3,0,6,152,7,166,91,17,6,108,273,17,401,288,14,21,324,151,22,493,177,7,8,191,248,22,464,26,45,0,73,334,28,428,6,58,0,61,219,21,297,0,16,0,18,152,30,193,0,0,0,0,102,63,160,596,165,31,794,1788,210,2790,5,18,0,19,336,19,374,8,3,0,9,316,18,344,138,17,6,166,596,43,805,512,20,28,560,325,48,934,365,11,6,377,467,43,883,72,59,0,136,607,48,790,9,94,0,106,449,44,595,0,31,0,34,276,57,356,0,0,0,0
SAL80100,4,11,0,16,297,13,325,3,10,0,16,313,20,351,265,24,12,290,652,36,983,501,14,14,524,350,33,910,211,14,4,230,380,21,627,27,25,0,57,369,10,440,0,34,0,37,231,5,279,0,24,0,21,154,7,181,0,0,0,0,47,3,44,1011,161,27,1202,2791,153,4140,0,26,0,31,244,9,282,17,23,0,36,265,9,311,384,34,23,441,499,36,982,583,20,20,628,301,31,959,195,27,7,233,461,24,716,4,89,0,97,406,6,510,10,93,0,95,295,23,411,0,25,0,30,190,12,227,0,0,0,0,38,3,45,1194,345,51,1588,2705,152,4437,5,41,0,43,543,18,600,21,37,0,58,575,31,662,646,56,28,731,1156,75,1963,1087,33,31,1157,653,63,1868,410,48,13,463,844,44,1344,31,116,0,151,769,23,944,10,128,0,134,528,24,686,4,47,0,51,347,19,409,0,0,0,0
SAL80101,0,10,0,15,224,6,239,0,4,0,6,244,7,254,66,10,0,69,221,8,303,197,0,6,208,108,5,324,200,3,6,211,342,11,560,38,46,0,87,416,12,512,4,76,0,75,262,11,349,0,28,0,28,155,3,180,0,0,0,0,20,0,22,508,178,15,702,1979,64,2745,0,8,0,8,223,3,233,4,11,0,16,202,5,217,89,18,6,110,165,5,274,271,13,10,293,103,8,403,188,23,9,220,367,11,589,11,102,0,115,387,7,504,6,101,0,107,247,14,363,0,22,0,22,127,5,157,0,0,0,0,35,0,35,568,291,19,880,1853,50,2788,0,19,0,21,444,6,472,6,8,0,18,448,9,476,155,22,6,181,390,8,579,472,15,16,502,206,15,724,385,23,15,425,701,26,1147,55,143,0,200,800,21,1026,6,182,0,184,512,20,711,0,48,0,48,278,9,340,0,0,0,0
SAL80102,0,10,0,10,181,6,197,0,3,0,3,324,14,338,26,12,0,37,396,26,461,161,0,8,170,147,11,324,193,11,7,205,211,5,422,52,13,3,69,254,14,330,4,39,0,47,190,9,239,0,18,0,18,74,0,91,0,0,0,0,34,0,38,436,109,14,558,1796,82,2442,0,10,0,9,146,3,155,0,14,0,12,357,5,378,50,14,0,70,384,15,471,220,11,10,245,118,12,375,176,16,14,201,224,14,437,19,47,0,71,265,6,342,5,71,0,71,165,4,244,0,15,0,15,90,4,103,0,0,0,3,49,4,52,475,188,31,690,1801,70,2561,0,18,0,24,323,4,355,0,16,0,17,683,22,720,81,25,0,112,776,44,932,378,13,16,410,259,23,694,364,23,18,410,435,15,864,72,60,3,131,518,19,672,5,113,0,120,352,14,485,0,25,0,25,163,4,195,0,4,0,6
SAL80103,0,0,0,0,26,0,26,0,0,0,0,31,0,29,3,4,0,3,31,0,38,16,0,0,20,19,5,35,25,0,0,25,36,0,65,8,6,0,9,57,4,70,0,15,0,16,50,3,68,0,10,0,10,37,0,47,0,0,0,0,8,0,14,52,30,0,88,293,17,399,0,0,0,0,36,0,34,0,0,0,0,23,0,27,3,0,0,6,21,0,27,15,3,7,24,9,0,35,36,0,0,36,45,0,79,0,10,0,11,60,0,66,0,27,0,27,53,5,81,0,9,0,9,33,0,43,0,0,0,0,10,0,8,58,44,4,104,283,12,405,0,0,0,0,58,0,61,0,0,0,0,55,0,60,5,3,0,8,48,0,62,32,8,6,40,31,9,70,61,0,0,66,77,4,150,7,10,0,16,118,3,141,0,38,0,40,104,4,150,0,18,0,18,73,5,94,0,0,0,0
SAL80104,0,0,0,0,3,0,5,0,0,0,0,10,0,12,0,0,0,0,27,11,37,14,0,0,14,17,10,48,5,0,0,10,18,12,37,0,4,0,4,22,8,36,0,0,0,0,16,0,18,0,0,0,0,4,0,4,0,0,0,0,0,0,0,26,10,0,30,119,50,200,0,0,0,0,6,0,3,0,0,0,0,4,0,4,5,0,0,6,16,14,39,11,0,0,10,9,6,23,4,0,0,4,13,0,15,0,3,0,8,12,3,18,0,3,0,3,6,0,15,0,0,0,0,0,0,0,0,0,0,0,4,0,4,25,8,0,32,64,23,120,0,0,0,0,7,3,11,0,0,0,0,15,0,18,6,0,0,10,41,24,76,26,0,0,26,27,16,71,9,0,0,14,32,17,60,0,5,0,4,32,17,56,0,5,0,5,21,0,30,0,0,0,0,4,0,4,0,0,0,0
SAL80105,0,6,0,6,70,4,79,0,3,0,3,52,0,56,25,3,0,29,65,4,94,54,0,0,60,29,3,97,50,7,0,57,48,7,107,5,18,0,27,95,3,126,0,19,0,21,83,0,107,0,3,0,3,26,0,24,0,0,0,0,4,0,4,138,66,3,208,457,26,693,0,5,0,5,26,0,29,4,4,0,8,36,3,47,37,7,4,48,66,7,118,74,3,3,80,19,0,100,33,10,0,41,61,6,104,5,42,0,43,93,0,140,0,33,0,33,67,4,103,0,0,0,0,22,3,24,0,0,0,0,5,0,9,155,101,8,262,382,25,676,0,12,0,10,88,3,107,4,5,0,11,82,5,97,60,10,5,77,121,12,215,125,6,9,141,52,5,201,82,12,0,94,106,12,216,12,62,0,72,186,4,267,3,53,0,57,147,7,205,0,3,0,3,41,3,42,0,0,0,0
SAL80106,0,6,0,6,51,0,63,0,0,0,0,71,11,82,43,7,4,47,201,22,274,117,3,8,122,80,14,210,52,8,0,63,80,4,148,10,7,0,19,95,8,119,0,13,0,12,65,15,95,0,8,0,8,88,10,113,0,0,0,0,69,13,89,227,44,7,278,810,104,1192,0,8,0,8,48,4,57,7,0,0,8,82,0,96,54,3,3,66,167,12,245,113,5,8,125,60,11,194,53,14,5,66,99,6,175,5,16,0,21,87,10,116,0,27,0,34,110,4,150,0,10,0,8,161,23,194,0,0,0,3,113,44,160,238,84,18,341,933,117,1386,0,8,0,8,98,10,117,4,0,0,11,157,11,175,95,11,5,113,365,34,517,232,4,10,250,138,24,403,108,18,5,129,181,15,324,11,27,0,42,178,16,236,0,41,0,48,178,18,242,0,17,0,13,253,40,304,0,0,0,3
SAL80107,0,6,0,5,127,9,141,3,0,0,3,188,0,197,93,6,0,106,286,24,410,229,10,7,246,184,27,454,105,13,5,115,228,15,354,23,26,0,48,260,12,315,3,38,0,38,164,8,206,0,0,0,0,64,3,71,0,0,0,0,21,0,21,459,102,10,567,1517,86,2175,0,9,0,9,133,0,141,9,8,0,16,146,0,161,164,16,6,186,234,15,441,246,13,13,266,136,19,421,111,22,3,135,244,16,398,9,58,0,66,258,4,329,4,60,0,67,183,6,254,0,17,0,17,83,9,97,0,0,0,0,32,0,33,541,193,26,755,1449,72,2273,0,15,0,11,260,8,284,8,11,3,19,330,3,356,259,25,7,289,523,41,852,474,21,17,514,321,43,878,212,29,6,252,470,30,751,35,84,0,111,522,16,647,5,102,0,106,347,11,462,0,11,0,11,147,7,170,0,0,0,0
SAL80108,0,0,0,0,0,0,0,0,0,0,0,0,0,0,0,0,0,0,0,0,0,0,0,0,0,0,0,0,0,0,0,0,0,0,0,0,0,0,0,0,0,0,0,0,0,0,0,0,0,0,0,0,0,0,0,0,0,0,0,0,0,0,0,0,0,0,0,0,0,0,0,0,0,0,0,0,0,0,0,0,0,0,0,0,0,0,0,0,0,0,0,0,0,0,0,0,0,0,0,0,0,0,0,0,0,0,0,0,0,0,0,0,0,0,0,0,0,0,0,0,0,0,0,0,0,0,0,0,0,0,0,0,0,0,0,0,0,0,0,0,0,0,0,0,0,0,0,0,0,0,0,0,0,0,0,0,0,0,0,0,0,0,0,0,0,0,0,0,0,0,0,0,0,0,0,0,0,0,0,0,0,0,0,0,0,0,0,0,0,0,0,0,0,0,0,0,0,0,0,0
SAL80109,0,9,0,9,96,0,105,0,0,0,0,77,0,79,29,0,0,31,97,4,136,90,7,0,96,43,0,149,70,4,0,81,104,6,195,12,9,0,27,147,5,178,3,24,0,28,97,0,120,0,14,0,14,77,8,99,0,0,0,0,28,0,31,205,68,6,283,768,41,1086,0,9,0,9,57,3,63,0,7,0,7,69,9,85,31,5,0,38,91,6,134,120,0,6,128,44,0,176,77,12,5,97,96,6,204,3,20,0,22,143,4,169,0,29,0,29,103,11,145,0,10,0,10,109,0,125,0,0,0,0,38,0,42,236,98,15,346,748,41,1139,0,16,0,16,152,3,169,0,12,0,12,145,6,163,61,4,0,74,188,9,269,208,7,7,225,90,8,320,149,22,6,183,200,13,393,17,32,0,50,290,8,344,3,52,0,56,197,14,267,0,25,0,25,186,13,223,0,0,0,0
SAL80110,0,0,0,0,46,4,51,4,4,0,11,174,12,194,93,9,0,105,718,57,877,157,5,3,162,309,29,501,35,0,0,42,173,19,233,9,6,0,18,149,14,178,3,15,0,22,84,4,105,0,0,0,0,38,7,49,0,0,0,0,13,0,17,307,51,3,360,1709,138,2208,0,0,0,0,56,3,63,3,7,0,13,235,19,270,153,22,0,174,781,44,996,150,14,0,162,231,9,401,49,7,0,55,186,14,253,6,24,0,31,171,9,200,0,28,0,28,92,9,130,0,6,0,6,56,3,66,0,0,0,0,25,0,25,360,108,6,474,1829,106,2405,0,7,0,7,100,8,112,12,12,0,26,412,31,463,249,33,3,283,1494,94,1875,302,18,3,329,539,39,898,87,8,0,98,366,27,488,14,26,0,47,318,22,378,3,44,0,44,174,14,239,0,5,0,5,103,10,113,0,0,0,0
SAL80111,0,0,0,0,0,0,0,0,0,0,0,5,0,6,3,0,0,3,0,0,4,3,0,0,3,4,0,8,4,0,0,4,14,6,22,0,0,0,0,7,0,12,0,0,0,0,5,0,5,0,0,0,0,5,0,5,0,0,0,0,5,0,5,6,6,0,11,36,10,59,0,0,0,0,4,0,4,0,0,0,0,4,0,4,3,0,0,3,0,0,5,0,0,0,5,0,0,7,5,0,0,5,6,0,12,0,5,0,5,7,0,15,0,0,0,0,5,0,6,0,0,0,0,7,0,7,0,0,0,0,0,0,0,10,0,0,15,34,4,54,0,0,0,0,5,0,5,0,0,0,0,11,0,14,7,0,0,7,5,0,3,3,0,0,6,3,4,12,9,0,0,9,23,6,27,0,7,0,4,12,0,22,0,0,0,0,10,0,11,0,0,0,0,5,0,5,0,0,0,0
SAL80112,0,9,0,9,153,9,170,0,4,0,3,107,0,114,12,0,0,16,104,3,116,96,3,0,105,61,10,169,121,0,7,130,93,4,230,35,4,0,36,160,3,205,6,27,0,32,111,7,147,3,13,0,15,61,0,78,0,0,0,0,37,0,41,275,68,7,347,882,40,1269,0,11,0,11,124,3,137,0,0,0,8,58,3,65,21,0,0,28,84,8,122,134,0,7,145,38,7,187,121,8,3,129,99,10,235,12,20,0,34,167,7,210,5,53,0,58,104,7,161,0,9,0,9,67,4,78,0,3,0,3,87,5,92,303,104,13,419,829,42,1295,0,19,0,19,278,6,309,0,3,0,10,166,4,178,35,5,0,43,188,10,238,240,10,7,253,99,15,360,239,10,7,266,196,13,468,43,26,0,71,332,12,414,6,76,0,87,207,18,312,3,20,0,20,127,5,152,0,5,0,5
SAL80113,0,0,0,0,30,4,31,0,0,0,0,84,0,89,15,4,0,15,148,16,177,16,0,0,19,65,6,99,21,0,0,19,67,7,97,6,0,0,7,103,8,124,0,13,0,11,67,6,82,0,7,0,7,31,5,44,0,0,0,0,7,0,9,57,24,0,88,608,56,752,0,0,0,5,24,4,28,0,7,0,7,87,6,98,17,4,0,25,98,3,127,39,0,0,38,28,11,76,25,0,0,25,47,4,72,3,11,0,13,86,4,106,0,26,0,26,61,5,90,0,5,0,5,44,0,46,0,0,0,0,14,0,14,83,47,0,139,486,42,666,0,4,0,6,55,3,63,0,7,0,7,171,12,185,33,11,0,39,248,17,306,55,0,6,63,101,15,175,45,0,0,45,110,14,167,10,12,0,24,194,14,230,0,34,0,36,129,12,178,0,17,0,17,76,4,95,0,0,0,0
SAL80114,0,7,0,11,102,8,119,3,7,0,8,95,4,110,77,6,0,81,143,5,229,106,0,5,121,95,9,225,57,5,4,58,125,4,198,4,17,0,21,143,6,168,0,29,0,24,106,0,131,0,0,0,0,39,4,45,0,0,0,0,9,0,11,252,74,6,337,858,50,1236,0,7,0,6,72,5,86,5,0,0,8,52,0,66,101,13,5,115,108,18,242,112,4,7,126,67,10,204,49,20,0,69,129,3,207,5,50,0,52,154,5,212,0,29,0,30,94,4,124,0,0,0,0,46,0,45,0,0,0,0,15,0,15,278,130,15,425,741,46,1209,4,15,0,16,179,12,202,8,11,0,19,152,9,182,183,20,5,204,250,21,471,218,5,13,247,163,19,430,105,21,4,131,256,11,403,8,69,0,80,296,15,389,0,55,0,56,198,3,262,0,4,0,4,80,0,86,0,0,0,0
SAL80115,0,8,0,8,73,11,92,0,0,0,4,64,5,77,48,8,5,58,147,15,219,136,4,3,142,79,13,234,82,0,0,88,118,12,214,25,13,0,37,122,5,157,0,26,0,30,114,0,143,0,15,0,14,75,5,101,0,0,0,0,24,0,26,294,73,7,377,818,65,1258,0,4,0,4,82,5,97,3,7,0,13,60,7,77,68,8,4,80,109,8,199,156,7,11,173,71,9,254,79,12,0,96,118,9,226,7,18,0,26,147,7,177,3,46,0,49,156,7,212,0,14,3,20,92,9,117,0,0,0,0,34,0,43,323,122,17,462,874,63,1402,0,11,0,11,159,15,186,0,8,0,16,128,10,153,118,11,7,137,253,22,420,293,9,13,321,150,24,496,161,16,5,187,234,18,443,29,33,0,62,265,13,336,0,71,0,76,270,8,354,0,33,3,34,172,12,215,0,3,0,3
SAL80116,0,0,0,0,0,0,0,0,0,0,0,0,0,0,0,0,0,0,0,0,0,0,0,0,0,0,0,0,0,0,0,0,0,0,0,0,0,0,0,0,0,0,0,0,0,0,0,0,0,0,0,0,0,0,0,0,0,0,0,0,0,0,0,0,0,0,0,0,0,0,0,0,0,0,0,0,0,0,0,0,0,0,0,0,0,0,0,0,0,0,0,0,0,0,0,0,0,0,0,0,0,0,0,0,0,0,0,0,0,0,0,0,0,0,0,0,0,0,0,0,0,0,0,0,0,0,0,0,0,0,0,0,0,0,0,0,0,0,0,0,0,0,0,0,0,0,0,0,0,0,0,0,0,0,0,0,0,0,0,0,0,0,0,0,0,0,0,0,0,0,0,0,0,0,0,0,0,0,0,0,0,0,0,0,0,0,0,0,0,0,0,0,0,0,0,0,0,0,0,0
SAL80117,0,7,0,7,65,3,76,0,4,0,7,73,11,92,67,3,0,70,178,13,262,132,7,8,150,99,7,248,73,4,0,73,97,14,186,4,12,0,15,109,7,140,0,18,0,18,81,0,102,0,9,0,9,62,4,76,0,0,0,0,14,4,19,274,63,11,347,783,63,1196,0,12,0,16,58,3,75,3,8,0,7,72,3,90,84,6,6,95,142,9,249,159,6,11,172,81,13,263,74,10,7,88,105,3,197,3,29,0,28,95,5,128,0,30,0,30,104,7,138,0,14,0,14,49,6,68,0,0,0,0,16,0,16,316,107,21,449,726,48,1232,0,15,0,17,128,3,153,3,14,0,16,145,16,177,151,15,6,168,320,21,512,284,12,20,320,177,17,513,143,10,8,160,204,15,386,10,36,0,47,206,12,268,0,51,0,51,187,8,239,0,25,0,25,112,9,145,0,0,0,0
SAL80118,0,3,0,3,82,10,92,0,0,0,0,66,5,73,42,0,0,45,94,7,147,106,3,7,118,75,5,202,63,0,0,63,97,9,169,11,9,0,21,94,4,116,0,25,0,27,100,0,130,0,3,0,0,60,0,64,0,0,0,0,12,0,12,223,43,8,274,693,35,998,0,3,0,3,72,0,81,3,8,0,5,62,8,74,55,6,0,57,90,11,161,136,8,8,151,50,4,205,59,4,4,70,105,0,171,4,18,0,22,102,3,133,0,37,0,37,131,7,174,0,3,0,3,58,0,63,0,0,0,0,16,0,16,245,99,8,353,679,36,1070,0,9,0,9,150,11,173,3,7,0,8,124,13,143,90,7,0,98,189,17,305,244,13,9,270,125,10,404,119,12,4,131,200,16,343,15,24,0,40,201,8,251,0,59,0,64,229,13,300,0,8,0,7,120,0,131,0,0,0,0
SAL80119,0,8,0,4,58,6,66,3,0,0,3,47,0,54,20,3,0,25,59,4,95,78,5,4,82,39,8,125,60,3,0,62,70,7,140,9,6,0,13,77,5,98,3,32,0,36,101,0,133,0,5,0,10,67,3,75,0,0,0,0,40,3,48,170,60,8,236,561,36,834,0,10,0,8,44,0,49,0,3,0,3,42,4,42,35,5,0,36,64,7,113,81,3,6,92,34,7,131,52,5,0,58,86,8,149,7,32,0,38,100,6,143,0,54,0,52,98,3,151,0,11,0,11,100,3,118,0,0,0,0,83,3,87,180,110,7,302,644,39,981,0,10,0,16,96,8,118,3,3,0,9,89,0,97,60,3,0,65,127,17,205,158,4,9,168,77,13,258,113,5,3,121,159,8,291,19,33,0,54,180,5,236,3,82,0,88,195,0,288,0,19,0,22,164,8,198,0,0,0,0
SAL80120,0,0,0,0,11,0,16,0,0,0,0,20,0,19,26,5,0,32,57,3,89,38,0,0,38,35,0,76,7,0,0,7,24,0,29,0,0,0,0,10,0,16,0,0,0,0,4,0,4,0,0,0,0,0,0,0,0,0,0,0,0,0,0,77,9,0,85,156,8,244,0,0,0,0,14,0,13,0,0,0,0,28,0,32,36,8,3,44,67,7,117,42,0,0,39,36,3,79,5,0,0,5,17,5,21,0,3,0,5,4,0,8,0,0,0,4,10,0,12,0,0,0,0,0,0,0,0,0,0,0,0,0,0,89,10,3,98,179,13,290,0,4,0,4,25,5,28,6,0,0,0,49,0,55,62,10,5,75,119,8,202,74,3,0,78,70,5,154,11,0,0,11,39,4,56,3,3,0,5,20,0,20,0,5,0,4,10,0,16,0,0,0,0,0,0,0,0,0,0,0
SAL80121,0,0,0,0,4,0,12,0,0,0,0,6,7,15,0,0,0,0,21,10,34,4,0,0,4,14,31,56,9,0,0,9,33,20,61,0,3,0,3,57,34,96,0,0,0,0,33,13,55,0,0,0,0,31,7,37,0,0,0,0,3,0,3,14,4,0,22,210,126,364,0,0,0,0,10,4,9,0,0,0,0,7,8,16,4,5,0,3,9,11,24,10,0,0,11,10,6,25,5,4,0,7,20,9,33,0,3,0,3,25,22,48,0,7,0,7,40,16,59,0,0,0,0,21,6,26,0,0,0,0,3,0,3,12,17,0,26,139,78,246,0,0,0,0,13,6,19,0,0,0,0,16,17,32,4,3,0,12,32,26,58,12,0,0,14,25,33,78,8,4,0,11,53,31,93,0,5,0,10,83,52,145,0,9,0,9,79,33,117,0,0,0,0,53,10,61,0,0,0,0
SAL80122,0,4,0,4,30,0,40,0,0,0,6,43,4,53,53,0,3,59,178,18,253,161,0,4,165,88,18,271,30,0,0,30,37,0,73,5,3,0,12,33,3,46,0,6,0,6,30,0,30,0,0,0,0,3,0,5,0,0,0,0,0,0,0,250,20,10,277,446,50,774,0,3,0,3,41,0,46,11,3,0,11,45,11,67,120,12,3,137,149,18,299,155,4,0,158,52,8,223,17,7,0,28,49,4,75,3,12,0,17,30,6,51,0,12,0,16,12,0,30,0,5,0,5,8,0,9,0,0,0,0,0,0,0,309,58,11,377,384,49,809,0,5,0,5,73,0,81,11,7,0,17,89,14,120,177,11,6,195,321,34,549,312,10,5,326,139,28,495,46,10,0,59,90,8,152,9,17,0,28,64,6,98,0,15,0,20,43,0,69,0,9,0,9,12,0,18,0,0,0,0
SAL80123,0,0,0,0,4,0,4,0,0,0,0,0,0,0,0,0,0,0,5,0,9,0,0,0,0,0,0,3,4,0,0,4,4,0,7,0,0,0,0,8,0,5,0,0,0,0,4,0,4,0,0,0,0,0,0,0,0,0,0,0,0,0,0,7,0,0,9,23,0,29,0,0,0,0,0,0,0,0,0,0,0,4,0,4,3,0,0,5,3,0,6,3,0,0,3,0,0,4,0,3,0,3,0,0,3,0,5,0,4,0,0,6,0,0,0,0,0,0,4,0,0,0,0,0,0,0,0,0,0,0,0,0,0,7,10,0,17,19,0,35,0,0,0,0,4,0,5,0,0,0,0,0,0,0,4,0,0,8,11,0,18,6,0,0,6,0,0,6,4,3,0,3,6,0,9,0,0,0,0,11,0,14,0,0,0,0,6,0,8,0,0,0,0,0,0,0,0,0,0,0
SAL80124,0,11,0,11,135,3,148,6,4,0,10,115,0,129,80,6,3,89,181,6,276,128,4,14,146,94,7,250,79,0,0,87,164,7,255,16,21,0,34,222,5,266,0,23,0,28,116,0,145,0,4,0,4,28,6,35,0,0,0,0,12,0,12,316,85,16,414,1058,43,1509,0,12,0,12,106,0,126,12,15,0,19,104,3,125,113,22,7,143,138,8,288,156,6,15,176,72,8,254,81,13,7,105,183,5,293,10,74,0,84,213,3,302,0,26,0,28,91,0,121,0,0,0,0,33,0,36,0,0,0,0,14,0,15,375,177,25,573,952,35,1560,0,25,0,25,241,12,280,12,18,0,33,215,8,255,193,32,10,237,314,16,565,287,10,22,317,166,15,502,167,17,7,188,343,11,540,27,97,0,123,438,6,569,6,50,0,61,208,4,262,0,7,0,7,65,3,78,0,0,0,0
SAL80125,0,7,0,7,41,0,45,0,3,0,3,45,0,52,50,5,0,57,175,14,243,177,0,0,185,112,19,310,64,0,0,69,61,0,130,3,5,0,13,32,3,41,0,8,0,8,16,0,23,0,4,0,4,3,0,5,0,0,0,0,0,0,0,304,31,6,332,488,34,855,0,8,0,8,35,0,51,0,4,0,6,49,0,51,113,10,0,122,142,14,272,200,4,3,205,61,8,276,37,8,0,47,64,0,105,0,13,0,13,32,3,47,0,12,0,12,14,0,31,0,0,0,0,5,0,9,0,0,0,0,0,0,0,357,53,0,406,396,28,834,0,10,0,10,77,0,92,0,3,0,5,90,9,104,166,10,3,176,313,28,514,378,3,3,387,168,27,582,100,8,0,109,126,4,236,3,20,0,21,59,7,91,0,19,0,19,30,0,50,0,3,0,3,11,0,19,0,0,0,0
SAL80126,0,0,0,0,80,6,85,0,3,0,3,73,7,86,24,5,0,33,79,10,120,103,4,0,108,49,8,162,67,5,5,71,101,7,183,18,7,0,26,100,3,131,3,19,0,24,60,0,84,0,4,0,4,58,5,72,0,0,0,0,21,0,21,211,54,5,274,626,47,945,0,3,0,9,49,0,53,3,10,0,11,49,4,70,50,7,0,59,65,8,134,117,6,9,128,41,3,177,73,9,0,85,95,4,182,5,19,0,20,110,8,135,0,30,0,30,64,5,98,0,5,0,9,73,5,83,0,0,0,0,24,3,23,250,84,13,346,566,39,955,0,3,0,5,128,4,144,3,13,0,15,124,11,150,78,12,4,95,144,14,255,221,13,11,236,91,7,338,140,10,6,159,195,10,365,18,28,0,47,210,13,269,3,49,0,53,127,4,185,0,9,0,10,136,11,151,0,0,0,0
SAL80127,0,6,0,6,42,5,51,0,3,0,3,284,3,295,27,8,0,33,641,19,691,84,6,4,98,227,14,339,63,6,0,68,118,14,198,14,8,0,17,146,10,170,0,24,0,21,92,5,123,0,7,0,7,50,0,56,0,0,0,0,15,0,15,189,58,8,258,1622,65,1947,0,3,0,3,68,0,73,0,13,0,13,411,11,437,41,16,0,61,640,24,724,107,7,4,120,176,21,315,48,8,3,59,150,9,219,5,18,3,28,132,0,162,0,37,0,43,104,5,147,0,12,0,12,62,0,77,0,0,0,0,20,0,25,203,115,7,328,1770,71,2176,0,8,0,9,110,4,121,0,13,0,13,697,14,731,65,26,0,93,1280,42,1416,198,10,5,218,402,35,649,109,9,3,125,269,19,415,19,26,4,46,281,8,337,3,59,0,61,199,17,272,0,17,0,17,106,3,131,0,0,0,0
SAL80128,0,0,0,0,12,3,14,0,0,0,0,8,0,8,4,0,0,8,10,0,18,16,0,0,16,13,0,30,9,3,0,14,8,0,25,0,0,0,0,13,6,10,0,0,0,0,3,4,11,0,0,0,0,0,0,3,0,0,0,0,0,0,0,37,8,0,39,69,8,116,0,0,0,0,12,0,9,0,0,0,0,6,0,4,9,0,0,12,9,0,18,27,0,0,27,7,3,34,7,5,0,13,9,0,23,0,3,0,0,16,0,17,0,0,0,0,0,0,0,0,0,0,0,0,0,0,0,0,0,0,0,0,0,42,12,0,52,52,6,110,0,0,0,0,18,3,19,0,0,0,0,17,0,13,9,3,0,19,21,0,38,43,0,0,43,20,3,66,19,7,0,27,26,0,45,0,6,0,5,20,4,29,0,3,0,3,10,4,6,0,0,0,0,0,0,3,0,0,0,0
SAL80129,0,11,0,13,218,10,240,6,4,0,13,174,6,196,124,18,3,146,362,16,524,302,12,12,319,204,18,549,198,9,5,208,280,14,506,38,38,0,76,344,20,435,9,111,0,116,317,20,459,0,18,0,18,154,8,183,0,0,0,0,40,0,39,670,234,19,921,2096,119,3127,3,21,0,22,163,5,194,8,18,0,26,160,9,195,178,23,11,210,255,20,480,377,16,23,412,161,19,589,161,21,6,188,265,16,465,20,109,0,133,363,14,518,6,162,0,164,345,15,522,0,22,0,27,145,8,178,0,0,0,0,51,0,51,746,391,35,1171,1914,104,3191,5,36,0,35,382,11,437,9,26,0,38,340,16,395,303,39,9,352,614,40,1005,680,27,28,734,365,38,1141,355,33,8,395,546,28,972,57,155,0,213,707,33,954,9,268,0,281,665,36,979,0,44,0,45,301,14,357,0,0,0,0
SAL80130,0,3,0,3,76,3,78,0,7,0,7,56,9,70,47,8,4,57,101,15,168,105,0,9,118,84,12,209,73,5,4,79,94,7,177,16,7,0,22,112,7,138,4,20,0,17,93,6,117,0,6,0,6,90,0,96,0,0,0,0,18,0,22,241,51,16,310,717,55,1083,0,7,0,7,64,0,71,5,5,0,6,57,3,62,65,4,4,75,99,13,184,140,8,12,155,51,7,215,70,0,7,78,105,4,184,0,24,0,25,101,4,125,4,42,0,41,98,0,146,0,11,0,11,84,9,103,0,0,0,0,25,6,28,278,93,20,398,676,47,1117,0,6,0,6,140,8,153,3,8,0,18,111,6,131,112,9,7,128,200,27,359,245,5,25,272,134,22,421,142,9,3,153,192,9,359,16,29,0,43,206,10,266,5,61,0,63,190,12,263,0,20,0,20,173,4,201,0,0,0,0
SAL80131,0,10,0,10,146,3,165,0,3,0,5,195,4,207,89,14,4,111,468,28,603,299,4,12,316,258,22,590,180,10,9,194,201,11,405,26,12,3,40,224,10,276,4,30,0,36,141,7,184,0,12,0,12,66,6,81,0,0,0,0,35,0,36,604,100,27,727,1729,92,2551,0,18,0,18,136,4,156,8,10,0,18,213,13,236,137,30,9,176,470,28,670,378,14,30,416,214,26,655,172,27,4,208,230,14,452,13,46,0,58,260,7,328,0,45,0,45,126,7,178,0,16,0,16,104,8,129,0,0,0,0,35,0,37,705,205,46,956,1779,105,2839,0,32,0,32,280,4,316,9,13,0,23,406,20,447,227,39,14,282,936,57,1273,670,19,45,731,465,45,1244,355,38,15,404,427,26,858,37,61,3,98,487,18,609,4,72,0,83,272,9,364,0,30,0,30,167,15,210,0,0,0,0
SAL80132,0,10,0,10,111,0,116,0,0,0,3,73,3,80,19,3,0,27,118,0,147,102,0,3,113,55,4,168,93,6,0,98,107,3,206,17,9,0,27,118,5,148,0,41,0,39,75,5,123,0,8,0,10,96,0,106,0,0,0,0,38,0,39,238,79,4,318,778,34,1132,0,6,0,6,89,0,97,0,9,0,13,70,0,80,39,3,5,45,84,9,137,136,5,4,148,38,7,187,92,4,0,96,101,4,199,10,32,0,38,107,3,144,4,58,0,58,89,3,154,0,6,0,6,97,5,112,0,0,0,0,41,0,41,275,126,8,405,710,23,1145,0,14,0,14,192,0,212,4,9,0,12,145,3,162,62,4,5,70,203,8,284,237,7,9,251,93,12,357,183,7,0,191,205,6,404,22,40,0,65,223,9,291,7,93,0,98,164,11,276,0,15,0,17,191,5,219,0,0,0,0
SAL80133,0,3,0,5,114,0,117,0,3,0,3,84,5,89,33,5,0,41,165,11,214,162,0,3,167,96,6,274,114,4,0,125,138,10,266,13,7,0,23,141,5,163,4,27,0,37,137,10,181,0,16,0,16,128,19,157,0,0,0,0,54,15,77,334,69,11,415,1049,82,1548,0,7,0,7,83,4,88,0,0,0,5,94,0,98,57,4,0,70,135,8,206,199,5,13,217,72,4,297,102,14,4,118,150,3,273,10,23,0,35,159,5,207,5,55,0,55,146,18,224,0,16,0,25,148,34,204,0,0,0,0,73,31,97,377,137,21,529,1058,105,1692,0,14,0,10,195,4,208,0,0,0,3,177,5,188,93,13,0,110,298,14,420,361,10,19,388,165,14,568,219,18,5,241,288,14,547,25,31,0,59,295,14,372,4,89,0,92,284,27,402,4,34,0,40,276,52,367,0,0,0,0
SAL80134,0,0,0,0,0,0,0,0,0,0,0,0,0,0,0,0,0,0,0,0,0,0,0,0,0,0,0,6,0,0,0,0,0,0,0,0,0,0,0,0,0,0,0,0,0,0,0,0,0,0,0,0,0,0,0,0,0,0,0,0,0,0,0,0,0,0,0,4,0,3,0,0,0,0,0,0,0,0,0,0,0,0,0,0,0,0,0,0,0,0,0,0,0,0,0,0,0,0,0,0,0,0,0,0,0,0,0,0,0,0,0,0,0,0,0,0,0,0,0,0,0,0,0,0,0,0,0,0,0,0,0,0,0,0,0,0,0,0,0,0,0,0,0,0,0,0,0,0,0,0,0,0,0,0,0,0,0,0,0,0,0,0,0,0,0,0,0,6,0,0,0,0,0,0,0,0,0,0,0,0,0,0,0,0,0,0,0,0,0,0,0,0,0,0,0,0,0,0,0,0
SAL80135,0,3,0,0,65,0,69,0,0,0,3,114,6,130,57,8,3,71,380,34,477,203,12,3,220,172,15,400,69,4,0,70,113,0,188,15,0,0,15,84,3,106,0,14,0,14,47,0,66,0,8,0,7,12,0,21,0,0,0,0,5,0,5,346,43,9,403,995,68,1463,0,6,0,3,67,0,76,9,5,0,16,133,8,150,108,21,0,129,376,29,533,225,14,7,251,142,11,405,57,6,0,63,123,3,194,9,20,0,31,104,5,135,0,27,0,27,38,8,67,0,0,0,0,15,0,16,0,0,0,0,3,0,3,405,98,9,509,1000,71,1580,3,3,0,7,134,3,140,10,8,0,15,249,15,282,169,30,5,201,753,58,1019,434,28,8,467,320,23,810,124,13,0,137,240,6,385,19,23,0,42,186,6,237,0,41,0,41,81,13,132,0,6,0,10,22,3,37,0,0,0,0
SAL80136,0,4,0,9,79,8,91,0,5,0,5,62,0,71,15,5,0,18,81,0,94,86,0,3,90,67,5,165,83,5,3,96,103,11,206,18,10,4,26,187,10,222,3,48,0,47,176,12,242,0,18,0,19,104,14,131,0,5,0,5,31,0,33,205,89,11,311,898,50,1258,0,6,0,5,80,3,84,0,5,0,8,63,10,75,19,3,0,30,76,5,113,128,6,3,133,44,3,183,85,9,3,105,100,8,213,15,27,0,37,198,5,240,0,87,3,89,188,16,290,0,15,0,13,113,13,134,0,0,0,0,52,0,55,249,155,20,421,902,57,1386,3,8,0,12,158,12,181,0,9,0,9,129,9,145,36,10,5,44,156,5,209,211,4,6,230,109,9,344,175,12,11,197,203,13,416,27,36,4,65,389,14,463,4,130,6,137,366,27,529,4,35,0,36,212,23,268,0,5,0,5
SAL89494,0,0,0,0,20,4,23,5,0,0,7,28,7,44,9,3,0,10,38,11,60,11,0,0,10,23,30,62,9,0,0,9,28,19,53,0,7,0,7,23,16,38,0,4,0,4,14,10,21,0,0,0,0,3,0,6,0,0,0,0,0,0,0,28,17,0,42,176,97,315,0,0,0,5,36,0,37,3,0,0,6,30,4,40,8,0,0,13,36,7,53,8,6,0,15,13,7,33,8,4,0,6,12,8,30,0,4,0,5,24,8,35,0,5,0,3,0,4,10,0,0,0,0,4,0,8,0,0,0,0,0,0,0,35,20,0,52,159,31,249,0,4,0,5,49,4,58,7,3,0,11,65,7,82,13,9,0,20,70,17,108,22,8,0,26,38,35,104,13,4,0,13,40,27,77,0,11,0,5,47,22,78,0,7,0,3,17,11,34,0,0,0,0,12,0,10,0,0,0,0
SAL89797,0,0,0,0,0,0,0,0,0,0,0,0,0,0,0,0,0,0,0,0,0,0,0,0,0,0,0,0,0,0,0,0,0,0,0,0,0,0,0,0,0,0,0,0,0,0,0,0,0,0,0,0,0,0,0,0,0,0,0,0,0,0,0,0,0,0,0,0,0,0,0,0,0,0,0,0,0,0,0,0,0,0,0,0,0,0,0,0,0,0,0,0,0,0,0,0,0,0,0,0,0,0,0,0,0,0,0,0,0,0,0,0,0,0,0,0,0,0,0,0,0,0,0,0,0,0,0,0,0,0,0,0,0,0,0,0,0,0,0,0,0,0,0,0,0,0,0,0,0,0,0,0,0,0,0,0,0,0,0,0,0,0,0,0,0,0,0,0,0,0,0,0,0,0,0,0,0,0,0,0,0,0,0,0,0,0,0,0,0,0,0,0,0,0,0,0,0,0,0,0
