SAL_CODE_2021,F_Malta_0_4,F_Malta_5_14,F_Malta_15_24,F_Malta_25_44,F_Malta_45_54,F_Malta_55_64,F_Malta_65_74,F_Malta_75_84,F_Malta_85ov,F_Malta_Tot,F_Mauritius_0_4,F_Mauritius_5_14,F_Mauritius_15_24,F_Mauritius_25_44,F_Mauritius_45_54,F_Mauritius_55_64,F_Mauritius_65_74,F_Mauritius_75_84,F_Mauritius_85ov,F_Mauritius_Tot,F_Myanmar_0_4,F_Myanmar_5_14,F_Myanmar_15_24,F_Myanmar_25_44,F_Myanmar_45_54,F_Myanmar_55_64,F_Myanmar_65_74,F_Myanmar_75_84,F_Myanmar_85ov,F_Myanmar_Tot,F_Nepal_0_4,F_Nepal_5_14,F_Nepal_15_24,F_Nepal_25_44,F_Nepal_45_54,F_Nepal_55_64,F_Nepal_65_74,F_Nepal_75_84,F_Nepal_85ov,F_Nepal_Tot,F_Netherlands_0_4,F_Netherlands_5_14,F_Netherlands_15_24,F_Netherlands_25_44,F_Netherlands_45_54,F_Netherlands_55_64,F_Netherlands_65_74,F_Netherlands_75_84,F_Netherlands_85ov,F_Netherlands_Tot,F_New_Zealand_0_4,F_New_Zealand_5_14,F_New_Zealand_15_24,F_New_Zealand_25_44,F_New_Zealand_45_54,F_New_Zealand_55_64,F_New_Zealand_65_74,F_New_Zealand_75_84,F_New_Zealand_85ov,F_New_Zealand_Tot,F_North_Macedonia_0_4,F_North_Macedonia_5_14,F_North_Macedonia_15_24,F_North_Macedonia_25_44,F_North_Macedonia_45_54,F_North_Macedonia_55_64,F_North_Macedonia_65_74,F_North_Macedonia_75_84,F_North_Macedonia_85ov,F_North_Macedonia_Tot,F_Pakistan_0_4,F_Pakistan_5_14,F_Pakistan_15_24,F_Pakistan_25_44,F_Pakistan_45_54,F_Pakistan_55_64,F_Pakistan_65_74,F_Pakistan_75_84,F_Pakistan_85ov,F_Pakistan_Tot,F_PNG_0_4,F_PNG_5_14,F_PNG_15_24,F_PNG_25_44,F_PNG_45_54,F_PNG_55_64,F_PNG_65_74,F_PNG_75_84,F_PNG_85ov,F_PNG_Tot,F_Philippines_0_4,F_Philippines_5_14,F_Philippines_15_24,F_Philippines_25_44,F_Philippines_45_54,F_Philippines_55_64,F_Philippines_65_74,F_Philippines_75_84,F_Philippines_85ov,F_Philippines_Tot,F_Poland_0_4,F_Poland_5_14,F_Poland_15_24,F_Poland_25_44,F_Poland_45_54,F_Poland_55_64,F_Poland_65_74,F_Poland_75_84,F_Poland_85ov,F_Poland_Tot,F_Samoa_0_4,F_Samoa_5_14,F_Samoa_15_24,F_Samoa_25_44,F_Samoa_45_54,F_Samoa_55_64,F_Samoa_65_74,F_Samoa_75_84,F_Samoa_85ov,F_Samoa_Tot,F_Scotland_0_4,F_Scotland_5_14,F_Scotland_15_24,F_Scotland_25_44,F_Scotland_45_54,F_Scotland_55_64,F_Scotland_65_74,F_Scotland_75_84,F_Scotland_85ov,F_Scotland_Tot,F_Singapore_0_4,F_Singapore_5_14,F_Singapore_15_24,F_Singapore_25_44,F_Singapore_45_54,F_Singapore_55_64,F_Singapore_65_74,F_Singapore_75_84,F_Singapore_85ov,F_Singapore_Tot,F_South_Africa_0_4,F_South_Africa_5_14,F_South_Africa_15_24,F_South_Africa_25_44,F_South_Africa_45_54,F_South_Africa_55_64,F_South_Africa_65_74,F_South_Africa_75_84,F_South_Africa_85ov,F_South_Africa_Tot,F_Sri_Lanka_0_4,F_Sri_Lanka_5_14,F_Sri_Lanka_15_24,F_Sri_Lanka_25_44,F_Sri_Lanka_45_54,F_Sri_Lanka_55_64,F_Sri_Lanka_65_74,F_Sri_Lanka_75_84,F_Sri_Lanka_85ov,F_Sri_Lanka_Tot,F_Taiwan_0_4,F_Taiwan_5_14,F_Taiwan_15_24,F_Taiwan_25_44,F_Taiwan_45_54,F_Taiwan_55_64,F_Taiwan_65_74,F_Taiwan_75_84,F_Taiwan_85ov,F_Taiwan_Tot,F_Thailand_0_4,F_Thailand_5_14,F_Thailand_15_24,F_Thailand_25_44,F_Thailand_45_54,F_Thailand_55_64,F_Thailand_65_74,F_Thailand_75_84,F_Thailand_85ov,F_Thailand_Tot,F_Turkey_0_4,F_Turkey_5_14,F_Turkey_15_24,F_Turkey_25_44,F_Turkey_45_54,F_Turkey_55_64,F_Turkey_65_74,F_Turkey_75_84,F_Turkey_85ov,F_Turkey_Tot,F_USA_0_4,F_USA_5_14,F_USA_15_24,F_USA_25_44,F_USA_45_54,F_USA_55_64,F_USA_65_74,F_USA_75_84,F_USA_85ov,F_USA_Tot
SAL80001,0,0,0,0,0,0,0,0,0,0,0,0,0,0,0,0,0,0,0,0,0,0,0,0,0,0,0,0,0,0,0,0,0,0,0,0,0,0,0,0,0,0,0,0,0,0,0,0,0,0,0,0,0,0,0,0,0,0,0,0,0,0,0,0,0,0,0,0,0,0,0,0,0,0,0,0,0,0,0,0,0,0,0,0,0,0,0,0,0,0,0,0,0,0,0,0,0,0,0,0,0,0,0,0,0,0,0,0,0,0,0,0,0,0,0,0,0,0,0,0,0,0,0,0,0,0,0,0,0,0,0,0,0,0,0,0,0,0,0,0,0,0,0,0,0,0,0,0,0,0,0,0,0,0,0,0,0,0,0,0,0,0,0,0,0,0,0,0,0,0,0,0,0,0,0,0,0,0,0,0,0,0,0,0,0,0,0,0,0,0,0,0,0,0,0,0,0,0,0,0
SAL80002,0,0,0,0,0,0,0,0,0,0,0,0,0,0,0,0,0,0,0,0,0,0,0,0,0,0,0,0,0,0,0,0,0,0,0,0,0,0,0,0,0,0,0,0,0,0,0,0,0,0,0,0,0,0,0,0,0,0,0,0,0,0,0,0,0,0,0,0,0,0,0,0,0,0,0,0,0,0,0,0,0,0,0,0,0,0,0,0,0,0,0,0,0,0,0,0,0,0,0,0,0,0,0,0,0,0,0,0,0,0,0,0,0,0,0,0,0,0,0,0,0,0,0,0,0,0,0,0,0,0,0,0,0,0,0,0,0,0,0,0,0,0,0,0,0,0,0,0,0,0,0,0,0,0,0,0,0,0,0,0,0,0,0,0,0,0,0,0,0,0,0,0,0,0,0,0,0,0,0,0,0,0,0,0,0,0,0,0,0,0,0,0,0,0,0,0,0,0,0,0
SAL80003,0,0,0,0,0,0,0,0,0,0,0,0,0,0,0,0,0,0,0,0,0,0,0,0,0,0,0,0,0,0,0,0,0,0,0,0,0,0,0,0,0,0,0,0,0,0,0,0,0,0,0,0,0,0,0,0,0,0,0,0,0,0,0,0,0,0,0,0,0,0,0,0,0,0,0,0,0,0,0,0,0,0,0,0,0,0,0,0,0,0,0,0,0,0,0,0,0,0,0,0,0,0,0,0,0,0,0,0,0,0,0,0,0,0,0,0,0,0,0,0,0,0,0,0,0,0,0,0,0,0,0,0,0,0,0,0,0,0,0,0,0,0,0,0,0,0,0,0,0,0,0,0,0,0,0,0,0,0,0,0,0,0,0,0,0,0,0,0,0,0,0,0,0,0,0,0,0,0,0,0,0,0,0,0,0,0,0,0,0,0,0,0,0,0,0,0,0,0,0,0
SAL80004,0,0,0,0,0,0,0,0,0,0,0,0,0,0,0,0,0,0,0,0,0,0,0,0,0,0,0,0,0,0,0,0,0,0,0,0,0,0,0,0,0,0,0,0,0,0,0,0,0,0,0,0,0,0,0,0,0,0,0,0,0,0,0,0,0,0,0,0,0,0,0,0,0,0,0,0,0,0,0,0,0,0,0,0,0,0,0,0,0,0,0,0,0,0,0,0,0,0,0,0,0,0,0,0,0,0,0,0,0,0,0,0,0,0,0,0,0,0,0,0,0,0,0,0,0,0,0,0,0,0,0,0,0,0,0,0,0,0,0,0,0,0,0,0,0,0,0,0,0,0,0,0,0,0,0,0,0,0,0,0,0,0,0,0,0,0,0,0,0,0,0,0,0,0,0,0,0,0,0,0,0,0,0,0,0,0,0,0,0,0,0,0,0,0,0,0,0,0,0,0
SAL80005,0,0,0,0,0,0,0,0,0,0,0,0,0,0,0,0,0,0,0,0,0,0,0,0,0,0,0,0,0,0,0,0,0,0,0,0,0,0,0,0,0,0,0,0,0,0,0,0,0,0,0,0,0,0,0,0,0,0,0,0,0,0,0,0,0,0,0,0,0,0,0,0,0,0,0,0,0,0,0,0,0,0,0,0,0,0,0,0,0,0,0,0,0,0,0,0,0,0,0,0,0,0,0,0,0,0,0,0,0,0,0,0,0,0,0,0,0,0,0,0,0,0,0,0,0,0,0,0,0,0,0,0,0,0,0,0,0,0,0,0,0,0,0,0,0,0,0,0,0,0,0,0,0,0,0,0,0,0,0,0,0,0,0,0,0,0,0,0,0,0,0,0,0,0,0,0,0,0,0,0,0,0,0,0,0,0,0,0,0,0,0,0,0,0,0,0,0,0,0,0
SAL80006,0,0,0,0,0,0,0,0,0,0,0,0,0,0,0,0,0,0,0,0,0,0,0,0,0,0,0,0,0,0,0,0,0,0,0,0,0,0,0,0,0,0,0,0,0,0,0,0,0,0,0,0,0,0,0,0,0,0,0,0,0,0,0,0,0,0,0,0,0,0,0,0,0,0,0,0,0,0,0,0,0,0,0,0,0,0,0,0,0,0,0,0,0,0,0,0,0,0,0,0,0,0,0,0,0,0,0,0,0,0,0,0,0,0,0,0,0,0,0,0,0,0,0,0,0,0,0,0,0,0,0,0,0,0,0,0,0,0,0,0,0,0,0,0,0,0,0,0,0,0,0,0,0,0,0,0,0,0,0,0,0,0,0,0,0,0,0,0,0,0,0,0,0,0,0,0,0,0,0,0,0,0,0,0,0,0,0,0,0,0,0,0,0,0,0,0,0,0,0,0
SAL80007,0,0,0,0,0,0,0,0,0,0,0,0,0,0,0,0,0,0,0,0,0,0,0,0,0,0,0,0,0,0,0,0,0,0,0,0,0,0,0,0,0,0,0,0,0,0,0,0,0,0,0,0,0,0,0,0,0,0,0,0,0,0,0,0,0,0,0,0,0,0,0,0,0,0,0,0,0,0,0,0,0,0,0,0,0,0,0,0,0,0,0,0,0,0,0,0,0,0,0,0,0,0,0,0,0,0,0,0,0,0,0,0,0,0,0,0,0,0,0,0,0,0,0,0,0,0,0,0,0,0,0,0,0,0,0,0,0,0,0,0,0,0,0,0,0,0,0,0,0,0,0,0,0,0,0,0,0,0,0,0,0,0,0,0,0,0,0,0,0,0,0,0,0,0,0,0,0,0,0,0,0,0,0,0,0,0,0,0,0,0,0,0,0,0,0,0,0,0,0,0
SAL80008,0,0,0,0,0,0,0,0,0,0,0,0,0,0,0,0,0,0,0,0,0,0,0,0,0,0,0,0,0,0,0,0,0,0,0,0,0,0,0,0,0,0,0,0,0,0,0,0,0,0,0,0,0,0,0,0,0,0,0,0,0,0,0,0,0,0,0,0,0,0,0,0,0,0,0,0,0,0,0,0,0,0,0,0,0,0,0,0,0,0,0,0,0,0,0,0,0,0,0,0,0,0,0,0,0,0,0,0,0,0,0,0,0,0,0,0,0,0,0,0,0,0,0,0,0,0,0,0,0,0,0,0,0,0,0,0,0,0,0,0,0,0,0,0,0,0,0,0,0,0,0,0,0,0,0,0,0,0,0,0,0,0,0,0,0,0,0,0,0,0,0,0,0,0,0,0,0,0,0,0,0,0,0,0,0,0,0,0,0,0,0,0,0,0,0,0,0,0,0,0
SAL80009,0,0,0,0,0,0,0,0,0,0,0,0,0,0,0,0,0,0,0,0,0,0,0,0,0,0,0,0,0,0,0,0,0,0,0,0,0,0,0,0,0,0,0,0,0,0,0,0,0,0,0,0,0,0,0,0,0,0,0,0,0,0,0,0,0,0,0,0,0,0,0,0,0,0,0,0,0,0,0,0,0,0,0,0,0,0,0,0,0,0,0,0,0,0,0,0,0,0,0,0,0,0,0,0,0,0,0,0,0,0,0,0,0,0,0,0,0,0,0,0,0,0,0,0,0,0,0,0,0,0,0,0,0,0,0,0,0,0,0,0,0,0,0,0,0,0,0,0,0,0,0,0,0,0,0,0,0,0,0,0,0,0,0,0,0,0,0,0,0,0,0,0,0,0,0,0,0,0,0,0,0,0,0,0,0,0,0,0,0,0,0,0,0,0,0,0,0,0,0,0
SAL80010,0,0,0,0,0,0,0,0,0,0,0,0,0,0,0,0,0,0,0,0,0,0,0,0,0,0,0,0,0,0,0,0,0,0,0,0,0,0,0,0,0,0,0,0,0,0,0,0,0,0,0,0,0,0,0,0,0,0,0,0,0,0,0,0,0,0,0,0,0,0,0,0,0,0,0,0,0,0,0,0,0,0,0,0,0,0,0,0,0,3,0,0,0,0,0,0,0,0,0,0,0,0,0,0,0,0,0,0,0,0,0,0,0,0,0,0,0,0,0,0,0,0,0,0,0,0,0,0,0,0,0,0,0,0,0,0,0,0,0,0,0,0,0,0,0,0,0,0,0,0,0,0,0,0,0,0,0,0,0,0,0,0,0,0,0,0,0,0,0,0,0,0,0,0,0,0,0,0,0,0,0,0,0,0,0,0,0,0,0,0,0,0,0,0,0,0,0,0,0,0
SAL80011,0,0,0,0,0,0,0,0,0,0,0,0,0,0,0,0,0,0,0,0,0,0,0,0,0,0,0,0,0,0,0,0,0,0,0,0,0,0,0,0,0,0,0,0,0,0,0,0,0,0,0,0,0,0,0,0,0,0,0,0,0,0,0,0,0,0,0,0,0,0,0,0,0,0,0,0,0,0,0,0,0,0,0,0,0,0,0,0,0,0,0,0,0,0,0,0,0,0,0,0,0,0,0,0,0,0,0,0,0,0,0,0,0,0,0,0,0,0,0,0,0,0,0,0,0,0,0,0,0,0,0,0,0,0,0,0,0,0,0,0,0,0,0,0,0,0,0,0,0,0,0,0,0,0,0,0,0,0,0,0,0,0,0,0,0,0,0,0,0,0,0,0,0,0,0,0,0,0,0,0,0,0,0,0,0,0,0,0,0,0,0,0,0,0,0,0,0,0,0,0
SAL80012,0,0,0,0,0,0,0,0,0,0,0,0,0,0,0,0,0,0,0,0,0,0,0,0,0,0,0,0,0,0,0,0,0,0,0,0,0,0,0,0,0,0,0,0,0,0,0,0,0,0,0,0,0,0,0,0,0,0,0,0,0,0,0,0,0,0,0,0,0,0,0,0,0,0,0,0,0,0,0,0,0,0,0,0,0,0,0,0,0,0,0,0,0,0,0,0,0,0,0,0,0,0,0,0,0,0,0,0,0,0,0,0,0,0,0,0,0,0,0,0,0,0,0,0,0,0,0,0,0,0,0,0,0,0,0,0,0,0,0,0,0,0,0,0,0,0,0,0,0,0,0,0,0,0,0,0,0,0,0,0,0,0,0,0,0,0,0,0,0,0,0,0,0,0,0,0,0,0,0,0,0,0,0,0,0,0,0,0,0,0,0,0,0,0,0,0,0,0,0,0
SAL80013,0,0,0,0,0,0,0,0,0,0,0,0,0,0,0,0,0,0,0,0,0,0,0,0,0,0,0,0,0,0,0,0,0,0,0,0,0,0,0,0,0,0,0,0,0,0,0,0,0,0,0,0,0,0,0,0,0,0,0,0,0,0,0,0,0,0,0,0,0,0,0,0,0,0,0,0,0,0,0,0,0,0,0,0,0,0,0,0,0,0,0,0,0,0,0,0,0,0,0,0,0,0,0,0,0,0,0,0,0,0,0,0,0,0,0,0,0,0,0,0,0,0,0,0,0,0,0,0,0,0,0,0,0,0,0,0,0,0,0,0,0,0,0,0,0,0,0,0,0,0,0,0,0,0,0,0,0,0,0,0,0,0,0,0,0,0,0,0,0,0,0,0,0,0,0,0,0,0,0,0,0,0,0,0,0,0,0,0,0,0,0,0,0,0,0,0,0,0,0,0
SAL80014,0,0,0,0,0,0,0,0,0,0,0,0,0,0,0,0,0,0,0,0,0,0,0,0,0,0,0,0,0,0,0,0,0,0,0,0,0,0,0,0,0,0,0,0,0,0,0,0,0,0,0,0,0,0,0,0,0,0,0,0,0,0,0,0,0,0,0,0,0,0,0,0,0,0,0,0,0,0,0,0,0,0,0,0,0,0,0,0,0,0,0,0,0,0,0,0,0,0,0,0,0,0,0,0,0,0,0,0,0,0,0,0,0,0,0,0,0,0,0,0,0,0,0,0,0,0,0,0,0,0,0,0,0,0,0,0,0,0,0,0,0,0,0,0,0,0,0,0,0,0,0,0,0,0,0,0,0,0,0,0,0,0,0,0,0,0,0,0,0,0,0,0,0,0,0,0,0,0,0,0,0,0,0,0,0,0,0,0,0,0,0,0,0,0,0,0,0,0,0,0
SAL80015,0,0,0,0,0,0,0,0,0,0,0,0,0,0,0,0,0,0,0,0,0,0,0,0,0,0,0,0,0,0,0,0,0,0,0,0,0,0,0,0,0,0,0,0,0,0,0,0,0,0,0,0,0,0,0,0,0,0,0,0,0,0,0,0,0,0,0,0,0,0,0,0,0,0,0,0,0,0,0,0,0,0,0,0,0,0,0,0,0,0,0,0,0,0,0,0,0,0,0,0,0,0,0,0,0,0,0,0,0,0,0,0,0,0,0,0,0,0,0,0,0,0,0,0,0,0,0,0,0,0,0,0,0,0,0,0,0,0,0,0,0,0,0,0,0,0,0,0,0,0,0,0,0,0,0,0,0,0,0,0,0,0,0,0,0,0,0,0,0,0,0,0,0,0,0,0,0,0,0,0,0,0,0,0,0,0,0,0,0,0,0,0,0,0,0,0,0,0,0,0
SAL80016,0,0,0,0,0,0,0,0,0,0,0,0,0,0,0,0,0,0,0,0,0,0,0,0,0,0,0,0,0,0,0,0,0,0,0,0,0,0,0,0,0,0,0,0,0,0,0,0,0,0,0,0,0,0,0,0,0,0,0,0,0,0,0,0,0,0,0,0,0,0,0,0,0,0,0,0,0,0,0,0,0,0,0,0,0,0,0,0,0,0,0,0,0,0,0,0,0,0,0,0,0,0,0,0,0,0,0,0,0,0,0,0,0,0,0,0,0,0,0,0,0,0,0,0,0,0,0,0,0,0,0,0,0,0,0,0,0,0,0,0,0,0,0,0,0,0,0,0,0,0,0,0,0,0,0,0,0,0,0,0,0,0,0,0,0,0,0,0,0,0,0,0,0,0,0,0,0,0,0,0,0,0,0,0,0,0,0,0,0,0,0,0,0,0,0,0,0,0,0,0
SAL80017,0,0,0,0,0,0,0,0,0,0,0,0,0,0,0,0,0,0,0,0,0,0,0,0,0,0,0,0,0,0,0,0,0,0,0,0,0,0,0,0,0,0,5,0,0,0,0,0,0,3,0,0,16,0,0,0,0,0,0,20,0,0,0,0,0,0,0,0,0,0,0,0,0,9,0,0,0,0,0,9,0,0,0,0,0,0,0,0,0,3,0,0,0,6,0,0,0,0,0,6,0,0,0,0,0,0,0,0,0,0,0,0,0,0,0,0,0,0,0,0,0,0,0,0,0,0,0,0,0,0,0,0,19,0,0,0,0,0,0,20,0,0,7,0,0,0,0,0,0,5,0,0,3,9,0,0,0,0,0,9,0,0,3,0,0,0,0,0,0,3,0,0,0,3,0,0,0,0,0,10,0,0,0,0,0,0,0,0,0,0,0,0,24,0,0,0,0,0,0,27
SAL80018,0,0,0,0,0,0,0,0,0,3,0,0,0,0,0,0,0,0,0,0,0,0,0,0,3,0,0,0,0,9,0,0,0,0,0,0,0,0,0,0,0,0,0,0,0,0,0,0,3,8,5,0,8,11,10,7,12,4,0,45,0,0,0,0,0,0,0,0,0,3,0,0,0,0,0,0,0,0,0,0,0,0,0,4,3,4,0,0,0,13,0,0,0,3,4,0,0,0,0,14,0,0,0,4,0,0,0,3,0,10,0,0,0,0,0,0,0,0,0,0,0,0,0,0,0,0,3,0,0,13,0,0,0,0,0,0,0,0,0,5,0,0,3,0,5,6,0,0,3,15,0,0,0,8,0,0,0,0,0,8,0,0,0,0,0,0,0,0,0,0,0,0,5,0,0,0,0,0,0,5,0,0,0,0,0,0,0,0,0,0,0,3,9,15,7,3,9,0,0,50
SAL80019,0,0,0,0,0,0,0,0,0,4,0,0,0,4,0,0,0,0,0,5,0,0,0,0,3,0,0,0,0,4,0,0,4,9,0,0,0,0,0,13,0,0,0,0,0,0,0,0,0,0,0,6,3,8,10,3,0,0,0,37,0,0,0,0,4,0,0,0,0,7,0,4,4,12,3,0,0,0,0,21,0,0,0,0,0,0,0,0,0,0,0,0,8,7,8,9,0,0,0,33,0,0,0,0,5,0,3,0,0,9,0,0,0,0,0,0,0,0,0,0,0,0,0,0,0,0,0,0,0,3,0,0,0,7,0,3,0,0,0,4,0,0,6,0,11,5,0,0,0,22,0,0,0,17,7,3,3,0,0,34,0,0,0,0,0,0,0,0,0,4,0,5,0,5,6,0,0,0,0,11,0,0,0,0,0,0,0,0,0,0,0,0,0,3,0,0,3,0,0,20
SAL80020,0,0,0,0,0,0,0,0,0,3,0,0,0,0,0,0,0,0,0,0,0,0,0,0,0,0,0,0,0,5,0,0,0,6,0,0,0,0,0,11,0,0,0,0,0,0,0,0,0,4,0,0,0,3,4,3,3,6,0,21,0,0,0,0,0,0,0,0,0,0,0,0,0,0,0,0,0,0,0,0,0,0,0,0,4,0,0,0,0,0,0,0,0,0,0,0,0,0,0,6,0,0,0,0,0,0,5,0,0,0,0,0,0,0,0,0,0,0,0,0,0,0,0,4,0,3,3,0,0,8,0,0,0,0,0,5,0,0,0,5,0,0,0,5,0,0,0,0,0,9,0,0,0,0,0,0,0,0,0,5,0,0,0,0,0,0,0,0,0,3,0,0,3,0,0,0,0,0,0,0,0,0,0,0,0,0,0,0,0,3,0,0,3,10,4,4,0,3,0,19
SAL80021,0,0,0,0,0,0,0,0,0,3,0,0,0,0,0,0,0,0,0,0,0,0,0,0,0,0,0,0,0,3,0,0,3,3,0,0,0,0,0,7,0,0,0,0,0,0,0,5,0,3,0,4,0,6,5,0,0,0,0,15,0,0,0,0,0,0,0,0,0,0,0,0,0,3,0,0,0,0,0,5,0,0,0,0,0,0,0,0,0,0,0,3,9,19,5,6,6,0,0,39,0,0,0,3,4,0,0,0,0,4,0,0,0,0,0,0,0,0,0,0,0,0,0,0,0,8,0,0,0,9,0,0,0,0,0,0,3,0,0,4,0,0,0,0,0,0,0,0,0,6,0,0,0,11,0,3,6,0,0,19,0,0,0,0,0,0,0,0,0,0,0,0,0,6,0,4,0,0,0,13,0,0,0,0,0,0,0,0,0,0,0,3,0,7,3,0,0,0,0,18
SAL80022,0,0,0,0,0,0,0,0,0,5,0,0,0,0,0,0,0,0,0,0,0,0,0,0,0,0,0,0,0,0,0,0,0,0,0,0,0,0,0,0,0,0,0,0,0,3,0,0,0,5,0,0,0,4,0,0,0,0,0,13,0,0,0,0,0,0,0,0,0,0,0,0,0,0,0,0,0,0,0,0,0,0,0,0,3,0,0,0,0,5,0,0,0,0,0,0,0,0,0,3,0,0,0,0,0,0,0,0,0,0,0,0,0,0,0,0,0,0,0,0,0,0,0,0,0,5,0,0,0,5,0,0,0,0,0,0,0,0,0,0,0,0,0,0,0,7,0,0,0,6,0,0,0,3,0,0,0,0,0,3,0,0,0,0,0,0,0,0,0,0,0,0,0,0,0,0,0,0,0,5,0,0,0,0,3,0,0,0,0,7,0,0,3,9,0,0,5,0,0,16
SAL80023,0,0,0,0,0,0,0,0,0,0,0,0,0,0,0,0,0,0,0,0,0,0,0,0,0,0,0,0,0,0,0,0,0,0,0,0,0,0,0,0,0,0,0,0,0,0,0,0,0,0,0,0,0,0,0,0,0,0,0,0,0,0,0,0,0,0,0,0,0,0,0,0,0,0,0,0,0,0,0,0,0,0,0,0,0,0,0,0,0,0,0,0,0,0,0,0,0,0,0,0,0,0,0,0,0,0,0,0,0,0,0,0,0,0,0,0,0,0,0,0,0,0,0,0,0,0,0,0,0,0,0,0,0,0,0,0,0,0,0,0,0,0,0,0,0,0,0,0,0,0,0,0,0,0,0,0,0,0,0,0,0,0,0,0,0,0,0,0,0,0,0,0,0,0,0,0,0,0,0,0,0,0,0,0,0,0,0,0,0,0,0,0,0,0,0,0,0,0,0,0
SAL80024,0,0,0,0,0,0,0,0,0,0,0,0,0,0,0,0,0,0,0,4,0,0,6,3,0,0,0,0,0,8,0,3,55,169,0,0,0,0,0,227,0,0,0,0,0,0,0,9,0,11,0,0,10,13,4,4,0,6,0,43,0,0,0,4,0,0,0,0,0,3,0,0,3,31,0,0,0,0,0,37,0,0,0,9,5,0,0,0,0,12,3,9,13,80,13,12,6,3,0,128,0,4,0,3,3,0,8,0,0,16,0,0,0,0,0,0,0,0,0,5,0,0,0,3,0,0,0,9,0,11,0,0,4,6,0,0,0,0,0,9,0,0,6,14,0,0,0,0,0,18,0,3,8,12,0,0,4,0,3,28,0,0,0,11,0,0,0,0,0,19,0,0,7,17,8,0,0,0,0,34,0,0,0,5,0,0,0,0,0,4,0,3,13,17,6,0,3,5,0,37
SAL80025,0,0,0,0,0,0,0,0,0,0,0,0,0,0,3,0,0,0,0,12,0,0,0,0,0,0,4,0,0,8,0,0,12,33,0,0,0,0,0,48,0,0,0,0,0,5,0,0,0,4,0,7,12,19,6,0,0,0,0,44,0,0,0,0,0,0,0,0,0,0,0,10,12,51,12,3,0,0,0,92,0,0,0,0,5,0,0,0,0,7,0,9,10,26,20,3,3,0,0,80,0,0,0,4,4,0,5,0,0,9,0,0,0,0,0,0,0,0,0,7,0,0,0,0,0,0,0,0,0,8,0,0,3,4,0,0,0,0,0,12,0,3,4,8,13,0,0,0,0,26,0,3,7,30,20,6,0,3,0,79,0,0,0,0,0,0,0,0,0,0,0,0,0,11,0,3,0,0,0,19,0,0,0,0,0,0,0,0,0,5,0,3,5,3,8,0,0,0,0,17
SAL80026,0,0,0,0,0,0,0,0,0,0,0,0,0,4,0,0,0,0,0,4,0,0,0,0,0,0,0,0,0,0,0,0,0,9,0,0,0,0,0,12,0,0,0,0,0,0,0,6,0,5,0,3,0,5,3,0,4,0,0,18,0,0,0,0,0,0,0,0,0,0,0,0,0,0,0,0,0,0,0,4,0,0,0,0,0,0,4,0,0,5,0,3,0,16,10,8,3,0,0,38,0,0,0,0,0,0,0,4,0,7,0,0,0,0,3,0,0,0,0,4,0,0,0,4,0,3,0,3,0,12,0,0,0,0,0,0,0,0,0,3,0,0,0,0,0,7,0,0,0,9,0,0,0,6,0,0,0,0,0,10,0,0,0,0,0,0,0,0,0,6,0,0,0,7,3,0,0,0,0,3,0,0,0,0,0,0,0,0,0,0,0,0,0,0,0,0,0,0,0,3
SAL80027,0,0,0,0,0,0,0,0,0,0,0,0,0,0,0,0,0,0,0,0,0,0,0,0,0,0,0,0,0,4,0,0,4,7,0,0,0,0,0,9,0,0,0,0,0,0,4,3,0,6,0,0,4,26,6,4,5,0,0,48,0,0,0,4,0,0,0,0,0,8,0,0,0,3,0,0,0,0,0,4,0,0,0,0,0,0,0,0,0,5,0,0,3,21,0,9,0,4,0,31,0,0,0,0,0,0,0,0,0,4,0,0,0,0,0,0,0,0,0,0,0,0,0,9,0,0,0,0,0,13,0,0,0,12,5,0,0,0,0,18,0,0,5,9,0,3,0,0,0,19,0,0,4,16,0,0,0,0,0,22,0,0,0,7,0,0,0,0,0,15,0,0,0,16,0,0,0,0,0,19,0,0,0,0,0,0,0,0,0,0,0,0,5,31,0,0,0,0,0,44
SAL80028,0,0,0,0,0,0,0,0,0,0,0,0,0,0,5,0,0,0,0,3,0,0,3,0,0,0,0,0,0,8,0,3,29,85,0,0,0,0,0,118,0,4,5,0,3,0,0,0,0,15,0,0,8,14,3,5,0,4,0,42,0,0,0,0,0,0,0,0,0,0,0,3,8,19,0,0,0,0,0,29,0,0,3,5,0,3,0,0,0,9,0,3,12,35,7,0,0,0,0,61,0,0,0,11,0,0,4,0,0,11,0,0,0,0,0,0,0,0,0,0,0,0,0,4,0,0,0,0,0,8,0,0,0,10,0,0,0,0,0,12,0,0,4,5,6,0,6,4,0,24,0,0,4,20,0,13,3,0,0,48,0,0,7,0,0,0,0,0,0,10,0,0,4,14,4,0,0,0,0,27,0,0,0,0,0,0,0,0,0,0,0,3,10,13,9,3,0,3,0,40
SAL80029,0,0,0,0,0,0,0,0,0,5,0,0,0,0,0,0,0,0,0,0,0,0,0,0,0,0,0,0,0,0,0,0,0,7,0,0,0,0,0,6,0,0,0,0,0,0,4,0,3,4,0,0,5,3,0,16,4,0,0,24,0,0,0,0,0,0,0,0,0,0,0,0,0,0,0,0,0,0,0,4,0,0,0,0,6,0,0,0,0,3,0,0,0,14,9,9,0,0,0,34,0,0,0,0,0,0,3,0,0,9,0,0,0,0,0,0,0,0,0,0,0,0,0,0,0,4,7,5,0,14,0,0,0,0,0,3,0,0,0,4,0,0,0,6,4,3,0,0,0,10,0,0,0,6,3,0,5,0,0,18,0,0,0,0,0,0,0,0,0,0,0,0,0,5,0,0,0,0,0,9,0,0,0,0,0,0,0,0,0,0,0,0,0,8,0,0,0,0,0,12
SAL80030,0,0,0,0,0,0,0,0,0,0,0,0,0,0,0,0,0,0,0,0,0,0,4,0,0,0,0,0,0,3,0,0,4,7,0,0,0,0,0,9,0,0,0,0,4,0,0,0,7,7,0,3,6,13,9,3,0,0,0,39,0,0,0,5,0,0,0,0,0,4,0,0,0,5,0,0,0,0,0,7,0,0,0,4,0,0,0,0,0,7,0,0,8,4,5,0,0,0,0,19,0,0,0,0,0,0,5,0,0,8,0,0,0,0,0,0,0,0,0,0,0,0,0,3,4,0,5,0,0,11,0,0,0,5,0,0,0,0,0,17,0,0,4,4,0,0,0,0,0,13,0,0,0,3,0,6,3,0,0,9,0,0,0,0,0,0,0,0,0,0,0,0,0,5,0,0,0,0,0,5,0,0,0,0,0,0,0,0,0,0,0,0,8,10,4,4,0,0,0,37
SAL80031,0,0,0,0,0,0,0,0,0,0,0,0,0,0,0,0,0,0,0,0,0,0,0,0,0,0,0,0,0,0,0,0,0,0,0,0,0,0,0,0,0,0,0,0,0,0,0,0,0,0,0,0,0,0,0,0,0,0,0,0,0,0,0,0,0,0,0,0,0,0,0,0,0,0,0,0,0,0,0,0,0,0,0,0,0,0,0,0,0,0,0,0,0,0,0,0,0,0,0,0,0,0,0,0,0,0,0,0,0,0,0,0,0,0,0,0,0,0,0,0,0,0,0,0,0,0,0,0,0,0,0,0,0,0,0,0,0,0,0,0,0,0,0,0,0,0,0,0,0,0,0,0,0,0,0,0,0,0,0,0,0,0,0,0,0,0,0,0,0,0,0,0,0,0,0,0,0,0,0,0,0,0,0,0,0,0,0,0,0,0,0,0,0,0,0,0,0,0,0,0
SAL80032,0,0,0,0,0,0,0,0,0,0,0,0,0,0,0,0,0,0,0,0,0,0,0,0,0,0,0,0,0,0,0,0,0,0,0,0,0,0,0,0,0,0,0,0,0,0,0,0,0,0,0,0,0,0,0,0,0,0,0,0,0,0,0,0,0,0,0,0,0,0,0,0,0,0,0,0,0,0,0,0,0,0,0,0,0,0,0,0,0,0,0,0,0,0,0,0,0,0,0,0,0,0,0,0,0,0,0,0,0,0,0,0,0,0,0,0,0,0,0,0,0,0,0,0,0,0,0,0,0,0,0,0,0,0,0,0,0,0,0,0,0,0,0,0,0,0,0,0,0,0,0,0,0,0,0,0,0,0,0,0,0,0,0,0,0,0,0,0,0,0,0,0,0,0,0,0,0,0,0,0,0,0,0,0,0,0,0,0,0,0,0,0,0,0,0,0,0,0,0,0
SAL80033,0,0,0,0,0,0,0,0,0,0,0,0,0,8,0,0,0,0,0,4,0,0,0,4,0,0,0,0,0,8,0,0,3,19,0,0,0,0,0,24,0,0,0,4,0,0,0,0,0,5,0,6,0,10,5,4,0,0,0,26,0,0,0,0,4,0,0,0,0,6,0,6,4,37,5,5,0,0,0,52,0,0,0,0,0,0,0,0,0,0,0,9,4,38,4,3,0,0,0,67,0,0,0,3,0,3,0,0,0,8,0,0,0,0,0,0,0,0,0,0,0,0,3,3,0,0,0,0,0,9,0,0,0,3,4,0,0,0,0,14,0,3,6,10,6,0,0,0,0,29,0,0,5,19,3,6,4,0,0,41,0,0,0,4,0,0,0,0,0,9,0,0,0,14,3,4,0,0,0,16,0,0,0,0,4,0,0,0,0,4,0,5,3,3,5,4,0,0,0,11
SAL80034,0,0,0,0,0,0,0,0,0,0,0,0,0,0,0,0,0,0,0,0,0,0,0,0,0,0,0,0,0,0,0,0,0,0,0,0,0,0,0,4,0,0,0,0,0,0,0,5,0,5,0,0,0,6,5,3,3,0,0,17,0,0,0,0,0,0,0,0,0,0,0,0,0,0,0,0,0,0,0,0,0,0,0,0,0,0,0,0,0,0,0,0,0,3,0,0,0,0,0,12,0,0,0,0,0,0,0,0,0,3,0,0,0,0,0,0,0,0,0,0,0,0,0,0,0,0,0,0,0,9,0,0,0,0,0,0,0,0,0,0,0,0,0,3,5,5,0,0,0,15,0,0,0,0,0,4,0,0,0,4,0,0,0,0,0,0,0,0,0,0,0,0,0,0,0,0,0,0,0,4,0,0,0,0,0,0,0,0,0,0,0,3,0,4,0,0,4,0,0,15
SAL80035,0,0,0,0,0,0,0,0,0,0,0,0,0,0,0,0,0,0,0,0,0,0,0,0,0,0,0,0,0,3,0,0,0,5,0,0,0,0,0,5,0,0,0,0,0,0,4,0,0,4,0,0,0,3,7,7,0,0,0,16,0,0,0,0,0,0,0,0,0,0,0,3,0,5,0,0,0,0,0,9,0,0,0,0,0,0,0,4,0,7,0,0,8,10,10,12,3,0,0,43,0,0,0,0,0,0,0,0,0,0,0,0,0,0,0,0,0,0,0,0,0,0,0,0,0,0,5,0,0,0,0,0,0,0,0,0,0,0,0,3,0,0,0,4,3,0,0,0,0,8,0,0,0,0,0,0,0,0,0,0,0,0,0,0,0,0,0,0,0,4,0,0,5,5,6,0,0,0,0,12,0,0,0,0,0,0,0,0,0,0,0,0,0,0,4,0,0,0,0,6
SAL80036,0,0,0,0,0,0,0,0,0,0,0,0,0,0,0,0,0,0,0,0,0,0,0,0,0,0,0,0,0,0,0,0,10,37,0,0,0,0,0,46,0,0,0,0,0,0,0,0,0,5,0,0,0,6,0,4,0,4,0,15,0,0,0,0,0,0,0,0,0,0,0,0,5,6,6,0,0,0,0,11,0,0,0,0,0,0,0,0,0,0,0,0,0,14,0,0,0,0,0,23,0,0,0,0,0,0,0,0,0,7,0,0,0,0,0,0,0,0,0,0,0,0,0,0,0,0,0,3,0,4,0,0,0,0,0,0,0,0,0,0,0,0,0,0,0,0,0,0,0,4,0,0,0,5,0,0,0,0,0,3,0,0,0,0,0,0,0,0,0,0,0,3,0,3,0,0,0,0,0,4,0,0,0,0,0,0,0,0,0,0,0,0,0,4,3,0,0,0,0,9
SAL80037,0,0,0,0,0,0,0,0,0,0,0,0,0,0,0,0,0,0,0,5,0,0,0,0,0,0,0,0,0,0,0,0,0,9,0,0,0,0,0,6,0,0,0,0,0,4,0,0,0,3,0,0,0,5,5,4,4,0,0,21,0,0,0,0,0,0,0,0,0,3,0,0,0,0,0,0,0,0,0,3,0,0,0,0,0,0,0,0,0,0,0,0,0,9,6,8,7,3,0,35,0,0,0,0,0,0,0,0,0,3,0,0,0,0,0,3,0,0,0,0,0,0,0,0,0,3,3,0,0,11,0,0,0,0,4,0,0,0,0,4,0,0,0,0,0,0,4,0,0,5,0,0,0,4,0,0,0,0,0,5,0,0,0,0,0,0,0,0,0,0,0,0,0,3,4,7,0,0,0,16,0,0,0,0,0,0,0,0,0,0,0,0,0,3,0,0,0,0,0,11
SAL80038,0,0,0,0,0,0,0,0,0,0,0,0,0,3,0,0,0,0,0,3,0,0,0,0,0,0,0,0,0,0,0,0,0,11,0,0,0,0,0,11,0,0,3,0,0,0,0,0,0,6,0,0,12,8,7,0,0,0,0,25,0,0,0,0,0,0,0,0,0,0,0,0,0,0,0,0,0,0,0,6,0,0,0,0,0,0,0,0,0,3,0,0,0,15,0,0,5,0,0,19,0,0,0,0,0,0,0,0,0,5,0,0,0,0,0,0,0,0,0,0,0,0,4,3,3,0,0,0,0,4,0,0,8,8,0,0,0,0,0,19,0,0,5,5,0,0,0,0,0,17,0,0,8,10,0,0,0,0,0,17,0,4,5,14,0,0,0,0,0,22,0,0,6,10,0,0,0,0,0,23,0,0,0,0,0,0,0,0,0,0,0,0,9,8,5,0,0,0,0,21
SAL80039,0,0,0,0,0,0,0,0,0,0,0,0,4,0,0,0,0,0,0,3,0,0,0,0,0,0,0,0,0,0,0,0,0,5,0,0,0,0,0,11,0,0,0,0,0,0,3,0,0,7,0,3,4,8,4,6,5,0,0,34,0,0,0,0,0,0,0,0,0,5,0,0,0,3,0,0,0,0,0,7,0,0,0,0,0,0,0,0,0,3,0,0,5,10,11,4,9,0,0,41,0,0,0,0,0,8,8,0,0,17,0,0,0,0,0,0,0,0,0,0,0,0,0,0,0,4,7,0,0,6,0,0,0,6,0,0,0,0,0,4,0,0,0,4,0,0,0,0,0,7,0,0,0,0,3,3,3,0,0,8,0,0,0,0,0,0,0,0,0,0,0,3,3,3,4,7,0,0,0,18,0,0,0,0,0,0,0,0,0,0,0,0,4,9,0,4,0,0,0,18
SAL80040,0,0,0,0,0,0,0,0,0,0,0,0,0,0,0,0,0,0,0,0,0,0,0,0,0,0,0,0,0,0,0,0,0,3,0,0,0,0,0,3,0,0,0,0,0,0,0,0,0,5,0,0,0,3,6,3,5,0,0,18,0,0,0,0,0,0,0,0,0,0,0,0,0,0,0,0,0,0,0,0,0,0,0,0,3,0,0,0,0,4,0,0,0,0,5,3,0,0,0,12,0,0,0,0,0,0,0,0,0,0,0,0,0,0,0,0,0,0,0,0,0,0,0,5,3,0,0,0,0,12,0,0,0,0,0,0,0,0,0,3,0,0,0,6,0,0,0,0,0,3,0,0,0,0,0,0,0,0,0,0,0,0,0,0,0,0,0,0,0,0,0,0,0,3,3,0,0,0,0,12,0,0,0,0,0,0,0,0,0,0,0,0,4,9,3,3,5,0,0,31
SAL80041,0,0,0,0,0,0,0,0,0,0,0,0,0,0,0,0,0,0,0,0,0,0,0,0,3,0,0,0,0,3,0,11,10,73,0,0,0,0,0,101,0,0,0,0,0,0,0,0,0,0,0,0,0,6,0,0,0,0,0,10,0,0,0,0,0,0,0,0,0,0,0,5,0,31,3,4,0,0,0,45,0,0,0,0,0,0,0,0,0,0,0,8,3,59,6,5,0,0,0,80,0,0,0,0,0,0,0,0,0,4,0,0,0,0,0,0,0,0,0,0,0,0,0,0,0,0,0,0,0,3,0,0,0,3,0,0,0,0,0,10,0,0,4,0,0,0,0,0,0,5,0,0,3,12,4,3,0,0,0,24,0,0,0,9,0,0,0,0,0,8,0,0,0,11,3,0,0,0,0,15,0,0,0,0,0,0,0,0,0,0,6,0,0,3,0,0,0,0,0,9
SAL80042,0,0,0,0,0,0,0,0,0,0,0,0,0,5,0,0,0,0,0,10,0,0,0,3,0,0,0,0,0,7,0,0,4,7,0,0,0,0,0,18,0,0,0,0,0,0,0,0,0,4,0,4,0,13,7,0,0,0,0,20,0,0,0,0,0,0,0,0,0,0,0,0,5,28,12,0,0,0,0,47,0,0,0,0,0,0,0,0,0,3,0,0,0,22,4,5,0,4,0,35,0,0,0,0,0,0,0,0,0,0,0,0,0,0,0,0,0,0,0,0,0,0,0,0,0,0,0,0,0,3,0,0,0,0,0,0,0,0,0,3,0,0,4,5,8,0,0,0,0,15,0,0,3,11,4,3,0,0,0,24,0,0,0,0,0,0,0,0,0,0,0,0,0,6,6,0,0,0,0,8,0,0,0,0,0,0,0,0,0,0,3,0,0,0,6,0,3,0,0,12
SAL80043,0,0,0,0,0,0,0,0,0,0,0,0,0,0,0,0,0,0,0,6,0,0,0,0,0,0,0,0,0,0,0,0,9,32,0,0,0,0,0,37,0,0,0,3,0,0,0,3,0,7,0,0,0,9,7,8,3,0,0,35,0,0,0,0,0,0,0,0,0,4,0,5,0,0,0,0,0,0,0,11,0,0,0,0,0,0,0,0,0,0,0,3,0,13,4,7,0,0,0,33,0,0,0,0,0,0,0,4,0,4,0,0,0,0,0,0,0,0,0,0,0,0,0,3,0,0,0,0,4,10,0,0,0,0,3,0,0,0,0,6,0,0,9,5,0,5,0,0,0,16,0,0,4,9,5,0,0,0,0,17,0,0,0,0,0,0,0,0,0,4,0,0,0,5,3,0,0,0,0,12,0,0,0,0,0,0,0,0,0,0,0,5,3,10,4,6,3,3,0,32
SAL80044,0,0,0,0,0,0,0,0,0,0,0,0,0,0,0,0,0,0,0,0,0,0,0,0,0,0,0,0,0,0,0,0,0,4,0,0,0,0,0,7,0,0,0,0,0,0,0,0,0,4,0,0,4,3,0,0,6,5,0,16,0,0,0,0,0,0,0,0,0,5,0,0,0,4,0,0,0,0,0,4,0,0,0,0,0,0,0,0,0,3,0,0,0,4,0,0,3,0,0,4,0,0,0,0,0,5,0,0,0,7,0,0,0,0,0,0,0,0,0,0,0,0,0,0,4,0,4,0,0,7,0,0,0,5,0,0,0,0,0,5,0,0,0,0,0,0,7,0,0,10,0,0,0,6,6,0,0,0,0,11,0,0,0,0,0,0,0,0,0,0,0,0,0,3,0,0,0,0,0,0,0,0,0,0,0,0,0,0,0,0,0,5,4,7,0,5,0,0,0,23
SAL80045,0,0,0,0,0,0,0,0,0,0,0,0,0,0,0,0,0,0,0,0,0,0,0,3,0,0,0,0,0,3,0,0,0,7,0,0,0,0,0,4,0,0,0,0,0,0,0,0,0,0,0,0,0,4,0,0,0,0,0,8,0,0,0,0,0,0,0,0,0,3,0,0,0,4,0,0,0,0,0,9,0,0,0,0,0,0,0,0,0,0,0,3,0,18,6,0,0,0,0,34,0,0,0,3,3,0,0,0,0,5,0,0,0,0,0,0,0,0,0,0,0,0,0,0,0,4,0,0,0,8,0,0,0,6,0,0,0,0,0,9,0,0,0,5,0,0,0,0,0,5,0,7,5,21,5,5,0,0,0,32,0,0,0,6,0,0,0,0,0,6,0,0,0,4,0,0,0,0,0,6,0,0,0,0,0,0,0,0,0,0,0,0,0,3,3,0,0,0,0,10
SAL80046,0,0,0,0,0,0,0,0,0,0,0,0,0,0,0,0,0,0,0,0,0,0,0,0,0,0,0,0,0,0,0,0,0,13,0,0,0,0,0,13,0,0,0,0,0,0,0,3,0,6,0,0,6,5,0,0,0,0,0,15,0,0,0,0,0,0,0,0,0,0,0,0,0,3,0,0,0,0,0,3,0,0,0,0,0,0,0,0,0,3,0,4,0,5,0,0,0,0,0,18,0,0,0,5,0,0,0,0,0,5,0,0,0,0,0,0,0,0,0,0,0,0,0,0,0,0,0,0,0,5,0,0,3,8,0,0,0,0,0,6,0,0,0,11,5,0,0,0,0,15,0,0,0,3,0,0,0,0,0,9,0,0,0,8,0,0,0,0,0,8,0,0,0,4,0,0,0,0,0,11,0,0,0,4,0,0,0,0,0,0,0,0,3,4,0,0,0,0,0,12
SAL80047,0,0,0,0,0,0,0,0,0,0,0,0,0,0,0,0,0,0,0,0,0,0,0,0,4,0,0,0,0,3,0,0,3,13,0,0,0,0,0,16,0,0,0,0,0,0,0,0,0,3,0,0,0,12,3,9,0,6,0,26,0,0,0,0,0,0,0,0,0,0,0,0,0,3,0,0,0,0,0,4,0,0,0,0,3,0,0,0,0,9,0,0,0,10,0,4,0,0,0,18,0,0,0,0,0,0,0,0,0,3,0,0,0,0,0,0,0,0,0,0,0,0,0,0,0,4,0,0,0,5,0,0,0,0,0,0,0,0,0,6,0,0,0,3,0,0,0,0,0,5,0,0,4,3,0,4,0,0,0,17,0,0,0,0,0,0,0,0,0,0,0,0,7,10,0,0,0,0,0,16,0,0,0,0,0,0,0,0,0,0,0,0,0,8,3,0,0,0,0,20
SAL80048,0,0,0,0,0,0,0,0,0,0,0,0,0,0,0,0,0,0,0,0,0,0,0,0,0,0,0,0,0,0,0,0,4,0,0,0,0,0,0,0,0,0,0,0,0,0,0,4,0,6,0,0,0,3,5,4,0,0,0,12,0,0,0,0,0,0,0,0,0,0,0,3,0,0,0,0,0,0,0,7,0,0,0,0,0,0,0,0,0,5,0,0,0,0,0,3,4,0,0,10,0,3,0,5,0,0,0,0,0,10,0,0,0,0,0,0,0,0,0,0,0,0,0,0,0,0,4,0,0,9,0,0,0,0,0,0,0,0,0,0,0,0,0,3,5,0,0,0,0,12,0,0,0,0,0,3,0,0,0,4,0,0,0,0,0,0,0,0,0,0,0,0,0,0,0,0,0,0,0,5,0,0,0,0,0,0,0,0,0,0,0,0,4,0,0,3,0,0,0,11
SAL80049,0,0,0,0,0,0,0,0,0,5,0,0,0,0,0,0,0,0,0,3,0,0,4,9,3,0,0,0,0,12,0,0,0,10,0,0,0,0,0,13,0,0,0,0,0,0,0,0,0,0,0,5,0,13,4,4,5,4,0,33,0,0,0,0,4,0,0,0,0,3,0,3,4,5,3,0,0,0,0,22,0,0,0,0,0,0,0,0,0,5,0,0,4,12,6,13,5,0,0,47,0,0,0,0,3,0,0,0,0,3,0,0,3,0,3,0,0,0,0,4,0,0,0,3,0,7,0,4,0,18,0,0,0,0,4,0,0,0,0,8,0,0,0,7,3,5,0,0,0,18,0,0,0,7,3,5,0,0,0,17,0,0,0,3,0,0,0,0,0,9,0,6,4,12,8,0,0,0,0,30,0,0,0,0,0,0,0,0,0,0,0,0,0,5,6,4,0,0,0,13
SAL80050,0,0,0,0,0,0,0,0,0,0,0,0,0,3,0,0,0,0,0,3,0,0,0,0,0,0,0,0,0,4,0,0,0,5,0,0,0,0,0,4,0,0,0,0,3,0,4,0,0,8,0,4,0,9,3,3,0,0,0,20,0,0,0,0,0,0,0,0,0,0,0,0,0,0,0,0,0,0,0,0,0,0,0,0,0,0,0,0,0,4,0,0,3,10,0,4,0,0,0,18,0,0,0,3,0,0,0,0,0,4,0,0,0,0,0,0,0,0,0,0,0,0,0,0,0,0,5,0,0,8,0,0,0,4,0,0,0,0,0,9,0,0,0,5,3,0,0,0,0,12,0,0,0,3,0,4,0,0,0,12,0,0,0,0,0,0,0,0,0,0,0,0,5,0,0,0,0,0,0,13,0,0,0,0,0,0,0,0,0,0,0,0,7,4,0,3,0,0,0,15
SAL80051,0,0,0,0,0,0,0,0,0,0,0,0,0,0,0,0,0,0,0,0,0,0,0,0,0,0,0,0,0,0,0,0,0,0,0,0,0,0,0,0,0,0,0,0,0,0,0,0,0,0,0,0,0,5,6,5,4,0,0,13,0,0,0,0,0,0,0,0,0,0,0,0,0,7,0,0,0,0,0,3,0,0,0,0,0,0,0,0,0,4,0,0,0,0,0,0,0,0,0,6,0,0,0,0,0,0,0,0,0,0,0,0,0,0,0,0,0,0,0,0,0,0,0,4,0,3,3,0,0,13,0,0,0,0,5,0,0,0,0,3,0,0,0,3,4,0,0,0,0,10,0,0,0,3,0,8,0,0,0,12,0,0,0,0,0,0,0,0,0,0,0,0,0,0,0,0,0,0,0,3,0,0,0,0,0,0,0,0,0,0,0,0,0,3,0,0,0,0,0,10
SAL80052,0,0,0,0,0,0,0,0,0,0,0,0,0,0,0,0,0,0,0,0,0,0,0,0,0,0,0,0,0,0,0,0,4,17,0,0,0,0,0,23,0,0,0,0,0,0,0,4,5,8,0,0,0,7,10,8,0,0,0,24,0,0,0,0,0,0,0,0,0,0,0,3,0,5,0,0,0,0,0,10,0,0,0,0,0,0,0,0,0,3,0,0,0,3,3,0,0,0,0,12,0,0,0,0,0,0,0,0,0,5,0,0,0,0,0,0,0,0,0,0,0,3,0,0,7,0,3,0,0,15,0,5,0,3,0,0,0,0,0,10,0,0,0,0,6,4,0,0,0,16,0,0,0,0,5,0,0,0,0,6,0,0,0,0,0,0,0,0,0,0,0,0,0,3,0,0,0,0,0,8,0,0,0,0,0,0,0,0,0,3,0,4,0,3,0,0,0,4,0,18
SAL80053,0,0,0,0,0,0,0,0,0,0,0,0,0,0,0,0,0,0,0,4,0,0,0,0,4,0,0,0,0,4,0,0,5,13,0,0,0,0,0,18,0,0,0,0,0,0,0,4,0,5,0,0,0,6,7,3,0,4,0,20,0,0,0,0,0,0,0,0,0,0,0,0,0,0,0,0,0,0,0,7,0,0,0,0,0,0,0,0,0,0,0,0,0,3,4,0,0,0,0,15,0,0,0,0,0,0,0,0,0,0,0,0,0,0,0,0,0,0,0,0,0,0,0,0,5,4,4,0,0,14,0,0,0,0,0,0,0,0,0,0,0,0,0,0,0,0,0,0,0,4,0,0,0,0,0,0,4,0,0,3,0,0,0,0,0,0,0,0,0,0,0,0,0,3,0,0,0,0,0,8,0,0,0,0,0,0,0,0,0,0,0,0,0,4,0,0,0,0,0,15
SAL80054,0,0,0,0,0,0,0,0,0,0,0,0,0,0,0,0,0,0,0,4,0,0,0,0,0,0,0,0,0,5,0,0,11,14,0,0,0,0,0,30,0,0,0,0,0,0,0,0,0,3,0,4,6,6,0,10,10,0,0,36,0,0,0,0,0,0,5,0,0,6,0,3,0,16,0,0,0,0,0,19,0,0,0,0,4,0,0,0,0,8,0,0,8,16,5,13,3,0,0,51,0,0,0,6,0,0,3,6,0,15,0,0,0,0,0,0,0,0,0,0,0,0,0,0,0,0,0,4,0,5,0,0,0,3,0,0,3,0,0,5,0,0,4,0,0,4,0,0,0,12,0,0,0,4,6,3,0,3,0,20,0,0,0,0,0,0,0,0,0,0,0,0,0,4,4,0,0,0,0,8,0,0,0,0,0,0,0,0,0,0,0,0,0,3,0,0,0,0,0,5
SAL80055,0,0,0,0,0,0,0,0,0,0,0,0,0,3,0,0,0,0,0,3,0,0,0,0,0,0,0,0,0,0,0,0,0,5,0,0,0,0,0,5,0,0,0,0,0,0,0,0,0,0,0,0,3,12,5,0,3,3,0,32,0,0,0,0,0,0,0,0,0,4,0,0,0,5,0,0,0,0,0,6,0,0,0,0,0,0,0,0,0,0,0,0,0,3,7,5,0,0,0,15,0,0,0,0,0,0,0,0,0,0,0,0,0,0,0,0,0,0,0,0,0,0,0,0,0,0,3,0,0,0,0,0,0,0,4,0,0,0,0,4,0,5,0,0,3,0,0,0,0,8,0,0,0,0,0,0,0,0,0,5,0,0,0,0,0,0,0,0,0,5,0,0,0,6,0,0,0,0,0,6,0,0,0,0,0,0,0,0,0,0,0,4,3,3,0,0,4,0,0,15
SAL80056,0,0,0,0,0,0,0,0,0,0,0,0,0,0,0,0,0,0,0,0,0,0,0,3,3,0,0,0,0,9,0,0,0,8,0,3,0,0,0,11,0,0,0,0,0,0,3,0,0,3,0,6,0,8,8,0,0,0,0,20,0,0,0,5,4,0,0,0,0,7,0,0,7,7,0,0,0,0,0,10,0,0,0,5,0,0,0,0,0,4,0,0,0,13,11,4,0,0,0,31,0,0,0,3,0,0,0,0,0,7,0,0,0,0,0,0,0,0,0,0,0,0,0,0,0,0,0,3,0,8,0,0,3,0,0,0,0,0,0,6,0,6,0,5,7,0,0,0,0,22,0,0,4,9,4,6,0,0,0,29,0,0,0,0,4,0,0,0,0,8,0,0,0,0,0,0,0,0,0,3,0,0,0,0,0,0,0,0,0,0,3,5,0,3,6,0,0,0,0,12
SAL80057,0,0,0,0,0,0,0,0,0,0,0,0,0,0,0,0,0,0,0,0,0,0,0,0,0,0,0,0,0,0,0,0,0,0,0,0,0,0,0,3,0,0,0,0,0,0,0,0,0,0,0,0,3,0,0,3,5,7,0,17,0,0,0,0,0,0,0,0,0,0,0,0,0,0,0,0,0,0,0,0,0,0,0,0,0,0,0,0,0,0,0,0,0,0,0,0,0,0,0,3,0,0,0,0,0,0,0,3,0,5,0,0,0,0,0,0,0,0,0,0,0,0,0,0,0,0,0,0,0,0,0,0,0,0,0,0,0,0,0,10,0,0,0,3,0,0,0,0,0,4,0,0,0,0,5,0,0,0,0,7,0,0,0,0,0,0,0,0,0,0,0,0,0,0,0,0,0,0,0,4,0,0,0,0,0,0,0,0,0,0,0,0,6,3,5,0,0,0,0,12
SAL80058,0,0,0,0,0,0,0,0,0,0,0,0,0,0,0,0,0,0,0,3,0,0,0,7,4,4,0,0,0,22,0,0,45,127,5,0,0,0,0,180,0,0,0,0,0,0,6,0,0,3,0,3,11,11,6,0,0,0,0,31,0,0,0,7,0,0,0,0,0,5,3,6,5,30,3,0,0,0,0,48,0,0,0,0,0,0,0,0,0,4,0,0,8,34,16,11,3,0,0,69,0,0,0,0,0,0,0,0,0,9,0,0,0,0,0,0,0,0,0,0,0,0,0,5,0,0,0,0,0,5,0,0,0,0,6,0,0,5,0,7,0,0,3,9,5,0,0,0,0,24,0,6,7,22,15,3,3,3,0,63,0,0,0,18,0,0,0,0,0,22,0,0,3,24,4,3,0,0,0,38,0,0,0,0,0,0,0,0,0,0,5,4,0,15,0,0,0,0,0,22
SAL80059,0,0,0,0,0,0,0,0,0,0,0,0,0,0,0,0,0,0,0,0,0,0,0,0,0,0,0,0,0,0,0,0,0,0,0,0,0,0,0,0,0,0,0,0,0,0,0,0,0,0,0,0,0,0,0,3,4,0,0,7,0,0,0,0,0,0,0,0,0,0,0,0,0,0,0,0,0,0,0,0,0,0,0,0,0,0,0,0,0,0,0,0,0,4,0,0,0,0,0,4,0,0,0,0,0,0,0,0,0,0,0,0,0,0,0,0,0,0,0,0,0,0,0,0,0,0,3,3,0,7,0,0,0,0,0,0,0,0,0,3,0,0,0,0,0,0,0,0,0,5,0,0,0,0,0,0,0,0,0,5,0,0,0,0,0,0,0,0,0,0,0,0,0,0,0,0,0,0,0,5,0,0,0,0,0,0,0,0,0,0,0,0,0,0,0,0,0,0,0,3
SAL80060,0,0,0,0,0,0,0,0,0,0,0,0,0,0,0,0,0,0,0,0,0,0,0,0,0,0,0,0,0,0,0,0,0,0,0,0,0,0,0,0,0,0,0,0,0,0,0,0,0,0,0,0,0,0,0,0,0,0,0,0,0,0,0,0,0,0,0,0,0,0,0,0,0,0,0,0,0,0,0,0,0,0,0,0,0,0,0,0,0,0,0,0,0,0,0,0,0,0,0,0,0,0,0,0,0,0,0,0,0,0,0,0,0,0,0,0,0,0,0,0,0,0,0,0,0,0,0,0,0,0,0,0,0,0,0,0,0,0,0,0,0,0,0,0,0,0,0,0,0,0,0,0,0,0,0,0,0,0,0,0,0,0,0,0,0,0,0,0,0,0,0,0,0,0,0,0,0,0,0,0,0,0,0,0,0,0,0,0,0,0,0,0,0,0,0,0,0,0,0,0
SAL80061,0,0,0,0,0,0,0,0,0,3,0,0,0,0,0,0,0,0,0,0,0,0,0,0,0,0,0,0,0,0,0,0,5,15,0,0,0,0,0,19,0,0,4,0,0,0,0,0,0,5,0,0,0,9,9,6,0,0,0,27,0,0,0,0,0,0,3,0,0,5,0,0,0,11,0,0,0,0,0,9,0,0,0,0,4,4,0,0,0,5,0,0,4,20,0,5,8,0,0,33,0,0,0,3,0,0,0,3,0,9,0,0,0,0,0,0,0,0,0,0,0,0,0,0,0,0,0,0,3,5,0,0,0,0,3,6,0,0,0,9,0,0,5,6,0,0,0,0,0,6,0,0,3,3,9,0,4,0,0,19,0,0,0,0,4,0,0,0,0,6,0,3,0,0,5,0,0,0,0,9,0,0,0,0,0,0,0,0,0,0,0,5,0,5,6,0,5,0,0,19
SAL80062,0,0,0,0,0,0,0,0,0,0,0,0,0,0,0,0,0,0,0,0,0,0,0,4,4,0,0,0,0,6,0,0,0,0,0,0,0,0,0,0,0,0,0,0,0,0,3,0,0,9,0,0,0,10,4,0,3,0,0,18,0,0,0,0,0,0,0,0,0,0,0,0,0,0,0,0,0,0,0,0,0,0,0,0,0,0,0,0,0,0,0,0,0,9,3,0,4,0,0,16,0,0,0,0,0,0,0,0,0,8,0,0,0,5,0,0,0,0,0,3,0,0,0,0,0,3,0,0,0,3,0,0,0,5,0,0,0,0,0,5,0,0,0,3,0,0,0,0,0,8,0,0,0,3,0,0,0,0,0,5,0,0,0,0,0,0,0,0,0,0,0,0,0,8,4,0,0,0,0,8,0,0,0,0,0,0,0,0,0,0,0,0,0,0,0,0,0,0,0,0
SAL80063,0,0,0,0,0,0,0,0,0,0,0,0,0,0,0,0,0,0,0,0,0,0,0,0,0,0,0,0,0,0,0,0,0,5,0,0,0,0,0,5,0,0,0,0,0,0,0,0,0,8,0,0,0,6,5,0,6,0,0,18,0,0,0,0,0,0,0,0,0,0,0,0,0,0,0,0,0,0,0,0,0,0,0,0,0,4,0,0,0,5,0,3,0,10,0,3,3,0,0,10,0,0,0,0,0,0,6,0,0,6,0,0,0,0,0,0,0,0,0,5,0,0,0,0,0,0,0,0,0,6,0,0,0,0,0,0,0,0,0,0,0,0,0,0,0,4,0,0,0,4,0,0,0,4,0,0,0,0,0,9,0,0,0,5,0,0,0,0,0,5,0,0,0,7,0,0,0,0,0,9,0,0,0,0,0,4,0,0,0,0,0,0,0,6,0,0,0,0,0,6
SAL80064,0,0,0,0,0,3,0,0,0,4,0,0,0,0,0,0,0,0,0,0,0,0,0,0,0,0,0,0,0,0,0,0,4,11,0,4,0,0,0,17,0,0,0,0,0,0,3,3,0,12,0,6,0,14,12,11,4,0,0,49,0,0,0,0,0,0,0,0,0,4,0,0,0,10,0,0,0,0,0,11,0,0,0,0,0,0,0,0,0,0,0,4,3,17,17,13,10,0,0,67,0,0,0,0,0,3,3,4,0,5,0,0,0,0,0,0,0,0,0,0,0,0,0,0,0,3,7,7,4,20,0,0,0,0,0,0,0,0,0,3,0,5,0,5,10,4,4,0,0,22,0,5,0,11,7,5,9,5,0,35,0,0,0,0,0,0,0,0,0,0,0,5,0,5,5,6,0,0,0,24,0,0,0,0,0,0,0,0,0,0,0,0,4,10,0,3,3,0,0,18
SAL80065,0,0,0,0,0,0,0,0,0,3,0,0,0,0,0,0,0,0,0,0,0,0,0,0,0,0,0,0,0,0,0,0,0,4,0,0,0,0,0,3,0,0,0,0,0,0,0,3,0,3,0,0,0,3,8,4,7,0,0,21,0,0,0,0,0,0,0,0,0,0,0,0,0,0,0,0,0,0,0,4,0,0,0,0,0,0,0,0,0,0,0,4,4,9,8,0,0,0,0,20,0,0,0,3,0,0,0,0,0,9,0,0,0,0,0,0,0,0,0,0,0,0,0,0,0,5,0,3,0,5,0,0,0,0,0,0,0,0,0,3,0,0,0,4,0,0,0,0,0,8,0,0,0,3,0,0,4,0,0,6,0,0,0,0,0,0,0,0,0,0,0,0,0,6,0,0,0,0,0,11,0,0,0,0,0,0,0,0,0,0,0,0,0,4,0,0,0,0,0,4
SAL80066,0,0,0,0,0,0,0,0,0,0,0,0,0,0,0,0,0,0,0,0,0,0,0,0,0,0,0,0,0,0,0,0,8,50,0,0,0,0,0,58,0,0,0,0,0,0,5,3,0,8,0,0,7,5,0,4,3,0,0,17,0,0,0,3,0,0,0,0,0,3,0,0,0,6,0,0,0,0,0,8,0,0,0,0,0,0,0,0,0,0,0,0,9,27,4,6,4,0,0,42,0,0,0,0,0,0,0,0,0,9,0,0,0,0,0,0,0,0,0,0,0,0,0,4,0,3,0,4,0,15,0,0,0,4,0,0,0,0,0,7,0,0,7,4,3,0,0,0,0,14,0,0,0,14,0,0,0,0,0,14,0,0,0,0,0,0,0,0,0,0,0,0,0,9,0,0,0,0,0,15,0,0,0,0,0,0,0,0,0,5,0,0,0,13,5,0,0,0,0,14
SAL80067,0,0,0,0,0,0,0,0,0,0,0,0,0,0,0,0,0,0,0,5,0,0,0,0,0,0,0,0,0,0,0,0,9,19,0,0,0,0,0,34,0,0,0,0,0,0,4,0,0,4,0,0,0,12,5,3,3,0,0,31,0,0,0,0,0,0,0,0,0,0,0,0,3,7,0,0,0,0,0,7,0,0,0,0,0,0,0,0,0,3,0,0,0,14,0,0,0,0,0,20,0,0,0,3,3,3,0,0,0,12,0,0,0,0,0,0,0,0,0,0,0,0,0,0,0,0,3,0,0,7,0,0,3,4,3,3,0,0,0,9,0,0,0,7,3,0,0,0,0,15,0,0,0,3,7,0,0,0,0,17,0,0,0,3,0,0,5,0,0,8,0,0,0,5,0,0,0,0,0,10,0,0,0,4,0,0,0,0,0,3,4,5,6,13,0,4,4,0,0,33
SAL80068,0,0,0,0,0,0,0,0,0,0,0,0,0,5,0,0,0,0,0,7,0,0,0,6,4,0,0,0,0,12,0,0,30,149,0,0,0,0,0,185,0,0,0,0,0,0,0,0,0,3,0,0,3,14,8,3,6,0,0,39,0,0,0,6,0,0,0,0,0,13,0,10,3,41,6,5,0,0,0,59,0,0,0,0,0,0,0,0,0,4,0,0,8,40,8,12,8,0,0,78,0,4,0,4,0,0,0,0,0,9,0,0,0,3,0,0,0,0,0,3,0,0,0,0,0,0,0,0,0,3,0,0,6,8,0,6,0,0,0,18,0,3,7,15,8,4,0,0,0,39,0,0,0,16,4,7,0,0,0,28,0,0,0,12,0,0,0,0,0,15,0,0,3,20,8,0,4,0,0,38,0,0,0,6,0,0,0,0,0,9,0,0,4,12,0,3,0,0,0,20
SAL80069,0,0,0,0,0,0,0,0,0,0,0,0,0,0,0,0,0,0,0,0,0,0,0,0,0,0,0,0,0,0,0,0,0,4,0,0,0,0,0,4,0,0,0,0,0,0,0,0,0,0,0,0,0,10,4,4,0,0,0,22,0,0,0,0,0,0,0,0,0,0,0,0,0,0,0,0,0,0,0,0,0,0,0,0,0,0,0,0,0,4,0,0,0,0,0,0,0,0,0,6,0,0,0,0,0,0,0,0,0,0,0,0,0,0,0,0,0,0,0,0,0,0,0,0,0,3,0,4,0,4,0,0,0,0,0,0,0,0,0,5,0,0,0,4,0,0,0,0,0,5,0,0,0,4,0,0,0,0,0,0,0,0,0,0,0,0,0,0,0,0,0,0,0,0,0,0,0,0,0,0,0,0,0,0,0,0,0,0,0,0,0,6,4,4,0,4,6,5,0,20
SAL80070,0,0,0,0,0,0,0,0,0,0,0,0,0,0,0,0,0,0,0,0,0,0,0,0,0,0,0,0,0,0,0,0,0,0,0,0,0,0,0,0,0,0,0,0,0,0,0,0,0,0,0,0,0,0,0,0,0,0,0,0,0,0,0,0,0,0,0,0,0,0,0,0,0,0,0,0,0,0,0,0,0,0,0,0,0,0,0,0,0,0,0,0,0,0,0,0,0,0,0,0,0,0,0,0,0,0,0,0,0,0,0,0,0,0,0,0,0,0,0,0,0,0,0,0,0,0,0,0,0,0,0,0,0,0,0,0,0,0,0,0,0,0,0,0,0,0,0,0,0,0,0,0,0,0,0,0,0,0,0,0,0,0,0,0,0,0,0,0,0,0,0,0,0,0,0,0,0,0,0,0,0,0,0,0,0,0,0,0,0,0,0,0,0,0,0,0,0,0,0,0
SAL80071,0,0,0,0,0,0,0,0,0,0,0,0,5,0,0,0,0,0,0,8,0,0,0,12,3,3,0,0,0,20,0,5,20,79,8,0,0,0,0,109,0,0,0,0,0,0,0,0,0,0,0,5,8,20,10,4,0,0,0,47,0,0,0,0,0,0,0,0,0,3,0,4,4,34,4,0,0,0,0,47,0,0,5,3,3,0,0,0,0,16,0,4,5,27,3,10,3,0,0,50,0,0,0,0,0,0,0,0,0,3,0,0,0,0,0,0,0,0,0,4,0,0,3,0,3,0,0,5,0,9,0,3,8,4,0,0,0,0,0,13,0,0,0,3,6,3,0,0,0,15,0,0,3,26,11,8,7,0,0,59,0,0,0,9,0,0,0,0,0,8,0,5,3,13,7,0,0,0,0,34,0,0,0,0,0,0,0,0,0,4,0,0,7,13,0,0,0,0,0,22
SAL80072,0,0,0,0,0,0,0,0,0,0,0,0,0,0,0,0,0,0,0,0,0,0,0,0,0,0,0,0,0,0,0,0,7,14,0,0,0,0,0,20,0,0,0,0,0,0,0,0,0,0,0,0,0,7,4,6,0,4,0,21,0,0,0,0,0,0,0,0,0,0,0,6,0,6,0,0,0,0,0,11,0,0,0,0,0,0,0,0,0,0,0,0,0,0,0,7,0,0,0,8,0,0,0,0,0,0,0,0,0,0,0,0,0,0,0,0,0,0,0,0,0,0,0,0,0,5,0,0,4,9,0,0,0,0,0,0,0,0,0,0,0,0,0,0,0,4,0,0,0,9,0,0,0,4,4,0,0,0,0,13,0,0,0,0,0,0,0,0,0,0,0,0,0,0,3,3,0,0,0,5,0,0,0,0,0,0,0,0,0,0,0,0,0,0,0,4,9,4,0,13
SAL80073,0,0,0,0,0,0,0,0,0,0,0,0,0,0,0,0,0,0,0,0,0,0,0,6,0,0,0,0,0,5,0,0,0,7,0,0,0,0,0,3,0,0,0,0,0,0,0,0,0,4,0,0,0,4,5,6,0,0,0,15,0,0,0,0,0,0,0,0,0,0,0,0,0,6,0,0,0,0,0,3,0,0,0,0,0,0,0,0,0,0,0,0,3,7,9,6,3,0,0,30,0,0,0,0,0,0,0,3,0,3,0,0,0,3,0,0,0,0,0,3,0,0,0,0,0,0,0,0,0,4,0,0,0,0,0,0,0,0,0,0,0,0,0,6,0,0,0,0,0,3,0,0,0,3,3,0,0,0,0,14,0,0,0,0,0,0,0,0,0,0,0,0,0,6,0,0,0,0,0,7,0,0,0,0,0,0,0,0,0,0,0,0,0,4,0,0,6,0,0,11
SAL80074,0,0,0,0,0,0,5,0,0,7,0,0,0,0,0,0,0,0,0,0,0,0,0,0,0,0,0,0,0,0,0,0,5,7,0,0,0,0,0,13,0,0,0,0,0,0,0,0,0,5,0,0,0,3,9,3,0,0,0,19,0,0,0,4,0,0,0,0,0,0,0,0,0,3,0,0,0,0,0,3,0,0,0,0,0,0,0,0,0,4,0,0,3,0,4,0,0,0,0,14,0,0,0,0,0,0,0,0,0,5,0,0,0,0,0,0,0,0,0,0,0,0,0,0,0,0,0,0,0,9,0,0,0,0,0,4,0,0,0,5,0,0,6,0,3,0,0,0,0,6,0,0,0,0,0,0,0,0,0,5,0,0,0,0,0,0,0,0,0,0,0,0,0,4,0,0,0,0,0,11,0,0,0,0,0,0,0,0,0,0,0,0,3,6,4,0,0,0,0,16
SAL80075,0,0,0,0,0,0,0,0,0,5,0,0,0,0,0,0,0,0,0,4,0,0,0,0,0,0,0,0,0,3,0,0,9,26,0,0,0,0,0,34,0,0,0,3,0,0,9,0,0,10,0,0,0,9,5,4,3,4,0,25,0,0,0,0,0,0,0,0,0,0,0,0,0,5,4,0,0,0,0,10,0,0,0,0,0,3,0,0,0,3,0,0,5,33,8,0,0,4,6,52,0,0,0,0,0,0,0,0,4,10,0,0,0,0,0,0,0,0,0,0,0,0,0,4,0,0,6,0,5,14,0,0,0,0,0,0,0,0,0,0,0,0,0,3,7,0,6,0,0,11,0,0,0,3,0,4,4,0,0,16,0,0,0,4,0,0,0,0,0,6,0,0,0,0,0,0,5,0,0,11,0,0,0,0,0,0,0,0,0,0,0,0,5,6,6,0,3,0,0,19
SAL80076,0,0,0,0,0,0,0,0,0,0,0,0,0,0,0,0,0,0,0,0,0,0,0,0,0,0,0,0,0,3,0,0,4,16,0,0,0,0,0,19,0,3,0,0,0,0,0,0,0,6,0,0,0,3,10,5,0,5,0,26,0,0,0,0,0,0,0,0,0,0,0,0,0,0,0,0,0,0,0,0,0,0,0,0,0,8,0,0,0,9,0,0,0,9,0,3,0,0,0,7,0,0,0,0,0,0,0,0,4,4,0,0,0,0,0,0,0,0,0,0,0,0,0,0,0,0,0,4,3,13,0,0,0,0,0,3,0,0,0,6,0,0,0,0,0,0,6,0,0,7,0,0,0,0,4,0,0,0,0,4,0,0,0,0,0,0,0,0,0,4,0,0,0,0,3,0,0,0,0,7,0,0,0,0,0,0,0,0,0,0,0,3,0,7,4,0,5,0,0,21
SAL80077,0,0,0,0,0,0,0,0,0,0,0,0,0,0,0,0,0,0,0,0,0,0,0,0,0,0,0,0,0,0,0,0,0,0,0,0,0,0,0,0,0,0,0,0,0,0,0,0,0,0,0,0,0,0,0,0,0,0,0,0,0,0,0,0,0,0,0,0,0,0,0,0,0,0,0,0,0,0,0,0,0,0,0,0,0,0,0,0,0,0,0,0,0,0,0,0,0,0,0,0,0,0,0,0,0,0,0,0,0,0,0,0,0,0,0,0,0,0,0,0,0,0,0,0,0,0,0,0,0,0,0,0,0,0,0,0,0,0,0,0,0,0,0,0,0,0,0,0,0,0,0,0,0,0,0,0,0,0,0,0,0,0,0,0,0,0,0,0,0,0,0,0,0,0,0,0,0,0,0,0,0,0,0,0,0,0,0,0,0,0,0,0,0,0,0,0,0,0,0,0
SAL80078,0,0,0,0,0,0,0,0,0,0,0,0,0,0,0,0,0,0,0,0,0,0,0,0,0,0,0,0,0,0,0,0,0,0,0,0,0,0,0,4,0,0,0,0,0,0,0,5,3,10,3,3,0,0,0,0,3,3,0,13,0,0,0,0,0,5,0,0,0,5,0,0,0,0,0,0,0,0,0,0,0,0,0,0,3,0,0,0,0,3,0,0,0,4,0,0,5,0,0,14,0,0,0,0,0,0,3,0,0,7,0,0,0,0,0,0,0,0,0,0,0,0,0,0,0,0,0,0,0,0,0,0,0,0,0,4,0,0,0,9,0,0,0,0,0,0,0,0,0,10,0,0,0,3,6,8,6,5,5,33,0,0,0,0,0,0,0,0,0,0,0,0,0,3,0,0,0,0,0,6,0,0,0,0,0,0,0,0,0,6,0,3,5,0,0,0,0,0,0,6
SAL80079,0,0,0,0,0,0,6,4,0,4,0,0,0,0,0,0,0,0,0,3,0,0,0,0,0,0,0,0,0,0,0,0,0,13,0,0,0,0,0,13,0,0,0,0,0,3,9,0,0,9,0,0,4,7,4,3,0,0,0,22,0,0,0,0,0,0,0,0,0,5,0,0,0,0,0,0,0,0,0,0,0,0,0,0,0,0,0,0,0,0,0,0,6,12,8,14,4,3,0,45,0,0,0,0,0,0,0,0,0,5,0,0,0,0,3,0,0,0,0,3,0,0,0,0,0,0,0,0,0,10,0,0,0,4,0,6,0,0,0,6,0,0,0,0,0,0,0,0,0,5,0,0,0,3,3,5,0,0,0,17,0,0,0,0,0,0,0,0,0,0,0,0,0,5,0,5,0,0,0,12,0,0,0,0,0,0,0,0,0,0,0,4,0,0,0,0,0,0,0,4
SAL80080,0,0,0,0,0,0,0,0,0,0,0,0,0,0,0,0,0,0,0,0,0,0,0,3,0,0,0,0,0,4,0,0,0,10,0,0,0,0,0,12,0,0,0,0,0,0,0,0,0,0,0,0,0,0,0,0,0,0,0,4,0,0,0,0,0,0,0,0,0,0,0,0,0,6,0,0,0,0,0,6,0,0,0,0,0,0,0,0,0,0,0,6,0,0,3,0,0,0,0,7,0,0,0,0,0,0,0,0,0,0,0,0,0,0,0,0,0,0,0,0,0,0,3,0,0,0,0,0,0,3,0,0,0,0,0,0,0,0,0,0,0,0,0,3,5,0,0,0,0,11,0,0,0,0,0,0,0,0,0,3,0,0,0,0,0,0,0,0,0,0,0,0,0,5,0,0,0,0,0,0,0,0,0,0,0,0,0,0,0,0,0,0,0,0,0,0,0,0,0,0
SAL80081,0,0,0,0,0,0,4,0,0,4,0,0,0,0,0,4,0,0,0,3,0,0,0,4,0,3,3,0,0,11,0,0,5,23,0,0,0,0,0,22,0,0,0,0,0,0,6,6,0,9,0,3,8,9,3,0,4,0,0,33,0,0,0,0,0,0,8,0,0,9,0,0,0,8,0,0,4,0,0,13,0,0,0,3,0,0,0,0,0,8,0,3,0,25,11,6,10,0,0,52,0,0,0,0,0,0,8,0,3,13,0,0,0,0,3,0,0,0,0,14,0,0,0,0,6,4,3,0,0,10,0,0,0,6,0,0,5,0,0,9,0,0,0,3,5,0,0,3,0,15,0,0,0,7,4,4,6,0,0,18,0,0,0,10,0,0,0,0,0,7,0,0,4,3,3,6,0,0,0,14,0,0,0,0,0,0,0,0,0,0,0,4,5,10,3,0,0,0,0,21
SAL80082,0,0,0,0,0,0,0,0,0,3,0,0,0,0,0,0,0,0,0,8,0,0,0,0,0,0,0,0,0,7,0,0,5,41,0,0,0,0,0,51,0,0,0,0,3,0,6,5,0,18,0,8,4,23,17,21,14,3,0,89,0,0,0,0,0,4,0,0,0,3,0,0,0,5,0,0,0,0,0,13,0,0,0,0,17,0,3,0,0,20,0,9,3,22,17,20,17,0,0,87,0,0,0,6,3,3,12,0,0,25,0,0,0,0,0,3,5,0,0,14,0,0,0,0,4,3,10,5,0,25,0,0,0,3,5,0,0,0,0,17,0,0,0,6,5,3,0,0,0,25,0,0,5,5,3,4,8,9,0,35,0,0,0,7,0,0,0,0,0,5,0,0,0,8,6,3,4,0,0,34,0,0,0,0,0,0,0,0,0,0,0,3,11,25,11,3,7,0,0,61
SAL80083,0,0,0,0,0,0,0,0,0,0,0,0,0,3,0,0,0,0,0,4,0,0,0,0,0,0,0,0,0,0,0,0,0,8,0,0,0,0,0,14,0,0,0,3,0,0,0,0,0,7,0,0,4,27,0,7,4,0,0,41,0,0,0,0,6,0,0,0,0,4,0,0,0,3,0,0,0,0,0,5,0,0,0,0,0,0,0,0,0,0,0,0,0,15,5,0,0,0,0,30,0,0,0,0,0,0,3,0,0,4,0,0,0,0,0,0,0,0,0,0,0,0,0,4,0,0,0,8,0,20,0,3,0,9,5,0,0,0,0,15,0,0,0,22,4,4,0,0,0,26,0,0,0,6,7,0,0,0,0,17,0,0,0,6,0,0,0,0,0,6,0,0,0,12,3,3,0,0,0,22,0,0,0,0,0,0,0,0,0,4,0,0,6,17,0,0,0,4,0,35
SAL80084,0,0,0,0,0,0,5,0,0,5,0,0,0,0,0,0,0,0,0,0,0,0,0,0,0,0,0,0,0,3,0,0,0,3,0,0,0,0,0,3,0,0,0,0,0,0,6,3,0,13,0,0,0,7,0,0,4,0,0,20,0,0,0,0,0,0,0,0,0,0,0,0,0,3,0,0,0,0,0,3,0,0,0,0,4,4,0,0,0,10,0,0,0,14,0,0,6,0,0,28,0,0,0,0,0,0,0,0,0,0,0,0,0,0,0,3,0,0,0,5,0,0,0,0,0,0,0,0,0,0,0,0,0,0,0,0,0,0,0,0,0,0,0,0,0,0,4,0,0,9,0,0,0,0,0,0,0,0,0,4,0,0,0,3,0,0,0,0,0,3,0,0,0,6,0,0,0,0,0,9,0,0,0,0,0,0,0,0,0,0,0,0,0,5,0,0,0,0,0,4
SAL80085,0,0,0,0,0,0,0,0,0,0,0,0,0,4,0,0,0,0,0,4,0,0,0,3,0,0,0,0,0,3,0,0,8,25,0,0,0,0,0,34,0,0,0,0,0,0,0,0,0,0,0,0,4,4,3,0,0,0,0,16,0,0,0,0,0,0,0,0,0,0,0,0,0,10,0,0,0,0,0,15,0,0,0,0,0,0,0,0,0,0,0,4,0,18,0,0,0,0,0,22,0,0,0,4,0,0,0,0,0,4,0,0,0,0,0,0,0,0,0,0,0,0,0,0,0,0,0,0,0,0,0,0,0,8,0,0,0,0,0,12,0,0,5,3,0,0,0,0,0,5,0,0,0,9,4,4,0,0,0,16,0,0,0,9,0,0,0,0,0,11,0,0,0,4,0,0,0,0,0,4,0,0,0,0,0,0,0,0,0,0,0,0,9,0,5,0,0,0,0,8
SAL80086,0,0,0,0,0,0,0,0,0,0,0,0,0,3,0,0,0,0,0,3,0,0,0,0,3,0,0,0,0,9,0,0,6,28,0,0,0,0,0,36,0,0,0,3,0,0,0,0,0,4,0,4,4,5,9,0,3,3,0,38,0,0,0,0,0,0,0,0,0,0,0,0,0,10,5,0,0,0,0,14,0,0,0,0,0,0,0,0,0,0,0,0,7,7,4,5,0,0,0,20,0,0,0,0,4,3,0,0,0,10,0,0,4,5,0,0,0,0,0,7,0,0,0,0,0,0,0,4,0,9,0,0,0,3,0,0,0,0,0,11,0,0,0,7,0,0,0,0,0,10,0,0,0,0,0,0,0,0,0,3,0,0,0,4,0,0,0,0,0,3,0,0,4,10,9,0,0,0,0,19,0,0,0,4,0,0,0,0,0,6,4,0,9,18,3,3,0,0,0,39
SAL80087,0,0,0,0,0,0,0,0,0,0,0,0,0,0,0,0,0,0,0,0,0,0,0,0,0,4,0,0,0,5,0,0,21,63,0,0,0,0,0,83,0,0,0,0,0,0,0,0,3,3,0,0,0,4,0,7,0,0,0,12,0,0,0,0,0,0,0,0,0,0,0,9,0,7,0,0,0,0,0,16,0,0,0,0,0,5,0,0,0,4,0,0,0,18,8,0,4,0,0,35,0,0,0,0,0,0,0,0,0,5,0,0,0,0,0,0,0,0,0,0,0,0,0,3,0,0,0,4,0,10,0,0,0,3,0,0,0,0,0,4,0,0,0,0,4,0,0,0,0,12,0,0,0,9,0,4,0,0,0,17,0,0,0,3,0,0,0,0,0,3,0,0,0,0,4,0,0,0,0,5,0,0,0,0,0,0,0,0,0,0,0,7,3,3,4,6,0,0,0,15
SAL80088,0,0,0,0,0,0,0,0,0,0,0,0,0,0,0,0,0,0,0,0,0,0,0,0,0,0,0,0,0,0,0,0,0,0,0,0,0,0,0,0,0,0,0,0,0,0,0,0,0,0,0,0,0,3,0,0,0,0,0,0,0,0,0,0,0,0,0,0,0,0,0,0,0,0,0,0,0,0,0,0,0,0,0,0,0,0,0,0,0,0,0,0,0,6,0,0,0,0,0,6,0,0,0,0,0,0,0,0,0,0,0,0,0,0,0,0,0,0,0,0,0,0,0,0,0,0,0,0,0,0,0,0,0,0,0,0,0,0,0,4,0,3,0,0,0,0,3,0,0,4,0,0,0,5,0,0,0,0,0,5,0,0,0,0,0,0,0,0,0,0,0,0,0,0,0,0,0,0,0,0,0,0,0,0,0,0,0,0,0,0,0,0,0,0,0,0,0,0,0,0
SAL80089,0,0,0,0,0,0,4,0,0,3,0,0,3,3,0,0,0,0,0,10,0,0,0,0,4,0,0,0,0,3,0,0,4,25,3,0,0,0,0,33,0,0,0,0,0,0,0,3,0,6,0,0,0,13,7,5,0,0,0,39,0,0,0,0,0,0,0,0,0,0,0,0,3,16,3,0,0,0,0,21,0,0,0,0,5,0,0,0,0,7,0,8,4,33,17,11,0,4,0,77,0,0,0,0,0,0,4,0,0,9,0,0,0,0,0,0,0,0,0,0,0,0,0,0,3,3,3,0,0,10,0,0,0,4,0,0,0,0,0,0,0,0,0,7,4,6,3,0,0,23,0,0,0,12,3,3,0,0,0,21,0,0,0,0,0,0,0,0,0,6,0,3,3,10,0,0,0,0,0,25,0,0,0,0,0,0,0,0,0,0,0,0,5,11,0,0,4,0,0,19
SAL80090,0,0,0,0,0,0,0,0,0,0,0,0,0,0,0,0,0,0,0,0,0,0,0,0,0,0,0,0,0,0,0,0,0,0,0,0,0,0,0,0,0,0,0,0,0,0,0,0,0,0,0,0,0,0,0,0,0,0,0,0,0,0,0,0,0,0,0,0,0,0,0,0,0,0,0,0,0,0,0,0,0,0,0,0,0,0,0,0,0,0,0,0,0,0,0,0,0,0,0,0,0,0,0,0,0,0,0,0,0,0,0,0,0,0,0,0,0,0,0,0,0,0,0,0,0,0,0,0,0,0,0,0,0,0,0,0,0,0,0,0,0,0,0,0,0,0,0,0,0,0,0,0,0,0,0,0,0,0,0,0,0,0,0,0,0,0,0,0,0,0,0,0,0,0,0,0,0,0,0,0,0,0,0,0,0,0,0,0,0,0,0,0,0,0,0,0,0,0,0,0
SAL80091,0,0,0,0,0,0,0,0,0,0,0,0,0,0,0,0,0,0,0,0,0,0,0,0,0,0,0,0,0,0,0,0,7,9,0,0,0,0,0,20,0,0,0,0,0,0,0,0,0,5,0,0,0,5,0,0,0,0,0,10,0,0,0,0,0,0,0,0,0,3,0,4,3,7,0,0,0,0,0,17,0,0,0,0,5,0,0,0,0,4,0,3,0,12,0,4,0,0,0,24,0,0,0,0,0,0,0,0,0,5,0,0,0,0,0,0,0,0,0,0,0,0,0,3,0,0,0,4,0,7,0,0,0,0,0,0,0,0,0,4,0,0,0,3,0,0,0,0,0,4,0,0,0,0,0,0,0,0,0,5,0,0,0,0,0,0,0,0,0,0,0,0,4,3,3,0,0,0,0,13,0,0,0,0,0,0,0,0,0,0,0,0,6,3,0,0,0,0,0,7
SAL80092,0,0,0,0,0,0,0,0,0,0,0,0,0,0,0,0,0,0,0,0,0,0,0,0,0,0,0,0,0,0,0,3,20,58,0,0,0,0,0,78,0,0,0,0,0,0,0,0,0,6,0,0,0,4,4,3,0,5,0,17,0,0,0,0,0,0,0,0,0,3,0,3,0,5,0,0,0,0,0,7,0,0,0,0,3,0,0,0,0,8,0,6,4,22,9,4,4,5,0,48,0,0,0,0,0,6,0,0,0,4,0,0,0,0,0,0,0,0,0,0,0,0,0,3,0,0,0,0,0,8,0,0,0,3,0,0,0,0,0,7,0,0,0,3,0,0,0,0,0,8,0,0,0,0,5,3,0,0,0,7,0,0,0,0,0,0,0,0,0,3,0,0,0,8,0,0,4,0,0,19,0,0,0,0,0,0,0,0,0,0,0,0,0,4,4,0,0,0,0,17
SAL80093,0,0,0,0,0,0,0,0,0,0,0,0,0,0,0,0,0,0,0,0,0,0,0,0,0,0,0,0,0,0,0,0,0,4,0,0,0,0,0,3,0,0,0,0,0,0,0,0,0,4,0,0,0,0,7,0,0,0,0,11,0,0,0,0,0,0,3,0,0,6,0,0,0,0,0,0,0,0,0,4,0,0,0,0,0,5,0,0,0,5,0,0,0,3,7,4,0,0,0,21,0,0,0,0,0,0,4,0,0,9,0,0,0,0,0,0,0,0,0,3,0,0,0,0,0,0,0,4,0,5,0,0,0,4,0,0,0,0,0,4,0,0,0,0,0,0,0,0,0,4,0,0,0,5,4,5,0,0,0,12,0,0,0,0,0,0,0,0,0,0,0,0,0,5,0,0,0,0,0,4,0,0,0,0,0,0,0,0,0,0,0,4,0,0,0,0,0,0,0,13
SAL80094,0,0,0,0,0,0,0,0,0,0,0,0,0,0,0,0,0,0,0,0,0,0,0,0,0,0,0,0,0,0,0,0,0,4,0,0,0,0,0,6,0,0,0,0,0,0,0,5,0,0,0,0,0,10,4,0,3,0,0,20,0,0,0,0,0,0,0,0,0,0,0,0,0,0,0,0,0,0,0,3,0,0,0,0,0,0,0,0,0,4,0,0,0,5,7,0,0,0,0,16,0,0,0,0,0,0,3,0,0,7,0,0,0,0,0,0,0,0,0,0,0,0,0,4,0,0,0,0,0,5,0,0,0,0,0,0,0,0,0,3,0,0,0,0,0,5,0,0,0,11,0,0,0,5,0,0,0,0,0,9,0,0,0,0,0,0,0,0,0,0,0,0,0,6,0,0,0,0,0,4,0,0,0,3,3,0,0,0,0,5,4,0,0,3,0,0,3,0,0,12
SAL80095,0,0,0,0,0,0,0,0,0,0,0,0,0,0,0,0,0,0,0,0,0,0,0,0,0,0,0,0,0,0,0,0,0,0,0,0,0,0,0,0,0,0,0,0,0,0,0,0,0,0,0,0,0,0,0,0,0,0,0,0,0,0,0,0,0,0,0,0,0,0,0,0,0,0,0,0,0,0,0,0,0,0,0,0,0,0,0,0,0,0,0,0,0,0,0,0,0,0,0,0,0,0,0,0,0,0,0,0,0,0,0,0,0,0,0,0,0,0,0,0,0,0,0,0,0,0,0,0,0,0,0,0,0,0,0,0,0,0,0,0,0,0,0,0,0,0,0,0,0,0,0,0,0,0,0,0,0,0,0,0,0,0,0,0,0,0,0,0,0,0,0,0,0,0,0,0,0,0,0,0,0,0,0,0,0,0,0,0,0,0,0,0,0,0,0,0,0,0,0,0
SAL80096,0,0,0,0,0,0,0,0,0,0,0,0,0,0,0,0,0,0,0,0,0,0,0,0,0,0,0,0,0,0,0,0,0,0,0,0,0,0,0,0,0,0,0,0,0,0,0,0,0,0,0,0,0,0,0,0,0,0,0,0,0,0,0,0,0,0,0,0,0,0,0,0,0,0,0,0,0,0,0,0,0,0,0,0,0,0,0,0,0,0,0,0,0,0,0,0,0,0,0,0,0,0,0,0,0,0,0,0,0,0,0,0,0,0,0,0,0,0,0,0,0,0,0,0,0,0,0,0,0,0,0,0,0,0,0,0,0,0,0,0,0,0,0,0,0,0,0,0,0,0,0,0,0,0,0,0,0,0,0,0,0,0,0,0,0,0,0,0,0,0,0,0,0,0,0,0,0,0,0,0,0,0,0,0,0,0,0,0,0,0,0,0,0,0,0,0,0,0,0,0
SAL80097,0,0,0,0,0,0,0,0,0,0,0,0,0,0,0,0,0,0,0,0,0,0,0,0,0,0,0,0,0,0,0,0,0,14,0,0,0,0,0,17,0,0,0,0,0,0,3,5,0,19,0,0,0,5,3,5,3,3,0,26,0,0,0,0,0,0,0,0,0,3,0,0,3,7,0,0,0,0,0,13,0,0,0,6,0,0,0,0,0,3,0,3,0,12,4,4,9,0,4,33,0,0,0,0,0,0,7,0,0,7,0,0,0,0,0,0,0,0,0,3,0,0,0,0,3,10,0,12,5,27,0,0,0,4,0,0,0,0,0,8,0,0,3,0,10,4,3,3,0,23,0,5,0,11,6,16,7,0,0,45,0,0,0,0,0,0,0,0,0,0,0,0,0,3,0,0,0,0,0,10,0,0,0,0,0,0,0,0,0,0,0,0,0,0,7,0,0,3,0,13
SAL80098,0,0,0,0,0,0,0,0,0,0,0,0,0,3,0,0,0,0,0,3,0,0,0,3,0,0,0,0,0,3,0,0,4,25,0,0,0,0,0,37,0,0,0,0,0,0,0,0,0,0,0,8,5,5,0,0,0,0,0,14,0,0,0,0,0,0,0,0,0,0,0,5,4,36,3,5,0,0,0,57,0,0,0,0,0,0,0,0,0,0,0,6,3,40,7,3,0,0,0,57,0,0,0,0,3,0,0,0,0,3,0,0,0,0,0,0,0,0,0,4,0,0,0,0,4,0,0,0,0,7,0,4,0,4,0,0,0,0,0,7,0,0,0,4,6,3,0,0,0,20,0,4,6,14,3,3,0,0,0,36,0,0,0,4,0,0,0,0,0,4,0,0,3,3,0,0,0,0,0,7,0,0,0,0,0,0,0,0,0,0,0,4,0,6,0,0,0,0,0,13
SAL80099,0,0,0,0,0,0,0,0,0,0,0,0,0,0,0,0,0,0,0,0,0,0,0,0,0,0,0,0,0,4,0,0,3,33,0,0,0,0,0,40,0,0,5,3,0,0,6,0,3,12,0,0,0,9,3,16,5,0,0,36,0,0,0,0,0,0,0,0,0,0,0,4,0,5,0,0,0,0,0,10,0,0,0,5,3,0,0,0,0,7,0,3,10,17,11,6,0,3,0,45,0,0,0,3,6,0,4,0,6,12,0,0,0,0,3,0,0,0,0,3,0,0,0,0,0,9,0,4,3,16,0,3,0,6,0,0,5,0,0,14,0,0,0,3,3,0,3,0,0,8,0,0,5,5,5,5,0,0,0,21,0,3,0,9,0,0,0,0,0,16,0,0,0,3,0,0,0,0,0,13,0,0,0,0,4,0,0,0,0,8,0,8,3,13,4,4,0,0,0,40
SAL80100,0,0,0,0,0,0,0,0,0,0,0,0,0,7,0,0,0,0,0,12,0,0,3,3,4,4,0,0,0,17,0,0,8,40,0,0,0,0,0,50,0,0,0,0,3,0,3,3,0,9,0,3,4,27,5,14,5,0,0,61,0,0,0,7,0,0,6,0,0,5,0,5,4,32,9,6,0,0,0,52,0,0,0,0,0,0,0,0,0,0,0,3,0,20,21,12,3,0,0,68,0,0,0,6,0,0,4,0,0,6,0,0,0,0,0,0,0,0,0,0,0,0,0,0,0,3,3,10,0,17,0,7,0,0,0,0,3,0,0,11,0,0,4,9,9,4,0,6,0,33,0,6,6,26,4,9,4,3,0,64,0,0,0,0,0,0,0,0,0,3,0,0,0,15,0,3,6,5,0,25,0,0,0,0,0,0,0,0,0,6,0,0,0,16,9,0,0,0,0,29
SAL80101,0,0,0,0,0,0,3,0,0,5,0,0,0,0,0,0,0,0,0,7,0,0,0,0,0,3,0,0,0,4,0,0,4,5,0,0,0,0,0,11,0,0,0,0,0,0,0,4,0,8,0,6,9,5,7,4,0,3,0,39,0,0,0,0,0,3,0,0,0,6,0,0,0,11,0,0,0,0,0,15,0,0,0,0,3,0,0,0,0,9,0,0,3,6,9,3,4,0,0,20,0,0,0,0,6,4,0,0,0,14,0,0,0,0,0,0,0,0,0,0,0,0,4,6,5,0,4,3,3,15,0,3,0,0,5,0,0,0,0,10,0,8,7,12,14,4,3,0,0,51,0,0,0,5,0,13,13,0,0,34,0,0,0,0,0,0,0,0,0,8,0,0,0,4,0,3,0,0,0,10,0,0,0,0,0,0,0,0,0,0,0,6,4,3,4,3,3,0,0,20
SAL80102,0,0,0,0,0,0,0,0,0,0,0,0,0,0,0,0,0,0,0,5,0,0,0,0,5,0,0,0,0,4,0,0,4,13,0,0,0,0,0,11,0,0,0,0,0,0,0,0,0,17,0,0,3,12,0,15,4,4,4,37,0,0,0,0,0,0,0,0,0,5,0,0,0,10,0,0,0,0,0,14,0,0,0,0,0,0,0,0,0,8,0,0,4,5,0,0,0,5,0,13,0,0,0,0,0,0,4,6,0,9,0,0,0,0,0,0,0,0,0,3,0,0,0,0,0,3,0,0,0,9,0,0,0,4,0,4,0,0,0,10,4,0,0,4,3,0,0,0,0,22,0,0,0,3,5,0,0,0,0,7,0,0,0,5,0,0,0,0,0,8,0,0,0,6,5,0,0,0,0,8,0,0,0,0,0,0,0,0,0,0,0,3,8,19,8,3,6,4,0,48
SAL80103,0,0,0,0,0,0,0,0,0,0,0,0,0,0,0,0,0,0,0,0,0,0,0,0,0,0,0,0,0,0,0,0,0,0,0,0,0,0,0,0,0,0,0,0,0,0,0,0,0,0,0,0,0,0,0,0,0,0,0,5,0,0,0,0,0,0,0,0,0,0,0,0,0,3,6,0,0,0,0,4,0,0,0,0,0,0,0,0,0,0,0,0,0,0,0,0,0,0,0,0,0,0,0,0,0,0,0,0,0,0,0,0,0,0,0,0,0,0,0,0,0,0,0,0,0,0,0,0,0,4,0,0,0,0,0,0,0,0,0,0,0,0,4,0,0,0,0,0,0,8,0,0,0,0,4,4,3,0,0,17,0,0,0,0,0,0,0,0,0,0,0,0,0,0,0,0,0,0,0,0,0,0,0,0,0,0,0,0,0,0,0,5,0,0,0,0,0,0,0,5
SAL80104,0,0,0,0,0,0,0,0,0,0,0,0,0,0,0,0,0,0,0,0,0,0,0,0,0,0,0,0,0,0,0,0,0,0,0,0,0,0,0,0,0,0,0,0,0,0,0,0,0,0,0,0,0,0,0,0,0,0,0,4,0,0,0,0,0,0,0,0,0,0,0,0,0,0,0,0,0,0,0,0,0,0,0,0,0,0,0,0,0,0,0,0,0,0,0,0,0,0,0,0,0,0,0,0,0,0,0,0,0,0,0,0,0,0,0,0,0,0,0,0,0,0,0,0,0,0,0,0,0,0,0,0,0,0,0,0,0,0,0,0,0,0,0,0,0,0,0,0,0,0,0,0,0,0,0,0,0,0,0,0,0,0,0,0,0,0,0,0,0,0,0,0,0,0,0,0,0,0,0,0,0,0,0,0,0,0,0,0,0,0,0,0,0,0,0,0,0,0,0,0
SAL80105,0,0,0,0,0,0,0,0,0,0,0,0,0,0,0,0,0,0,0,0,0,0,0,0,0,0,0,0,0,0,0,0,4,3,0,0,0,0,0,8,0,0,0,0,0,0,0,0,0,7,0,0,0,6,0,0,0,0,0,6,0,0,0,0,0,0,0,0,0,0,0,0,0,0,0,0,0,0,0,0,0,0,0,0,0,0,0,0,0,0,0,0,0,3,0,3,0,0,0,16,0,0,0,0,0,0,0,0,0,0,0,0,0,0,0,0,0,0,0,0,0,0,0,0,0,0,0,0,0,3,0,0,0,0,0,0,0,0,0,4,0,0,0,0,0,0,0,0,0,0,0,0,0,0,0,0,0,0,0,0,0,0,0,0,0,0,0,0,0,0,0,0,0,6,0,0,0,0,0,6,0,0,0,0,0,0,0,0,0,0,0,0,0,0,0,0,0,0,0,0
SAL80106,0,0,0,0,0,0,0,5,0,5,0,0,0,0,0,0,0,0,0,0,0,0,0,0,0,0,0,0,0,0,0,0,4,13,0,0,0,0,0,22,0,0,0,0,0,0,4,7,4,12,0,0,4,0,0,0,0,0,0,11,0,0,0,0,0,4,0,0,0,5,0,0,0,3,0,0,0,0,0,3,0,0,0,0,0,0,0,0,0,4,0,0,0,12,0,0,4,0,0,17,0,0,0,0,0,0,0,3,0,4,0,0,0,0,0,0,0,0,0,0,0,0,0,0,0,5,0,0,4,13,0,0,0,0,0,0,0,0,0,0,0,0,4,3,0,0,0,0,0,11,0,5,0,4,0,0,0,0,0,9,0,0,0,4,0,0,0,0,0,4,0,0,0,3,0,0,0,0,0,8,0,0,0,0,0,0,0,0,0,0,0,0,0,0,0,0,0,0,0,9
SAL80107,0,0,0,0,0,0,0,0,0,0,0,0,0,0,3,0,3,0,0,8,0,0,0,5,4,0,0,0,3,17,0,0,0,4,0,0,0,0,0,4,0,0,0,0,0,0,0,0,0,5,0,0,0,5,7,6,0,0,0,21,0,0,3,0,0,3,3,0,0,14,0,0,0,12,0,0,0,0,0,15,0,0,0,0,4,0,0,0,0,4,0,6,7,19,8,7,5,0,0,49,0,0,0,3,0,4,0,0,0,4,0,0,0,0,0,0,0,0,0,0,0,0,0,0,4,0,0,3,0,9,0,3,0,0,0,3,0,0,0,7,0,0,0,7,0,0,0,0,0,11,0,0,0,7,5,8,10,0,0,20,0,0,0,3,0,0,0,0,0,9,0,0,4,13,5,3,4,0,0,26,0,0,0,0,0,0,0,0,0,6,0,0,0,9,0,5,0,0,0,15
SAL80108,0,0,0,0,0,0,0,0,0,0,0,0,0,0,0,0,0,0,0,0,0,0,0,0,0,0,0,0,0,0,0,0,0,0,0,0,0,0,0,0,0,0,0,0,0,0,0,0,0,0,0,0,0,0,0,0,0,0,0,0,0,0,0,0,0,0,0,0,0,0,0,0,0,0,0,0,0,0,0,0,0,0,0,0,0,0,0,0,0,0,0,0,0,0,0,0,0,0,0,0,0,0,0,0,0,0,0,0,0,0,0,0,0,0,0,0,0,0,0,0,0,0,0,0,0,0,0,0,0,0,0,0,0,0,0,0,0,0,0,0,0,0,0,0,0,0,0,0,0,0,0,0,0,0,0,0,0,0,0,0,0,0,0,0,0,0,0,0,0,0,0,0,0,0,0,0,0,0,0,0,0,0,0,0,0,0,0,0,0,0,0,0,0,0,0,0,0,0,0,0
SAL80109,0,0,0,0,0,0,0,0,0,0,0,0,0,0,0,0,0,0,0,0,0,0,0,0,0,0,0,0,0,3,0,0,5,12,0,0,0,0,0,12,0,0,0,0,0,0,0,0,0,9,0,0,0,4,4,3,0,0,0,16,0,0,0,0,0,0,4,0,0,5,0,0,0,3,0,0,0,0,0,0,0,0,0,0,0,3,0,0,0,0,0,0,4,10,0,0,0,0,0,13,0,0,0,0,0,0,0,0,0,7,0,0,0,0,0,0,0,0,0,0,0,0,0,0,4,0,0,0,0,10,0,0,0,0,0,0,0,0,0,3,0,0,0,4,0,0,0,0,0,3,0,0,0,4,0,0,5,0,0,9,0,0,0,0,0,0,0,0,0,0,0,0,0,0,0,0,0,0,0,8,0,0,0,0,0,0,0,0,0,0,0,0,0,4,0,0,5,0,0,12
SAL80110,0,0,0,0,0,0,0,0,0,0,0,0,0,5,0,0,0,0,0,0,0,0,0,0,0,0,0,0,0,3,0,0,38,111,0,3,0,0,0,159,0,0,0,0,0,0,0,0,0,0,0,5,6,4,5,7,3,0,0,28,0,0,0,0,0,0,0,0,0,3,0,0,0,0,0,0,0,0,0,8,0,0,0,0,0,0,0,0,0,0,0,9,10,108,17,8,3,0,0,154,0,0,0,0,0,0,5,0,0,3,0,0,0,0,0,0,0,0,0,0,0,0,0,6,0,0,3,0,0,5,0,0,0,7,0,0,0,0,0,14,0,0,0,6,0,5,0,0,0,14,0,0,0,18,0,0,6,5,0,25,0,0,0,3,0,0,0,0,0,8,0,0,0,7,3,4,0,0,0,15,0,0,0,3,3,0,0,0,0,0,0,0,0,14,3,0,0,0,0,20
SAL80111,0,0,0,0,0,0,0,0,0,0,0,0,0,0,0,0,0,0,0,0,0,0,0,0,0,0,0,0,0,0,0,0,0,0,0,0,0,0,0,0,0,0,0,0,0,0,0,0,0,0,0,0,0,0,0,4,0,0,0,4,0,0,0,0,0,0,0,0,0,0,0,0,0,0,0,0,0,0,0,0,0,0,0,0,0,0,0,0,0,0,0,0,0,0,0,0,0,0,0,0,0,0,0,0,0,0,0,0,0,0,0,0,0,0,0,0,0,0,0,0,0,0,0,0,0,0,0,0,0,0,0,0,0,0,0,0,0,0,0,0,0,0,0,0,0,0,0,0,0,0,0,0,0,0,0,0,0,0,0,0,0,0,0,0,0,0,0,0,0,0,0,0,0,0,0,0,0,0,0,0,0,0,0,0,0,0,0,0,0,0,0,0,0,0,0,0,0,0,0,0
SAL80112,0,0,0,0,0,0,4,0,0,0,0,0,0,0,0,0,0,0,0,0,0,0,0,0,0,0,0,0,0,0,0,0,0,6,0,0,0,0,0,6,0,0,0,0,0,7,0,0,3,9,0,0,0,0,4,0,0,0,4,8,0,0,0,0,0,0,0,0,0,8,0,0,0,6,0,0,0,0,0,6,0,0,0,0,0,0,0,0,0,4,0,0,0,4,0,0,6,0,0,14,0,0,0,0,0,0,0,0,0,4,0,0,0,0,0,0,0,0,0,0,0,0,0,0,4,0,4,0,5,8,0,4,0,3,0,0,0,0,0,11,0,0,0,0,4,0,0,0,0,13,0,0,0,6,5,4,6,0,0,21,0,0,0,3,0,0,0,0,0,10,0,0,3,0,0,0,0,0,0,7,0,0,0,0,0,0,0,0,0,4,0,0,0,0,4,3,0,0,0,11
SAL80113,0,0,0,0,0,0,0,0,0,0,0,0,0,0,0,0,0,0,0,0,0,0,0,0,0,0,0,0,0,0,0,0,3,0,0,0,0,0,0,0,0,0,0,0,0,0,0,0,0,0,0,0,0,0,0,0,4,0,0,10,0,0,0,0,0,0,0,0,0,0,0,0,0,0,0,0,0,0,0,3,0,0,0,0,0,0,0,0,0,3,0,0,0,3,3,0,0,0,0,5,0,0,0,3,3,0,0,0,0,4,0,0,0,0,0,0,0,0,0,0,0,0,0,0,0,0,0,0,0,0,0,0,0,0,0,0,0,0,0,4,0,0,0,0,0,0,0,0,0,0,0,0,0,0,4,0,0,0,0,4,0,0,0,0,0,0,0,0,0,0,0,0,0,0,0,0,0,0,0,0,0,0,0,0,0,0,0,0,0,0,0,3,0,6,0,0,0,0,0,9
SAL80114,0,0,0,0,0,0,0,0,0,6,0,0,0,0,0,0,0,0,0,0,0,0,0,0,0,0,0,0,0,0,0,0,0,7,0,0,0,0,0,7,0,0,0,0,0,0,0,0,0,4,0,0,0,9,0,3,4,0,0,17,0,0,0,0,0,0,0,0,0,0,0,0,0,3,0,0,0,0,0,4,0,0,0,0,0,0,0,0,0,0,0,0,0,8,7,0,4,0,0,21,0,0,0,0,0,0,0,0,4,4,0,0,0,0,0,0,0,0,0,3,0,0,0,0,0,3,0,0,0,4,0,0,0,0,0,0,0,0,0,0,0,0,0,0,0,0,0,0,0,5,0,0,0,0,0,0,0,4,0,4,0,0,0,0,0,0,0,0,0,0,0,0,0,7,0,0,0,0,0,8,0,0,0,0,0,0,0,0,0,0,0,0,0,4,0,0,0,0,0,3
SAL80115,0,0,0,0,0,0,0,0,0,0,0,0,0,0,0,0,0,0,0,0,0,0,0,0,0,0,0,0,0,0,0,0,0,0,0,0,0,0,0,4,0,0,0,0,0,0,0,0,0,3,0,0,0,8,0,4,7,0,0,13,0,0,0,0,5,0,0,0,0,3,0,0,0,0,0,0,0,0,0,0,0,0,0,0,3,0,0,0,0,3,0,0,0,14,8,3,5,0,0,27,0,0,0,0,0,0,0,0,0,0,0,0,0,0,0,0,0,0,0,0,0,0,0,0,0,3,3,6,0,10,0,0,0,0,0,0,0,0,0,0,0,0,0,3,3,0,0,0,0,11,0,0,0,0,0,4,0,0,0,9,0,0,0,0,0,0,0,0,0,0,0,0,0,5,0,0,0,0,0,9,0,0,0,0,0,0,0,0,0,0,0,0,0,3,3,0,0,0,0,4
SAL80116,0,0,0,0,0,0,0,0,0,0,0,0,0,0,0,0,0,0,0,0,0,0,0,0,0,0,0,0,0,0,0,0,0,0,0,0,0,0,0,0,0,0,0,0,0,0,0,0,0,0,0,0,0,0,0,0,0,0,0,0,0,0,0,0,0,0,0,0,0,0,0,0,0,0,0,0,0,0,0,0,0,0,0,0,0,0,0,0,0,0,0,0,0,0,0,0,0,0,0,0,0,0,0,0,0,0,0,0,0,0,0,0,0,0,0,0,0,0,0,0,0,0,0,0,0,0,0,0,0,0,0,0,0,0,0,0,0,0,0,0,0,0,0,0,0,0,0,0,0,0,0,0,0,0,0,0,0,0,0,0,0,0,0,0,0,0,0,0,0,0,0,0,0,0,0,0,0,0,0,0,0,0,0,0,0,0,0,0,0,0,0,0,0,0,0,0,0,0,0,0
SAL80117,0,0,0,0,0,0,0,0,0,0,0,0,0,0,0,0,0,0,0,0,0,0,0,0,0,0,0,0,0,0,0,0,3,15,0,0,0,0,0,17,0,0,0,0,0,0,0,0,0,3,0,0,0,5,0,3,5,0,0,12,0,0,0,0,0,0,0,0,0,0,0,0,0,7,0,0,0,0,0,5,0,0,0,0,0,0,0,0,0,5,0,0,0,9,0,0,0,0,0,18,0,0,0,4,0,0,0,0,0,4,0,0,0,0,0,0,0,0,0,0,0,0,0,0,0,0,5,0,0,16,0,0,0,4,0,0,0,0,0,0,0,0,0,4,0,0,0,0,0,4,0,0,0,3,0,0,0,0,0,7,0,0,0,0,0,0,0,0,0,0,0,0,3,4,4,0,0,0,0,6,0,0,0,0,0,0,0,0,0,0,0,3,0,10,0,0,0,0,0,14
SAL80118,0,0,0,0,0,0,0,0,0,0,0,0,0,0,0,0,0,0,0,0,0,0,0,0,0,0,0,0,0,0,0,0,0,0,0,0,0,0,0,0,0,0,0,0,0,0,0,0,0,0,0,0,0,0,0,0,5,0,0,7,0,0,0,0,0,0,0,0,0,0,0,0,0,0,0,0,0,0,0,0,0,0,0,0,3,0,0,0,0,4,0,0,0,4,0,0,0,0,0,5,0,0,0,0,0,0,0,0,0,3,0,0,0,0,0,0,0,0,0,0,0,0,0,0,0,0,0,0,0,5,0,0,0,0,0,0,0,0,0,0,0,0,0,0,0,0,0,0,0,4,0,0,0,0,0,0,0,0,0,0,0,0,0,0,0,0,0,0,0,0,0,0,0,0,0,0,0,0,0,4,0,0,0,0,0,0,0,0,0,0,0,3,0,3,0,0,0,0,0,13
SAL80119,0,0,0,0,0,0,0,0,0,0,0,0,0,0,0,0,0,0,0,4,0,0,0,0,0,0,0,0,0,0,0,0,0,3,0,0,0,0,0,3,0,0,0,0,0,0,0,0,0,0,0,3,5,3,0,0,6,0,0,15,0,0,0,0,0,0,0,0,0,0,0,0,0,3,0,0,0,0,0,8,0,0,0,0,3,0,0,0,0,0,0,0,0,0,3,4,0,0,0,5,0,0,0,0,0,0,0,0,5,3,0,0,0,3,0,6,0,0,0,3,0,0,0,0,0,0,7,10,0,17,0,0,0,0,0,0,0,0,0,6,0,0,0,3,0,0,0,0,0,4,0,0,0,0,0,0,0,0,0,4,0,0,0,0,0,0,0,0,0,0,0,0,0,9,0,0,0,0,0,8,0,0,0,0,0,0,0,0,0,0,0,0,0,0,0,0,0,0,0,0
SAL80120,0,0,0,0,0,0,0,0,0,0,0,0,0,0,0,0,0,0,0,0,0,0,0,0,0,0,0,0,0,0,0,0,0,10,0,0,0,0,0,9,0,0,0,0,0,0,0,0,0,0,0,0,0,0,0,0,0,0,0,0,0,0,0,0,0,0,0,0,0,0,0,0,0,6,0,0,0,0,0,9,0,0,0,0,0,0,0,0,0,0,0,0,0,6,3,0,0,0,0,16,0,4,0,0,0,0,0,0,0,3,0,0,0,0,0,0,0,0,0,0,0,0,0,0,0,0,0,0,0,0,0,0,0,0,0,0,0,0,0,0,0,0,0,0,0,0,0,0,0,0,0,0,5,5,7,0,0,0,0,12,0,0,0,0,0,0,0,0,0,0,0,0,0,0,0,0,0,0,0,0,0,0,0,0,0,0,0,0,0,0,0,0,3,0,0,0,0,0,0,3
SAL80121,0,0,0,0,0,0,0,0,0,0,0,0,0,0,0,0,0,0,0,0,0,0,0,0,0,0,0,0,0,0,0,0,0,0,0,0,0,0,0,0,0,0,0,0,0,0,0,0,0,0,0,0,0,0,0,5,0,0,0,4,0,0,0,0,0,0,0,0,0,0,0,0,0,0,0,0,0,0,0,0,0,0,0,0,0,0,0,0,0,0,0,0,0,8,0,0,3,0,0,15,0,0,0,0,0,0,0,0,0,0,0,0,0,0,0,0,0,0,0,0,0,0,0,0,0,0,0,0,0,3,0,0,0,0,0,0,0,0,0,0,0,0,0,0,0,0,0,0,0,0,0,0,0,0,0,0,0,0,0,0,0,0,0,0,0,0,0,0,0,0,0,0,0,0,0,0,0,0,0,4,0,0,0,0,0,0,0,0,0,0,0,0,0,0,0,0,0,0,0,0
SAL80122,0,0,0,0,0,0,0,0,0,0,0,0,0,4,0,0,0,0,0,4,0,0,0,0,0,0,0,0,0,4,0,4,0,22,0,0,0,0,0,26,0,0,0,0,0,0,0,0,0,0,0,0,3,3,0,5,0,0,0,13,0,0,0,0,0,0,0,0,0,0,0,3,12,28,3,0,0,0,0,41,0,0,0,0,0,0,0,0,0,0,0,0,0,11,0,0,0,0,0,20,0,0,0,0,0,0,0,0,0,0,0,0,0,0,0,0,0,0,0,0,0,0,0,0,0,0,0,0,0,0,0,0,0,0,0,0,0,0,0,5,0,0,0,4,0,0,0,0,0,3,0,0,3,13,4,0,0,4,0,19,0,0,0,3,0,0,0,0,0,3,0,0,0,0,0,0,0,0,0,4,0,0,0,0,0,0,0,0,0,0,0,0,0,0,0,0,0,0,0,0
SAL80123,0,0,0,0,0,0,0,0,0,0,0,0,0,0,0,0,0,0,0,0,0,0,0,0,0,0,0,0,0,0,0,0,0,0,0,0,0,0,0,0,0,0,0,0,0,0,0,0,0,0,0,0,0,0,0,0,0,0,0,0,0,0,0,0,0,0,0,0,0,0,0,0,0,0,0,0,0,0,0,0,0,0,0,0,0,0,0,0,0,0,0,0,0,0,0,0,0,0,0,0,0,0,0,0,0,0,0,0,0,0,0,0,0,0,0,0,0,0,0,0,0,0,0,0,0,0,0,0,0,0,0,0,0,0,0,0,0,0,0,0,0,0,0,0,0,0,0,0,0,0,0,0,0,0,0,0,0,0,0,0,0,0,0,0,0,0,0,0,0,0,0,0,0,0,0,0,0,0,0,0,0,0,0,0,0,0,0,0,0,0,0,0,0,0,0,0,0,0,0,0
SAL80124,0,0,0,0,0,0,0,0,0,0,0,0,0,0,0,0,0,0,0,3,0,0,0,0,0,0,0,0,0,0,0,0,0,0,0,0,0,0,0,0,0,0,0,0,0,0,0,0,0,0,0,0,0,10,3,7,0,0,0,22,0,0,0,0,0,0,0,0,0,0,0,0,0,3,0,0,0,0,0,4,0,0,0,0,0,0,0,0,0,0,0,0,0,10,0,5,0,0,0,19,0,0,0,4,0,0,5,0,0,7,0,0,0,0,5,0,0,0,0,3,0,0,0,0,0,4,0,0,0,6,0,0,0,0,3,0,0,0,0,3,0,4,0,5,3,0,0,0,0,12,0,0,0,3,0,0,4,0,0,11,0,0,0,0,0,0,0,0,0,0,0,0,0,5,0,0,0,0,0,7,0,0,0,0,0,0,0,0,0,0,0,0,0,0,0,0,0,0,0,3
SAL80125,0,0,0,0,0,0,0,0,0,0,0,0,0,0,0,0,0,0,0,0,0,0,0,3,0,0,0,0,0,3,0,0,3,23,0,0,0,0,0,30,0,0,0,0,0,0,0,0,0,0,0,3,0,5,0,0,0,0,0,8,0,0,0,0,0,3,0,0,0,3,0,4,3,16,4,0,0,0,0,26,0,0,0,0,0,0,0,0,0,0,0,0,3,7,0,0,0,0,0,18,0,0,0,0,0,0,0,0,0,0,0,0,0,0,0,0,0,0,0,0,0,0,0,0,0,0,0,0,0,0,0,0,0,6,0,0,0,0,0,6,0,0,0,0,7,0,0,0,0,9,0,0,5,17,3,0,4,0,0,38,0,0,0,10,4,0,0,0,0,7,0,0,0,7,0,0,0,0,0,3,0,0,0,0,0,0,0,0,0,0,0,3,0,0,0,0,0,0,0,3
SAL80126,0,0,0,0,0,0,0,0,0,0,0,0,0,0,0,0,0,0,0,0,0,0,0,0,0,0,0,0,0,3,0,0,0,3,0,0,0,0,0,6,0,0,0,0,0,0,0,0,0,0,0,0,0,0,0,4,0,5,0,8,0,0,0,0,0,0,0,0,0,7,0,0,0,0,0,0,0,0,0,6,0,0,0,0,0,0,0,0,0,4,0,0,0,11,0,0,3,0,0,15,0,0,0,0,0,0,0,3,0,8,0,0,0,0,0,0,0,0,0,0,0,0,0,0,0,0,5,3,0,5,0,0,0,3,0,0,0,0,0,4,0,0,0,4,0,0,0,0,0,12,0,0,0,4,5,0,4,0,0,17,0,0,0,0,0,0,0,0,0,0,0,0,0,5,0,0,0,0,0,3,0,0,0,0,0,0,0,0,0,0,0,0,0,0,0,0,0,0,0,5
SAL80127,0,0,0,0,0,0,0,0,0,0,0,0,0,5,0,0,0,0,0,5,0,0,0,4,0,0,0,0,0,4,0,0,3,5,0,0,0,0,0,11,0,0,0,0,0,0,0,0,0,8,0,0,10,19,0,4,3,3,0,34,0,0,0,0,0,0,0,0,0,0,0,0,0,3,0,0,0,0,0,6,0,0,0,0,3,0,0,0,0,7,0,0,3,13,0,0,5,4,0,27,0,0,0,3,0,0,0,3,0,6,0,0,0,0,0,0,0,0,0,4,0,0,0,4,0,0,0,0,0,7,0,0,5,0,0,0,0,0,0,9,0,0,9,4,0,3,0,0,0,10,0,0,0,16,0,0,0,0,0,18,0,0,0,10,3,0,0,0,0,14,0,0,0,6,0,0,3,0,0,10,0,0,0,0,0,0,0,0,0,0,0,0,12,15,3,3,5,4,0,36
SAL80128,0,0,0,0,0,0,0,0,0,0,0,0,0,0,0,0,0,0,0,0,0,0,0,0,0,0,0,0,0,0,0,0,0,0,0,0,0,0,0,0,0,0,0,0,0,0,0,0,0,0,0,0,0,0,0,0,0,0,0,0,0,0,0,0,0,0,0,0,0,0,0,0,0,0,0,0,0,0,0,0,0,0,0,0,0,0,0,0,0,0,0,0,0,0,0,0,0,0,0,0,0,0,0,0,0,0,0,0,0,0,0,0,0,0,0,0,0,0,0,0,0,0,0,0,0,0,0,0,0,0,0,0,0,0,0,0,0,0,0,0,0,0,0,0,0,0,0,0,0,0,0,0,0,0,0,0,0,0,0,0,0,0,0,0,0,0,0,0,0,0,0,0,0,0,0,0,0,0,0,0,0,0,0,0,0,0,0,0,0,0,0,0,0,0,0,0,0,0,0,0
SAL80129,0,0,0,0,0,0,0,4,0,3,0,3,0,3,0,0,0,0,0,9,0,0,4,0,3,0,4,0,0,12,0,4,5,28,0,0,0,0,0,34,0,0,0,0,0,0,7,0,0,14,0,0,4,15,11,7,4,0,0,42,0,0,0,0,0,0,0,0,0,3,0,5,0,8,0,0,0,0,0,18,0,0,0,0,5,0,0,0,0,7,0,0,0,12,4,0,3,0,0,30,0,0,0,5,0,0,4,0,3,15,0,0,0,0,0,0,0,0,0,0,0,0,0,0,7,9,3,0,0,27,0,0,0,0,0,0,0,0,0,3,0,0,0,4,3,0,0,0,0,9,0,0,0,7,3,5,6,0,0,17,0,0,0,0,0,0,0,0,0,0,0,0,0,9,10,7,0,4,0,31,0,0,0,0,0,0,0,0,0,0,0,5,0,9,0,3,0,3,0,25
SAL80130,0,0,0,0,0,0,0,0,0,0,0,0,0,0,0,0,0,0,0,0,0,0,0,0,0,0,4,0,0,5,0,0,5,11,0,0,0,0,0,14,0,0,0,0,0,0,4,5,0,8,0,0,0,4,0,0,3,0,0,13,0,0,0,0,0,0,0,0,0,0,0,0,0,0,0,0,0,0,0,0,0,0,0,0,3,0,0,0,0,0,0,0,0,6,3,0,4,0,0,15,0,0,0,0,0,0,0,0,0,5,0,0,0,0,0,0,0,0,0,0,0,0,0,0,0,0,0,0,0,5,0,0,0,0,0,0,0,0,0,3,0,0,0,4,5,0,0,0,0,14,0,0,0,4,0,0,0,0,0,7,0,0,0,0,0,0,0,0,0,0,0,0,0,0,0,0,0,0,0,0,0,0,0,0,0,0,0,0,0,3,0,4,0,0,5,0,0,0,0,12
SAL80131,0,0,0,0,0,0,0,0,0,5,0,0,0,0,0,0,0,0,0,0,0,0,0,0,0,0,0,0,0,9,0,0,5,18,0,0,0,0,0,27,0,0,0,0,0,0,0,0,0,12,0,3,0,19,11,3,4,0,0,51,0,0,0,0,0,0,0,0,0,0,0,0,0,5,0,5,0,0,0,10,0,0,0,4,0,4,5,0,0,12,0,4,4,20,7,0,0,4,0,31,0,0,0,3,0,0,0,0,0,7,0,0,0,0,0,0,0,0,0,0,0,0,0,0,0,0,6,4,0,13,0,0,4,4,0,3,0,0,0,8,0,0,0,3,5,4,0,0,0,13,0,0,0,7,0,0,0,0,0,13,0,0,0,9,0,0,0,0,0,8,0,0,0,7,0,0,0,0,0,7,0,0,0,0,0,0,0,0,0,4,0,4,0,12,14,3,0,0,0,38
SAL80132,0,0,0,0,0,0,0,0,0,0,0,0,0,0,0,0,0,0,0,0,0,0,0,0,0,0,0,0,0,0,0,0,6,14,0,0,0,0,0,17,0,0,0,0,0,0,0,0,0,0,0,0,0,3,3,3,5,0,0,23,0,0,0,0,0,0,0,0,0,0,0,0,0,0,0,0,0,0,0,3,0,0,0,0,0,0,0,0,0,0,0,0,0,0,0,0,0,0,0,4,0,0,0,0,0,3,0,0,0,3,0,0,0,0,0,0,0,0,0,0,0,0,0,0,0,0,0,0,0,4,0,0,0,0,0,0,0,0,0,0,0,0,0,0,0,0,0,3,0,0,0,0,0,8,0,0,0,0,0,3,0,0,0,0,0,0,0,0,0,0,0,0,0,0,0,0,0,0,0,4,0,0,0,0,0,0,0,0,0,4,0,3,0,0,5,0,4,0,0,17
SAL80133,0,0,0,0,0,0,0,0,0,0,0,0,0,0,0,0,0,0,0,4,0,0,0,0,0,0,0,0,0,0,0,0,5,9,0,0,0,0,0,11,0,0,0,0,0,0,0,3,0,4,0,6,4,7,0,3,0,0,0,19,0,0,0,0,0,0,0,0,0,3,0,4,0,5,0,0,0,0,0,4,0,0,0,0,0,0,0,0,0,0,0,0,0,6,0,4,3,0,0,17,0,0,0,0,4,0,0,0,0,7,0,0,0,0,0,0,0,0,0,0,0,0,0,0,0,0,0,6,0,11,0,0,0,0,0,0,0,0,0,6,0,0,0,0,4,0,3,0,0,13,0,0,0,9,0,0,0,0,0,12,0,0,0,4,0,0,0,0,0,6,0,0,0,0,0,0,4,0,0,4,0,0,0,0,0,0,0,0,0,0,0,0,0,3,3,0,0,0,0,14
SAL80134,0,0,0,0,0,0,0,0,0,0,0,0,0,0,0,0,0,0,0,0,0,0,0,0,0,0,0,0,0,0,0,0,0,0,0,0,0,0,0,0,0,0,0,0,0,0,0,0,0,0,0,0,0,0,0,0,0,0,0,0,0,0,0,0,0,0,0,0,0,0,0,0,0,0,0,0,0,0,0,0,0,0,0,0,0,0,0,0,0,0,0,0,0,0,0,0,0,0,0,0,0,0,0,0,0,0,0,0,0,0,0,0,0,0,0,0,0,0,0,0,0,0,0,0,0,0,0,0,0,0,0,0,0,0,0,0,0,0,0,0,0,0,0,0,0,0,0,0,0,0,0,0,0,0,0,0,0,0,0,0,0,0,0,0,0,0,0,0,0,0,0,0,0,0,0,0,0,0,0,0,0,0,0,0,0,0,0,0,0,0,0,0,0,0,0,0,0,0,0,0
SAL80135,0,0,0,0,0,0,0,0,0,0,0,0,0,0,0,0,0,0,0,5,0,0,0,5,0,0,0,0,0,3,0,0,9,35,0,0,0,0,0,51,0,0,0,5,0,0,0,0,0,6,0,0,3,10,5,3,0,0,0,20,0,0,0,0,0,0,0,0,0,4,0,8,0,12,0,0,0,0,0,16,0,0,0,0,0,0,0,0,0,0,0,0,7,23,4,0,3,0,0,37,0,0,0,0,0,3,0,0,0,5,0,0,0,0,0,0,0,0,0,0,0,0,0,0,0,0,0,0,0,4,0,0,3,6,0,0,0,0,0,5,0,0,5,0,7,0,0,0,0,7,0,0,3,13,4,0,0,0,0,25,0,0,0,3,0,0,0,0,0,3,0,0,0,11,5,0,0,0,0,20,0,0,0,0,0,0,0,0,0,4,7,9,8,14,3,0,0,0,0,34
SAL80136,0,0,0,0,0,0,0,0,0,0,0,0,0,0,0,0,0,0,0,0,0,0,0,0,0,0,0,0,0,0,0,0,0,0,0,0,0,0,0,0,0,0,0,0,0,0,0,0,0,6,0,0,0,0,5,6,5,6,0,27,0,0,0,0,0,0,3,0,0,4,0,0,0,4,0,0,0,0,0,4,0,0,0,0,0,0,0,0,0,0,0,0,0,4,3,0,6,0,0,9,0,0,0,0,0,0,0,0,0,6,0,0,0,0,0,0,0,0,0,0,0,0,0,0,0,4,7,3,0,10,0,0,0,0,0,0,0,0,0,4,0,0,0,0,4,3,0,0,0,18,0,0,0,0,8,0,0,0,0,8,0,0,0,0,3,0,0,0,0,3,0,0,0,0,0,4,0,0,0,7,0,0,0,0,0,0,0,0,0,4,4,4,0,12,0,5,0,0,0,37
SAL89494,0,0,0,0,0,0,0,0,0,0,0,0,0,0,0,0,0,0,0,0,0,0,0,0,0,0,0,0,0,0,0,0,0,0,0,0,0,0,0,0,0,0,0,0,0,0,0,0,0,0,0,0,0,4,0,0,0,0,0,13,0,0,0,0,0,0,0,0,0,0,0,0,0,0,0,0,0,0,0,0,0,0,0,0,0,0,0,0,0,0,0,0,0,0,0,0,0,0,0,5,0,0,0,0,0,0,0,0,0,0,0,0,0,0,0,0,0,0,0,0,0,0,0,0,0,0,0,0,0,0,0,0,0,0,0,0,0,0,0,0,0,0,0,0,0,0,0,0,0,0,0,0,0,0,0,0,0,0,0,0,0,0,0,0,0,0,0,0,0,0,0,0,0,0,0,0,0,0,0,0,0,0,0,0,0,0,0,0,0,0,0,0,0,6,0,0,0,0,0,6
SAL89797,0,0,0,0,0,0,0,0,0,0,0,0,0,0,0,0,0,0,0,0,0,0,0,0,0,0,0,0,0,0,0,0,0,0,0,0,0,0,0,0,0,0,0,0,0,0,0,0,0,0,0,0,0,0,0,0,0,0,0,0,0,0,0,0,0,0,0,0,0,0,0,0,0,0,0,0,0,0,0,0,0,0,0,0,0,0,0,0,0,0,0,0,0,0,0,0,0,0,0,0,0,0,0,0,0,0,0,0,0,0,0,0,0,0,0,0,0,0,0,0,0,0,0,0,0,0,0,0,0,0,0,0,0,0,0,0,0,0,0,0,0,0,0,0,0,0,0,0,0,0,0,0,0,0,0,0,0,0,0,0,0,0,0,0,0,0,0,0,0,0,0,0,0,0,0,0,0,0,0,0,0,0,0,0,0,0,0,0,0,0,0,0,0,0,0,0,0,0,0,0
