SAL_CODE_2021,M_LPLFS_EFT_DC_0_4,M_LPLFS_EFT_DC_5_9,M_LPLFS_EFT_DC_10_12,M_LPLFS_EFT_DC_13_14,M_LPLFS_EFT_DC_15_17,M_LPLFS_EFT_DC_18_20,M_LPLFS_EFT_DC_21_24,M_LPLFS_EFT_T,M_LPLFS_EPT_DC_0_4,M_LPLFS_EPT_DC_5_9,M_LPLFS_EPT_DC_10_12,M_LPLFS_EPT_DC_13_14,M_LPLFS_EPT_DC_15_17,M_LPLFS_EPT_DC_18_20,M_LPLFS_EPT_DC_21_24,M_LPLFS_EPT_T,M_LPLFS_EAW_DC_0_4,M_LPLFS_EAW_DC_5_9,M_LPLFS_EAW_DC_10_12,M_LPLFS_EAW_DC_13_14,M_LPLFS_EAW_DC_15_17,M_LPLFS_EAW_DC_18_20,M_LPLFS_EAW_DC_21_24,M_LPLFS_EAW_T,M_LPLFS_HNS_DC_0_4,M_LPLFS_HNS_DC_5_9,M_LPLFS_HNS_DC_10_12,M_LPLFS_HNS_DC_13_14,M_LPLFS_HNS_DC_15_17,M_LPLFS_HNS_DC_18_20,M_LPLFS_HNS_DC_21_24,M_LPLFS_HNS_T,M_LPLFS_EW_T_DC_0_4,M_LPLFS_EW_T_DC_5_9,M_LPLFS_EW_T_DC_10_12,M_LPLFS_EW_T_DC_13_14,M_LPLFS_EW_T_DC_15_17,M_LPLFS_EW_T_DC_18_20,M_LPLFS_EW_T_DC_21_24,M_LPLFS_EW_T_T,M_LPLFS_ULFTW_DC_0_4,M_LPLFS_ULFTW_DC_5_9,M_LPLFS_ULFTW_DC_10_12,M_LPLFS_ULFTW_DC_13_14,M_LPLFS_ULFTW_DC_15_17,M_LPLFS_ULFTW_DC_18_20,M_LPLFS_ULFTW_DC_21_24,M_LPLFS_ULFTW_T,M_LPLFS_ULPTW_DC_0_4,M_LPLFS_ULPTW_DC_5_9,M_LPLFS_ULPTW_DC_10_12,M_LPLFS_ULPTW_DC_13_14,M_LPLFS_ULPTW_DC_15_17,M_LPLFS_ULPTW_DC_18_20,M_LPLFS_ULPTW_DC_21_24,M_LPLFS_ULPTW_T,M_LPLFS_U_T_DC_0_4,M_LPLFS_U_T_DC_5_9,M_LPLFS_U_T_DC_10_12,M_LPLFS_U_T_DC_13_14,M_LPLFS_U_T_DC_15_17,M_LPLFS_U_T_DC_18_20,M_LPLFS_U_T_DC_21_24,M_LPLFS_U_T_T,M_LPLFS_T_LF_DC_0_4,M_LPLFS_T_LF_DC_5_9,M_LPLFS_T_LF_DC_10_12,M_LPLFS_T_LF_DC_13_14,M_LPLFS_T_LF_DC_15_17,M_LPLFS_T_LF_DC_18_20,M_LPLFS_T_LF_DC_21_24,M_LPLFS_T_LF_T,M_LPLFS_NLF_DC_0_4,M_LPLFS_NLF_DC_5_9,M_LPLFS_NLF_DC_10_12,M_LPLFS_NLF_DC_13_14,M_LPLFS_NLF_DC_15_17,M_LPLFS_NLF_DC_18_20,M_LPLFS_NLF_DC_21_24,M_LPLFS_NLF_T,M_LPLFS_LFSNS_DC_0_4,M_LPLFS_LFSNS_DC_5_9,M_LPLFS_LFSNS_DC_10_12,M_LPLFS_LFSNS_DC_13_14,M_LPLFS_LFSNS_DC_15_17,M_LPLFS_LFSNS_DC_18_20,M_LPLFS_LFSNS_DC_21_24,M_LPLFS_LFSNS_T,M_LPLFS_T_DC_0_4,M_LPLFS_T_DC_5_9,M_LPLFS_T_DC_10_12,M_LPLFS_T_DC_13_14,M_LPLFS_T_DC_15_17,M_LPLFS_T_DC_18_20,M_LPLFS_T_DC_21_24,M_LPLFS_T_T,F_LPLFS_EFT_DC_0_4,F_LPLFS_EFT_DC_5_9,F_LPLFS_EFT_DC_10_12,F_LPLFS_EFT_DC_13_14,F_LPLFS_EFT_DC_15_17,F_LPLFS_EFT_DC_18_20,F_LPLFS_EFT_DC_21_24,F_LPLFS_EFT_T,F_LPLFS_EPT_DC_0_4,F_LPLFS_EPT_DC_5_9,F_LPLFS_EPT_DC_10_12,F_LPLFS_EPT_DC_13_14,F_LPLFS_EPT_DC_15_17,F_LPLFS_EPT_DC_18_20,F_LPLFS_EPT_DC_21_24,F_LPLFS_EPT_T,F_LPLFS_EAW_DC_0_4,F_LPLFS_EAW_DC_5_9,F_LPLFS_EAW_DC_10_12,F_LPLFS_EAW_DC_13_14,F_LPLFS_EAW_DC_15_17,F_LPLFS_EAW_DC_18_20,F_LPLFS_EAW_DC_21_24,F_LPLFS_EAW_T,F_LPLFS_HNS_DC_0_4,F_LPLFS_HNS_DC_5_9,F_LPLFS_HNS_DC_10_12,F_LPLFS_HNS_DC_13_14,F_LPLFS_HNS_DC_15_17,F_LPLFS_HNS_DC_18_20,F_LPLFS_HNS_DC_21_24,F_LPLFS_HNS_T,F_LPLFS_EW_T_DC_0_4,F_LPLFS_EW_T_DC_5_9,F_LPLFS_EW_T_DC_10_12,F_LPLFS_EW_T_DC_13_14,F_LPLFS_EW_T_DC_15_17,F_LPLFS_EW_T_DC_18_20,F_LPLFS_EW_T_DC_21_24,F_LPLFS_EW_T_T,F_LPLFS_ULFTW_DC_0_4,F_LPLFS_ULFTW_DC_5_9,F_LPLFS_ULFTW_DC_10_12,F_LPLFS_ULFTW_DC_13_14,F_LPLFS_ULFTW_DC_15_17,F_LPLFS_ULFTW_DC_18_20,F_LPLFS_ULFTW_DC_21_24,F_LPLFS_ULFTW_T,F_LPLFS_ULPTW_DC_0_4,F_LPLFS_ULPTW_DC_5_9,F_LPLFS_ULPTW_DC_10_12,F_LPLFS_ULPTW_DC_13_14,F_LPLFS_ULPTW_DC_15_17,F_LPLFS_ULPTW_DC_18_20,F_LPLFS_ULPTW_DC_21_24,F_LPLFS_ULPTW_T,F_LPLFS_U_T_DC_0_4,F_LPLFS_U_T_DC_5_9,F_LPLFS_U_T_DC_10_12,F_LPLFS_U_T_DC_13_14,F_LPLFS_U_T_DC_15_17,F_LPLFS_U_T_DC_18_20,F_LPLFS_U_T_DC_21_24,F_LPLFS_U_T_T,F_LPLFS_T_LF_DC_0_4,F_LPLFS_T_LF_DC_5_9,F_LPLFS_T_LF_DC_10_12,F_LPLFS_T_LF_DC_13_14,F_LPLFS_T_LF_DC_15_17,F_LPLFS_T_LF_DC_18_20,F_LPLFS_T_LF_DC_21_24,F_LPLFS_T_LF_T,F_LPLFS_NLF_DC_0_4,F_LPLFS_NLF_DC_5_9,F_LPLFS_NLF_DC_10_12,F_LPLFS_NLF_DC_13_14,F_LPLFS_NLF_DC_15_17,F_LPLFS_NLF_DC_18_20,F_LPLFS_NLF_DC_21_24,F_LPLFS_NLF_T,F_LPLFS_LFSNS_DC_0_4,F_LPLFS_LFSNS_DC_5_9,F_LPLFS_LFSNS_DC_10_12,F_LPLFS_LFSNS_DC_13_14,F_LPLFS_LFSNS_DC_15_17,F_LPLFS_LFSNS_DC_18_20,F_LPLFS_LFSNS_DC_21_24,F_LPLFS_LFSNS_T,F_LPLFS_T_DC_0_4,F_LPLFS_T_DC_5_9,F_LPLFS_T_DC_10_12,F_LPLFS_T_DC_13_14,F_LPLFS_T_DC_15_17,F_LPLFS_T_DC_18_20,F_LPLFS_T_DC_21_24,F_LPLFS_T_T,T_LPLFS_EFT_DC_0_4,T_LPLFS_EFT_DC_5_9,T_LPLFS_EFT_DC_10_12,T_LPLFS_EFT_DC_13_14,T_LPLFS_EFT_DC_15_17,T_LPLFS_EFT_DC_18_20,T_LPLFS_EFT_DC_21_24,T_LPLFS_EFT_T
SAL80001,0,0,0,0,0,0,0,0,0,0,0,0,0,0,0,0,0,0,0,0,0,0,0,0,0,0,0,0,0,0,0,0,0,0,0,0,0,0,0,0,0,0,0,0,0,0,0,0,0,0,0,0,0,0,0,0,0,0,0,0,0,0,0,0,0,0,0,0,0,0,0,0,0,0,0,0,0,0,0,0,0,0,0,0,0,0,0,0,0,0,0,0,0,0,0,0,0,0,0,0,0,0,0,0,0,0,0,0,0,0,0,0,0,0,0,0,0,0,0,0,0,0,0,0,0,0,0,0,0,0,0,0,0,0,0,0,0,0,0,0,0,0,0,0,0,0,0,0,0,0,0,0,0,0,0,0,0,0,0,0,0,0,0,0,0,0,0,0,0,0,0,0,0,0,0,0,0,0,0,0,0,0,0,0,0,0,0,0,0,0,0,0,0,0,0,0,0,0,0,0
SAL80002,0,0,0,0,0,0,0,0,0,0,0,0,0,0,0,0,0,0,0,0,0,0,0,0,0,0,0,0,0,0,0,0,0,0,0,0,0,0,0,0,0,0,0,0,0,0,0,0,0,0,0,0,0,0,0,0,0,0,0,0,0,0,0,0,0,0,0,0,0,0,0,0,0,0,0,0,0,0,0,0,0,0,0,0,0,0,0,0,0,0,0,0,0,0,0,0,0,0,0,0,0,0,0,0,0,0,0,0,0,0,0,0,0,0,0,0,0,0,0,0,0,0,0,0,0,0,0,0,0,0,0,0,0,0,0,0,0,0,0,0,0,0,0,0,0,0,0,0,0,0,0,0,0,0,0,0,0,0,0,0,0,0,0,0,0,0,0,0,8,0,0,0,0,0,0,8,0,0,0,0,0,0,0,0,8,0,0,0,0,0,0,8,0,0,0,0,0,0,0,0
SAL80003,0,0,0,0,0,0,0,0,0,0,0,0,0,0,0,0,0,0,0,0,0,0,0,0,0,0,0,0,0,0,0,0,0,0,0,0,0,0,0,0,0,0,0,0,0,0,0,0,0,0,0,0,0,0,0,0,0,0,0,0,0,0,0,0,0,0,0,0,0,0,0,0,0,0,0,0,0,0,0,0,0,0,0,0,0,0,0,0,0,0,0,0,0,0,0,0,0,0,0,0,0,0,0,0,0,0,0,0,0,0,0,0,0,0,0,0,0,0,0,0,0,0,0,0,0,0,0,0,0,0,0,0,0,0,0,0,0,0,0,0,0,0,0,0,0,0,0,0,0,0,0,0,0,0,0,0,0,0,0,0,0,0,0,0,0,0,0,0,0,0,0,0,0,0,0,0,0,0,0,0,0,0,0,0,0,0,0,0,0,0,0,0,0,0,0,0,0,0,0,0
SAL80004,0,0,0,0,0,0,0,0,0,0,0,0,0,0,0,0,0,0,0,0,0,0,0,0,0,0,0,0,0,0,0,0,0,0,0,0,0,0,0,0,0,0,0,0,0,0,0,0,0,0,0,0,0,0,0,0,0,0,0,0,0,0,0,0,0,0,0,0,0,0,0,0,0,0,0,0,0,0,0,0,0,0,0,0,0,0,0,0,0,0,0,0,0,0,0,0,0,0,0,0,0,0,0,0,0,0,0,0,0,0,0,0,0,0,0,0,0,0,0,0,0,0,0,0,0,0,0,0,0,0,0,0,0,0,0,0,0,0,0,0,0,0,0,0,0,0,0,0,0,0,0,0,0,0,0,0,0,0,0,0,0,0,0,0,0,0,0,0,0,0,0,0,0,0,0,0,0,0,0,0,0,0,0,0,0,0,0,0,0,0,0,0,0,0,0,0,0,0,0,0
SAL80005,0,0,0,0,0,0,0,0,0,0,0,0,0,0,0,0,0,0,0,0,0,0,0,0,0,0,0,0,0,0,0,0,0,0,0,0,0,0,0,0,0,0,0,0,0,0,0,0,0,0,0,0,0,0,0,0,0,0,0,0,0,0,0,0,0,0,0,0,0,0,0,0,0,0,0,0,0,0,0,0,0,0,0,0,0,0,0,0,0,0,0,0,0,0,0,0,0,0,0,0,0,0,0,0,0,0,0,0,0,0,0,0,0,0,0,0,0,0,0,0,0,0,0,0,0,0,0,0,0,0,0,0,0,0,0,0,0,0,0,0,0,0,0,0,0,0,0,0,0,0,0,0,0,0,0,0,0,0,0,0,0,0,0,0,0,0,0,0,0,0,0,0,0,0,0,0,0,0,0,0,0,0,0,0,0,0,0,0,0,0,0,0,0,0,0,0,0,0,0,0
SAL80006,0,0,0,0,0,0,0,0,0,0,0,0,0,0,0,0,0,0,0,0,0,0,0,0,0,0,0,0,0,0,0,0,0,0,0,0,0,0,0,0,0,0,0,0,0,0,0,0,0,0,0,0,0,0,0,0,0,0,0,0,0,0,0,0,0,0,0,0,0,0,0,0,0,0,0,0,0,0,0,0,0,0,0,0,0,0,0,0,0,0,0,0,0,0,0,0,0,0,0,0,0,0,0,0,0,0,0,0,0,0,0,0,0,0,0,0,0,0,0,0,0,0,0,0,0,0,0,0,0,0,0,0,0,0,0,0,0,0,0,0,0,0,0,0,0,0,0,0,0,0,0,0,0,0,0,0,0,0,0,0,0,0,0,0,0,0,0,0,0,0,0,0,0,0,0,0,0,0,0,0,0,0,0,0,0,0,0,0,0,0,0,0,0,0,0,0,0,0,0,0
SAL80007,0,0,0,0,0,0,0,0,0,0,0,0,0,0,0,0,0,0,0,0,0,0,0,0,0,0,0,0,0,0,0,0,0,0,0,0,0,0,0,0,0,0,0,0,0,0,0,0,0,0,0,0,0,0,0,0,0,0,0,0,0,0,0,0,0,0,0,0,0,0,0,0,0,0,0,0,0,0,0,0,0,0,0,0,0,0,0,0,0,0,0,0,0,0,0,0,0,0,0,0,0,0,0,0,0,0,0,0,0,0,0,0,0,0,0,0,0,0,0,0,0,0,0,0,0,0,0,0,0,0,0,0,0,0,0,0,0,0,0,0,0,0,0,0,0,0,0,0,0,0,0,0,0,0,0,0,0,0,0,0,0,0,0,0,0,0,0,0,0,0,0,0,0,0,0,0,0,0,0,0,0,0,0,0,0,0,0,0,0,0,0,0,0,0,0,0,0,0,0,0
SAL80008,0,0,0,0,0,0,0,0,0,0,0,0,0,0,0,0,0,0,0,0,0,0,0,0,0,0,0,0,0,0,0,0,0,0,0,0,0,0,0,0,0,0,0,0,0,0,0,0,0,0,0,0,0,0,0,0,0,0,0,0,0,0,0,0,0,0,0,0,0,0,0,0,0,0,0,0,0,0,0,0,0,0,0,0,0,0,0,0,0,0,0,0,0,0,0,0,0,0,0,0,0,0,0,0,0,0,0,0,0,0,0,0,0,0,0,0,0,0,0,0,0,0,0,0,0,0,0,0,0,0,0,0,0,0,0,0,0,0,0,0,0,0,0,0,0,0,0,0,0,0,0,0,0,0,0,0,0,0,0,0,0,0,0,0,0,0,0,0,0,0,0,0,0,0,0,0,0,0,0,0,0,0,0,0,0,0,0,0,0,0,0,0,0,0,0,0,0,0,0,0
SAL80009,0,0,0,0,0,0,0,0,0,0,0,0,0,0,0,0,0,0,0,0,0,0,0,0,0,0,0,0,0,0,0,0,0,0,0,0,0,0,0,0,0,0,0,0,0,0,0,0,0,0,0,0,0,0,0,0,0,0,0,0,0,0,0,0,0,0,0,0,0,0,0,0,0,0,0,0,0,0,0,0,0,0,0,0,0,0,0,0,0,0,0,0,0,0,0,0,0,0,0,0,0,0,0,0,0,0,0,0,0,0,0,0,0,0,0,0,0,0,0,0,0,0,0,0,0,0,0,0,0,0,0,0,0,0,0,0,0,0,0,0,0,0,0,0,0,0,0,0,0,0,0,0,0,0,0,0,0,0,0,0,0,0,0,0,0,0,0,0,0,0,0,0,0,0,0,0,0,0,0,0,0,0,0,0,0,0,0,0,0,0,0,0,0,0,0,0,0,0,0,0
SAL80010,0,0,0,0,0,0,0,0,0,0,0,0,0,0,0,0,0,0,0,0,0,0,0,0,0,0,0,0,0,0,0,0,0,0,0,0,0,0,0,0,0,0,0,0,0,0,0,0,0,0,0,0,0,0,0,0,0,0,0,0,0,0,0,0,0,0,0,0,0,0,0,0,0,0,0,0,0,0,0,0,0,0,0,0,0,0,0,0,0,0,0,0,0,0,0,0,0,0,0,0,0,0,0,0,0,0,0,0,0,0,0,0,0,0,0,0,0,0,0,0,0,0,0,0,0,0,0,0,0,0,0,0,0,0,0,0,0,0,0,0,0,0,0,0,0,0,0,0,0,0,0,0,0,0,0,0,0,0,0,0,0,0,0,0,0,0,0,0,0,0,0,0,0,0,0,0,0,0,0,0,0,0,0,0,0,0,0,0,0,0,0,0,0,0,0,0,0,0,0,0
SAL80011,0,0,0,0,0,0,0,0,0,0,0,0,0,0,0,0,0,0,0,0,0,0,0,0,0,0,0,0,0,0,0,0,0,0,0,0,0,0,0,0,0,0,0,0,0,0,0,0,0,0,0,0,0,0,0,0,0,0,0,0,0,0,0,0,0,0,0,0,0,0,0,0,0,0,0,0,0,0,0,0,0,0,0,0,0,0,0,0,0,0,0,0,0,0,0,0,0,0,0,0,0,0,0,0,0,0,0,0,0,0,0,0,0,0,0,0,0,0,0,0,0,0,0,0,0,0,0,0,0,0,0,0,0,0,0,0,0,0,0,0,0,0,0,0,0,0,0,0,0,0,0,0,0,0,0,0,0,0,0,0,0,0,0,0,0,0,0,0,0,0,0,0,0,0,0,0,0,0,0,0,0,0,0,0,0,0,0,0,0,0,0,0,0,0,0,0,0,0,0,0
SAL80012,0,0,0,0,0,0,0,4,0,0,0,0,0,0,0,0,0,0,0,0,0,0,0,0,0,0,0,0,0,0,0,0,0,0,0,0,0,0,0,4,0,0,0,0,0,0,0,0,0,0,0,0,0,0,0,0,0,0,0,0,0,0,0,0,0,0,0,0,0,0,0,4,0,0,0,0,0,0,0,0,0,0,0,0,0,0,0,0,0,0,0,0,0,0,0,4,0,0,0,0,0,0,0,0,0,0,0,0,0,0,0,0,0,0,0,0,0,0,0,0,0,0,0,0,0,0,0,0,0,0,0,0,0,0,0,0,0,0,0,0,0,0,0,0,0,0,0,0,0,0,0,0,0,0,0,0,0,0,0,0,0,0,0,0,0,0,0,0,0,0,0,0,0,0,0,0,0,0,0,0,0,0,0,0,0,0,0,0,0,0,0,0,0,0,0,0,0,0,0,4
SAL80013,0,0,0,0,0,0,0,0,0,0,0,0,0,0,0,0,0,0,0,0,0,0,0,0,0,0,0,0,0,0,0,0,0,0,0,0,0,0,0,0,0,0,0,0,0,0,0,0,0,0,0,0,0,0,0,0,0,0,0,0,0,0,0,0,0,0,0,0,0,0,0,0,0,0,0,0,0,0,0,0,0,0,0,0,0,0,0,0,0,0,0,0,0,0,0,0,0,0,0,0,0,0,0,0,0,0,0,0,0,0,0,0,0,0,0,0,0,0,0,0,0,0,0,0,0,0,0,0,0,0,0,0,0,0,0,0,0,0,0,0,0,0,0,0,0,0,0,0,0,0,0,0,0,0,0,0,0,0,0,0,0,0,0,0,0,0,0,0,0,0,0,0,0,0,0,0,0,0,0,0,0,0,0,0,0,0,0,0,0,0,0,0,0,0,0,0,0,0,0,0
SAL80014,0,0,3,0,0,0,0,3,0,0,0,0,0,0,0,0,0,0,0,0,0,0,0,0,0,0,0,0,0,0,0,0,0,0,3,0,0,0,0,3,0,0,0,0,0,0,0,0,0,0,0,0,0,0,0,0,0,0,0,0,0,0,0,0,0,0,3,0,0,0,0,3,0,0,0,0,0,0,0,0,0,0,0,0,0,0,0,0,0,0,3,0,0,0,0,3,0,0,0,0,0,0,0,0,0,0,0,0,0,0,0,0,0,0,0,0,0,0,0,0,0,0,0,0,0,0,0,0,0,0,0,0,0,0,0,0,0,0,0,0,0,0,0,0,0,0,0,0,0,0,0,0,0,0,0,0,0,0,0,0,0,0,0,0,0,0,0,0,0,0,0,0,0,0,0,0,0,0,0,0,0,0,0,0,0,0,0,0,0,0,0,5,0,0,3,0,0,0,0,5
SAL80015,0,0,0,0,0,0,0,0,0,0,0,0,0,0,0,0,0,0,0,0,0,0,0,0,0,0,0,0,0,0,0,0,0,0,0,0,0,0,0,0,0,0,0,0,0,0,0,0,0,0,0,0,0,0,0,0,0,0,0,0,0,0,0,0,0,0,0,0,0,0,0,0,0,0,0,0,0,0,0,0,0,0,0,0,0,0,0,0,0,0,0,0,0,0,0,0,0,0,0,0,0,0,0,0,0,0,0,0,0,0,0,0,0,0,0,0,0,0,0,0,0,0,0,0,0,0,0,0,0,0,0,0,0,0,0,0,0,0,0,0,0,0,0,0,0,0,0,0,0,0,0,0,0,0,0,0,0,0,0,0,0,0,0,0,0,0,0,0,0,0,0,0,0,0,0,0,0,0,0,0,0,0,0,0,0,0,0,0,0,0,0,0,0,0,0,0,0,0,0,0
SAL80016,0,0,0,0,0,0,0,0,0,0,0,0,0,0,0,0,0,0,0,0,0,0,0,0,0,0,0,0,0,0,0,0,0,0,0,0,0,0,0,0,0,0,0,0,0,0,0,0,0,0,0,0,0,0,0,0,0,0,0,0,0,0,0,0,0,0,0,0,0,0,0,0,0,0,0,0,0,0,0,0,0,0,0,0,0,0,0,0,0,0,0,0,0,0,0,0,0,0,0,0,0,0,0,0,0,0,0,0,0,0,0,0,0,0,0,0,0,0,0,0,0,0,0,0,0,0,0,0,0,0,0,0,0,0,0,0,0,0,0,0,0,0,0,0,0,0,0,0,0,0,0,0,0,0,0,0,0,0,0,0,0,0,0,0,0,0,0,0,0,0,0,0,0,0,0,0,0,0,0,0,0,0,0,0,0,0,0,0,0,0,0,0,0,0,0,0,0,0,0,0
SAL80017,0,0,0,0,0,0,0,0,0,0,0,0,0,0,0,0,0,0,0,0,0,0,0,0,0,0,0,0,0,0,0,0,0,0,0,0,0,0,0,0,0,0,0,0,0,0,0,0,0,0,0,0,0,0,0,0,0,0,0,0,0,0,0,0,0,0,0,0,0,0,0,0,0,0,0,0,0,0,0,0,0,0,0,0,0,0,0,0,0,0,0,0,0,0,0,0,0,0,0,0,0,0,0,0,0,0,0,0,0,0,0,0,0,0,0,0,0,0,0,0,0,0,0,0,0,0,0,0,0,0,0,0,0,0,0,0,0,0,0,0,0,0,0,0,0,0,0,0,0,0,0,0,0,0,0,0,0,0,0,0,0,0,0,0,0,0,0,0,0,0,0,0,0,0,0,0,0,0,0,0,0,0,0,0,0,0,0,0,0,0,0,0,0,0,0,0,0,0,0,0
SAL80018,0,0,0,0,3,4,0,6,0,0,0,0,3,0,0,8,0,0,0,0,0,0,0,0,0,0,0,0,0,0,0,0,0,4,0,0,4,0,0,14,0,0,0,0,0,0,0,0,0,0,0,0,0,0,0,0,0,0,0,0,0,0,0,0,0,4,0,0,4,0,0,14,0,0,0,0,0,0,0,3,0,0,0,0,0,0,0,0,0,5,0,5,8,0,0,16,3,13,11,9,9,9,0,65,12,8,8,4,4,0,0,29,0,0,0,0,0,0,0,0,0,0,0,0,0,0,0,0,14,18,18,13,21,10,0,96,0,0,0,0,0,0,0,0,0,0,0,0,0,4,0,4,0,4,0,0,6,4,0,6,14,17,18,14,18,12,0,99,11,12,6,6,8,0,0,44,0,0,0,0,0,0,0,0,25,30,27,16,26,16,0,138,3,13,11,9,19,11,0,66
SAL80019,0,10,5,0,6,0,0,26,0,0,0,0,0,0,0,0,0,0,0,0,0,0,0,0,0,0,0,0,0,0,0,0,0,9,5,0,6,0,0,24,0,0,0,0,0,0,0,0,0,0,0,0,0,0,0,0,0,0,0,0,0,0,0,0,0,9,5,0,9,0,0,25,0,3,3,0,4,0,0,8,0,0,0,0,0,0,0,0,0,11,4,5,11,0,0,31,3,14,9,15,15,3,3,73,5,11,11,5,11,3,0,50,0,0,0,0,0,0,0,0,0,0,0,0,0,0,0,0,14,30,20,25,23,9,3,122,0,0,0,0,0,0,0,0,0,0,0,0,0,0,0,0,0,0,0,0,0,0,0,0,14,30,20,25,23,7,3,125,3,8,0,3,0,4,0,17,0,0,0,0,0,0,0,0,20,32,25,24,29,13,4,144,8,21,10,15,20,6,3,91
SAL80020,0,0,5,0,0,3,0,4,0,0,0,0,0,0,0,3,0,0,0,0,0,0,0,0,0,0,0,0,0,0,0,0,0,0,5,0,0,3,0,8,0,0,0,0,0,0,0,0,0,0,0,0,0,0,0,0,0,0,0,0,0,0,0,0,0,0,5,0,0,3,0,8,0,0,0,0,0,0,0,0,0,0,0,0,0,0,0,0,0,0,5,0,0,3,0,8,0,10,0,7,7,4,3,25,0,6,3,4,5,0,0,17,0,0,0,0,0,0,0,0,0,0,0,0,0,0,0,0,0,10,5,5,4,0,3,38,0,0,0,0,0,0,0,0,0,0,0,0,0,0,0,0,0,0,0,0,0,0,0,0,0,10,8,5,4,0,3,42,6,9,4,0,4,0,0,18,0,0,0,0,0,0,0,0,6,18,11,9,12,0,3,59,0,4,5,7,8,6,3,26
SAL80021,0,9,6,6,6,4,5,37,0,0,0,0,0,4,0,3,0,0,0,0,0,0,0,0,0,0,0,0,0,0,0,0,0,9,11,6,12,4,5,41,0,0,0,0,0,0,0,0,0,0,0,0,0,0,0,0,0,0,0,0,0,0,0,0,0,9,11,6,12,4,5,41,0,0,0,0,0,0,0,4,0,0,0,0,0,0,0,0,0,12,12,6,12,4,5,42,7,11,19,15,21,9,0,79,14,15,10,7,4,0,0,64,0,0,0,0,0,0,0,5,0,0,0,0,0,0,0,5,27,39,23,25,26,8,0,151,0,0,0,0,0,0,0,0,0,0,0,0,0,0,0,0,0,0,0,0,0,0,0,0,27,39,23,23,26,8,0,146,17,14,6,5,5,0,3,50,0,0,0,0,0,0,0,0,34,51,32,31,34,7,6,203,8,22,22,21,30,10,8,112
SAL80022,0,0,0,0,0,0,0,0,0,0,0,0,0,0,0,0,0,0,0,0,0,0,0,0,0,0,0,0,0,0,0,0,0,0,0,0,0,0,0,0,0,0,0,0,0,0,0,0,0,0,0,0,0,0,0,0,0,0,0,0,0,0,0,0,0,0,0,0,0,0,0,4,0,0,0,0,0,0,0,0,0,0,0,0,0,0,0,0,0,0,0,0,0,0,0,4,0,4,4,0,6,0,0,17,0,0,0,0,0,0,0,0,0,0,0,0,0,0,0,3,0,0,0,0,0,0,0,0,0,8,4,4,4,0,0,20,0,0,0,0,0,0,0,0,0,0,0,0,0,0,0,0,0,0,0,0,0,0,0,0,0,8,4,4,4,0,0,20,0,0,0,0,0,0,0,0,0,0,0,0,0,0,0,0,0,8,4,4,4,0,0,20,0,4,4,0,6,3,0,15
SAL80023,0,0,0,0,0,0,0,0,0,0,0,0,0,0,0,0,0,0,0,0,0,0,0,0,0,0,0,0,0,0,0,0,0,0,0,0,0,0,0,0,0,0,0,0,0,0,0,0,0,0,0,0,0,0,0,0,0,0,0,0,0,0,0,0,0,0,0,0,0,0,0,0,0,0,0,0,0,0,0,0,0,0,0,0,0,0,0,0,0,0,0,0,0,0,0,0,0,0,0,0,0,0,0,0,0,0,0,0,0,0,0,0,0,0,0,0,0,0,0,0,0,0,0,0,0,0,0,0,0,0,0,0,0,0,0,0,0,0,0,0,0,0,0,0,0,0,0,0,0,0,0,0,0,0,0,0,0,0,0,0,0,0,0,0,0,0,0,0,0,0,0,0,0,0,0,0,0,0,0,0,0,0,0,0,0,0,0,0,0,0,0,0,0,0,0,0,0,0,0,0
SAL80024,0,6,5,0,0,3,0,13,4,0,0,3,0,0,0,8,0,0,0,0,0,0,0,0,0,0,0,0,0,0,0,0,5,6,5,3,5,3,0,25,0,0,0,0,0,0,0,0,0,0,0,0,0,0,0,0,0,0,0,0,0,0,0,0,5,5,3,3,4,3,4,30,0,5,0,0,0,0,0,9,4,0,0,0,0,0,0,4,8,10,9,6,4,3,4,43,6,18,7,11,7,4,0,54,10,6,10,0,0,0,5,32,3,0,0,0,0,0,0,10,0,0,0,0,0,0,0,0,16,26,16,10,13,3,5,94,0,0,0,0,3,0,0,6,7,0,0,0,0,0,0,6,7,5,0,0,3,0,0,13,18,29,20,18,16,3,5,110,25,15,10,3,9,0,3,61,0,0,0,0,0,0,0,0,43,47,28,16,24,3,4,166,10,23,13,11,10,6,0,70
SAL80025,4,7,11,4,10,4,0,41,0,0,0,0,0,0,0,7,0,0,0,0,0,0,0,0,0,0,0,0,0,0,0,0,8,7,11,4,13,4,0,51,0,0,0,0,0,0,0,0,0,0,0,0,0,0,0,0,0,0,0,0,0,0,0,0,8,14,11,4,13,4,0,50,0,0,0,3,0,0,0,5,0,0,0,0,0,0,0,0,8,16,14,8,16,4,0,58,14,26,25,13,18,10,3,118,9,22,23,14,8,0,0,76,3,4,0,0,0,0,0,7,0,0,0,0,0,0,0,0,25,53,48,32,30,11,3,201,0,3,0,0,0,0,0,6,0,0,0,0,0,0,0,0,0,3,4,4,4,0,0,8,30,54,50,29,32,11,3,210,8,22,10,6,9,0,0,57,4,0,0,0,0,0,0,3,40,76,63,30,41,11,3,272,21,36,37,18,34,12,6,159
SAL80026,0,5,4,4,3,0,0,20,0,0,0,0,0,0,0,4,0,0,0,0,0,0,0,0,0,0,0,0,0,0,0,0,0,9,4,4,7,4,0,26,0,0,0,0,0,0,0,0,0,0,0,0,0,0,0,0,0,0,0,0,0,0,0,0,0,9,4,4,7,4,0,26,0,0,0,0,0,0,0,4,0,0,0,0,0,0,0,0,0,9,0,5,7,4,0,26,8,17,10,8,9,7,0,56,5,12,10,3,4,4,0,49,0,0,0,0,0,0,0,4,0,0,0,0,0,0,0,0,16,31,16,15,20,8,5,110,0,0,0,0,0,0,0,0,0,0,0,0,0,0,0,0,0,0,0,0,0,0,0,0,16,30,16,15,20,8,5,105,10,5,6,8,7,6,0,36,0,0,4,4,0,0,0,7,26,37,17,27,27,15,5,150,7,21,12,10,15,5,0,69
SAL80027,0,0,0,0,0,0,0,3,0,0,0,0,0,0,0,0,0,0,0,0,0,0,0,0,0,0,0,0,0,0,0,0,0,0,0,0,0,4,0,5,0,0,0,0,0,0,0,0,0,0,0,0,0,0,0,0,0,0,0,0,0,0,0,0,0,0,0,0,3,4,0,11,0,3,0,0,0,0,0,6,0,0,0,0,0,0,0,0,0,3,0,0,3,4,0,10,5,4,0,10,6,7,3,31,7,3,4,0,0,0,0,15,0,0,0,0,0,0,0,0,0,0,0,0,0,0,0,0,9,10,10,10,4,10,3,52,0,0,0,0,0,0,0,0,0,0,0,0,0,0,0,0,0,0,0,0,0,0,0,3,11,10,8,10,12,10,3,53,5,0,0,0,0,0,0,6,0,0,0,0,0,0,0,0,10,10,8,10,11,9,7,57,5,4,6,9,5,9,3,40
SAL80028,0,9,5,0,7,3,0,29,0,0,0,0,0,0,0,0,0,0,0,0,0,0,0,0,0,0,0,0,0,0,0,0,4,9,5,0,7,3,0,28,0,0,0,0,0,0,0,0,0,0,0,0,0,0,0,0,0,0,0,0,0,0,0,0,4,9,5,0,7,3,0,26,0,0,0,0,0,0,0,0,0,0,0,0,0,0,0,0,4,9,5,0,7,3,0,26,9,16,3,9,19,6,3,63,4,11,7,3,0,0,0,26,0,3,0,0,0,0,0,6,0,0,0,0,0,0,0,0,16,34,9,8,12,6,3,101,0,0,0,0,0,0,0,4,0,0,0,0,0,0,0,0,0,0,0,0,0,0,0,6,17,34,9,12,12,9,3,98,6,4,0,0,0,4,0,14,0,0,0,0,0,0,0,0,19,38,13,11,20,12,3,118,11,26,13,9,21,10,3,90
SAL80029,3,4,8,8,9,0,0,25,0,0,0,0,0,0,0,0,0,0,0,0,0,0,0,0,0,0,0,0,0,0,0,0,3,6,8,5,10,0,0,33,0,0,0,0,0,0,0,3,0,0,0,0,0,0,0,0,0,0,0,0,0,0,0,3,3,6,8,8,10,0,0,33,0,5,0,0,0,0,0,7,0,0,0,0,0,0,0,0,3,7,8,5,10,0,0,38,11,8,12,13,14,9,3,76,7,21,8,0,8,0,0,49,0,0,0,0,0,0,0,5,0,0,0,0,0,0,0,4,17,30,18,17,22,12,3,126,0,0,0,0,0,0,0,4,0,4,0,0,0,0,0,4,0,0,0,0,0,0,0,4,24,34,18,17,22,12,3,131,13,11,5,8,5,5,0,47,0,0,0,0,0,0,0,0,36,43,27,22,31,15,3,177,16,13,19,20,22,11,3,96
SAL80030,0,3,0,0,0,3,0,15,0,0,0,0,0,0,0,0,0,0,0,0,0,0,0,0,0,0,0,0,0,0,0,0,0,3,0,0,4,3,0,11,0,0,0,0,0,0,0,0,0,0,0,0,0,0,0,0,0,0,0,0,0,0,0,0,0,3,3,0,4,3,0,18,0,0,0,0,0,0,0,0,0,0,0,0,0,0,0,0,0,3,3,0,4,3,0,18,3,14,5,3,7,5,0,37,4,10,4,0,3,0,0,20,0,0,0,0,0,0,0,0,0,0,0,0,0,0,0,0,9,19,7,4,12,3,4,52,0,0,0,0,0,0,0,0,0,0,0,0,0,0,0,0,0,0,0,0,0,0,0,0,9,19,7,4,10,3,4,53,3,6,0,7,0,3,5,17,0,0,0,0,0,0,0,0,7,18,11,6,15,7,5,77,6,14,3,6,10,4,3,49
SAL80031,0,0,0,0,0,0,0,0,0,0,0,0,0,0,0,0,0,0,0,0,0,0,0,0,0,0,0,0,0,0,0,0,0,0,0,0,0,0,0,0,0,0,0,0,0,0,0,0,0,0,0,0,0,0,0,0,0,0,0,0,0,0,0,0,0,0,0,0,0,0,0,0,0,0,0,0,0,0,0,0,0,0,0,0,0,0,0,0,0,0,0,0,0,0,0,0,0,0,0,0,0,0,0,5,0,0,0,0,0,0,0,0,0,0,0,0,0,0,0,0,0,0,0,0,0,0,0,0,0,0,0,0,0,0,0,5,0,0,0,0,0,0,0,0,0,0,0,0,0,0,0,0,0,0,0,0,0,0,0,0,0,0,0,0,0,0,0,5,0,0,0,0,0,0,0,0,0,0,0,0,0,0,0,0,0,0,0,0,0,0,0,5,0,5,0,0,0,0,0,3
SAL80032,0,0,0,0,0,0,0,0,0,0,0,0,0,0,0,0,0,0,0,0,0,0,0,0,0,0,0,0,0,0,0,0,0,0,0,0,0,0,0,0,0,0,0,0,0,0,0,0,0,0,0,0,0,0,0,0,0,0,0,0,0,0,0,0,0,0,0,0,0,0,0,0,0,0,0,0,0,0,0,0,0,0,0,0,0,0,0,0,0,0,0,0,0,0,0,0,0,0,0,0,0,0,0,0,0,0,0,0,0,0,0,0,0,0,0,0,0,0,0,0,0,0,0,0,0,0,0,0,0,0,0,0,0,0,0,0,0,0,0,0,0,0,0,0,0,0,0,0,0,0,0,0,0,0,0,0,0,0,0,0,0,0,0,0,0,0,0,0,0,0,0,0,0,0,0,0,0,0,0,0,0,0,0,0,0,0,0,0,0,0,0,0,0,0,0,0,0,0,0,0
SAL80033,6,3,6,4,9,4,0,29,0,0,0,0,0,0,0,5,0,0,0,0,0,0,0,0,0,0,0,0,0,0,0,0,6,3,3,4,9,0,0,35,0,0,0,0,0,0,0,0,0,0,0,0,0,0,0,0,0,0,0,0,0,0,0,0,6,3,3,4,9,0,0,35,0,0,0,0,5,0,0,5,0,0,0,0,0,0,0,0,7,6,5,4,11,0,0,40,12,36,16,8,30,10,0,106,0,21,8,8,11,0,0,60,5,4,0,0,0,3,0,10,0,0,0,0,0,0,0,0,19,56,28,18,39,12,0,176,3,0,0,0,0,0,0,3,0,0,0,0,0,0,0,4,3,4,0,0,0,0,0,5,22,59,28,18,40,17,0,184,8,0,0,0,3,0,0,16,0,0,0,0,0,0,0,0,29,62,29,17,44,17,0,206,15,36,24,19,35,14,0,140
SAL80034,0,4,0,0,9,0,0,14,0,3,0,0,0,0,0,10,0,0,0,0,0,0,0,0,0,0,0,0,0,0,0,0,0,5,4,5,9,0,0,22,0,0,0,0,0,0,0,0,0,0,0,0,0,0,0,0,0,0,0,0,0,0,0,0,0,5,4,5,9,0,0,22,0,0,0,0,0,0,0,0,0,0,0,0,0,0,0,0,3,5,4,5,9,0,0,21,0,7,4,3,9,7,0,37,0,4,0,0,0,0,0,10,0,0,0,0,0,0,0,4,0,0,0,0,0,0,0,0,5,16,5,3,9,9,0,43,0,0,0,0,0,0,0,0,0,0,0,0,0,0,0,0,0,0,0,0,0,0,0,0,5,16,5,3,9,9,0,43,0,0,7,0,0,0,0,7,0,0,0,0,0,0,0,0,6,16,13,9,5,9,0,54,6,13,8,5,14,6,0,48
SAL80035,0,7,4,0,0,0,0,17,0,0,0,0,0,0,0,4,0,0,0,0,0,0,0,0,0,0,0,0,0,0,0,0,0,7,4,0,3,0,0,15,0,0,0,0,0,0,0,0,0,0,0,0,0,0,0,0,0,0,0,0,0,0,0,0,0,7,4,0,3,0,0,15,0,0,0,0,0,0,0,6,0,0,0,0,0,0,0,0,4,3,4,0,3,0,0,24,5,11,14,12,8,0,0,47,7,11,5,5,11,7,0,45,4,4,4,0,0,0,0,9,0,4,0,0,0,0,0,4,16,27,25,14,17,3,0,107,0,0,0,0,0,0,0,0,3,3,4,0,3,0,0,13,3,3,0,0,3,0,0,12,17,36,26,14,13,9,0,118,11,15,12,5,5,3,3,59,0,0,0,0,0,0,0,0,31,46,42,23,28,10,0,178,4,18,17,11,7,0,6,63
SAL80036,0,0,0,0,7,0,0,7,0,0,3,0,0,0,0,4,0,0,0,0,0,0,0,0,0,0,0,0,0,0,0,0,0,0,3,3,3,0,0,12,0,0,0,0,0,0,0,0,0,0,0,0,0,0,0,0,0,0,0,0,0,0,0,0,0,0,3,3,3,0,0,12,0,0,0,0,0,0,0,0,0,0,0,0,0,0,0,0,0,0,4,3,3,0,0,14,3,6,3,4,6,3,0,24,4,8,3,0,0,0,0,16,5,0,0,0,0,0,0,5,0,0,0,0,0,0,0,5,5,13,6,5,8,3,0,51,0,0,0,0,0,0,0,0,0,0,0,0,0,0,0,0,0,0,0,0,0,0,0,0,10,13,7,5,8,3,0,53,5,0,5,0,6,0,0,12,0,0,0,0,0,0,0,0,11,16,16,10,11,3,0,62,3,9,0,6,12,3,0,40
SAL80037,0,4,10,8,7,3,0,33,4,3,0,0,4,0,0,14,0,0,0,0,0,0,0,0,0,0,0,0,0,0,0,0,7,7,10,6,12,5,0,46,0,0,0,0,0,0,0,0,0,0,0,0,0,0,0,0,0,0,0,0,0,0,0,0,7,6,10,6,12,5,0,50,5,8,0,3,0,0,0,13,0,0,0,0,0,0,0,0,9,8,7,9,6,5,0,58,4,19,17,10,10,6,0,65,7,4,7,3,8,5,0,35,0,0,0,0,0,0,0,0,0,0,0,0,0,0,0,3,14,25,25,13,13,11,0,104,0,0,0,0,0,0,0,0,0,0,0,0,0,0,0,0,0,0,0,0,0,0,0,0,19,25,25,13,13,11,0,105,16,23,11,3,11,0,3,66,0,0,0,0,0,0,0,0,35,48,34,21,19,11,6,169,7,26,19,16,13,12,5,93
SAL80038,0,0,0,0,3,8,0,11,0,0,0,0,0,3,0,3,0,0,0,0,0,0,0,0,0,0,0,0,0,0,0,0,0,0,0,0,9,8,0,17,0,0,0,0,0,0,0,0,0,0,0,0,0,0,0,0,0,0,0,0,0,0,0,0,0,0,0,0,9,8,0,21,0,0,0,0,0,0,0,0,0,0,0,0,0,0,0,0,0,0,0,0,9,8,0,21,4,4,3,0,5,0,0,18,0,0,3,0,6,0,0,8,5,0,0,0,0,0,0,5,0,0,0,0,0,0,0,0,5,4,6,3,9,0,0,26,0,0,0,0,0,0,0,0,0,0,0,0,0,0,0,0,0,0,0,0,0,0,0,0,5,4,6,3,9,0,0,26,0,0,0,0,0,0,0,7,0,0,0,0,0,0,0,0,9,4,6,0,9,4,4,30,6,6,4,3,9,3,0,30
SAL80039,0,9,5,3,0,0,0,19,0,0,0,0,0,0,0,3,0,0,0,0,0,0,0,0,0,0,0,0,0,0,0,0,0,10,3,6,0,0,0,26,0,0,0,0,0,0,0,0,0,0,0,0,0,0,0,0,0,0,0,0,0,0,0,0,0,10,3,6,0,0,0,25,6,5,0,0,3,0,0,12,0,0,0,0,0,0,0,0,4,14,5,6,6,0,0,35,4,21,14,7,24,3,6,81,8,22,8,5,11,0,0,63,0,0,0,0,0,0,0,0,0,3,0,0,0,0,0,6,19,45,27,16,37,5,5,150,0,0,0,0,0,0,0,0,0,5,0,0,0,0,0,4,0,4,0,0,0,0,0,3,20,49,27,16,37,5,5,156,22,23,5,13,8,0,0,75,0,0,0,0,0,0,0,0,41,72,35,28,51,5,9,234,6,26,19,13,26,3,6,106
SAL80040,0,3,0,5,0,0,0,14,0,0,0,0,0,0,0,3,0,0,0,0,0,0,0,0,0,0,0,0,0,0,0,0,0,3,0,5,3,0,0,15,0,0,0,0,6,0,0,6,0,0,0,0,0,0,0,0,0,0,0,0,6,0,0,6,0,3,0,5,3,0,0,17,0,0,0,0,0,0,0,0,0,0,0,0,0,0,0,0,0,3,0,5,3,0,0,17,5,5,4,10,11,6,0,38,3,7,4,0,5,0,0,21,0,0,0,0,0,0,0,0,0,0,0,0,0,0,0,0,10,11,8,6,13,9,3,63,0,0,0,0,0,0,0,0,0,0,0,0,0,0,0,0,0,0,0,0,0,0,0,0,11,15,8,6,13,9,3,64,5,8,6,0,0,0,0,19,0,0,0,0,0,0,0,0,13,15,14,7,15,9,3,81,4,11,8,6,13,6,0,54
SAL80041,0,5,6,0,9,0,0,20,0,0,0,0,0,0,0,0,0,0,0,0,0,0,0,0,0,0,0,0,0,0,0,0,0,5,6,0,8,3,0,23,0,0,0,0,0,0,0,0,0,0,0,0,0,0,0,0,0,0,0,0,0,0,0,0,0,5,6,0,8,3,0,23,0,4,0,0,6,0,0,7,0,0,0,0,0,0,0,0,6,14,3,0,8,3,0,28,6,30,10,6,11,0,0,71,8,18,6,4,4,5,3,47,4,0,0,0,0,0,0,7,0,0,0,0,0,0,0,0,15,48,19,11,18,4,6,119,0,0,0,0,0,0,0,4,3,0,0,0,0,0,0,5,7,0,0,0,0,0,0,11,20,49,19,10,18,4,6,130,16,6,5,0,0,6,0,31,0,0,0,0,0,0,0,0,37,63,24,11,18,12,6,166,0,41,18,7,17,6,0,88
SAL80042,0,4,9,4,8,0,0,25,0,0,0,0,0,0,0,0,0,0,0,0,0,0,0,0,0,0,0,0,0,0,0,0,0,4,9,4,8,0,0,31,0,0,0,0,0,0,0,0,0,0,0,0,0,0,0,0,0,0,0,0,0,0,0,0,0,4,9,4,8,0,0,31,0,0,0,0,0,0,0,0,0,0,0,0,0,0,0,0,3,8,9,4,7,0,0,36,15,10,11,3,3,0,3,48,10,10,3,3,0,0,0,32,0,0,0,0,0,0,0,0,0,0,0,0,0,0,0,0,24,19,13,8,13,0,4,83,0,0,0,0,0,0,0,0,0,0,0,0,0,0,0,0,0,0,0,0,0,0,0,0,24,19,13,8,13,0,4,83,5,5,0,0,0,0,0,15,0,0,0,0,0,0,0,0,30,25,13,12,13,5,7,96,17,15,19,6,15,5,3,78
SAL80043,0,7,5,5,4,0,0,19,0,4,0,4,0,0,0,12,0,0,0,0,0,0,0,0,0,0,0,0,0,0,0,0,0,8,9,9,4,10,0,31,0,0,0,0,0,0,0,0,0,0,0,0,0,0,0,0,0,0,0,0,0,0,0,4,0,8,7,9,4,10,0,33,0,0,0,0,0,0,0,0,0,0,0,0,0,0,0,0,0,11,7,9,4,10,0,33,4,11,12,5,7,4,0,45,6,7,5,0,7,6,0,31,3,0,0,0,0,0,0,6,0,0,0,0,0,0,0,0,9,16,16,10,13,12,5,76,0,0,3,0,4,0,0,8,0,0,0,0,0,0,0,6,0,0,3,9,4,0,0,14,8,20,17,17,13,12,4,96,0,10,8,4,4,3,0,28,0,0,0,0,0,0,0,0,6,27,26,21,22,11,3,121,4,13,10,13,10,9,0,64
SAL80044,0,3,0,4,3,0,0,10,0,0,0,0,0,0,0,0,0,0,0,0,0,0,0,0,0,0,0,0,0,0,0,0,0,3,0,4,3,0,0,16,0,0,0,0,0,0,0,0,0,0,0,0,0,0,0,0,0,0,0,0,0,0,0,0,0,3,0,9,3,0,0,15,0,0,0,0,0,0,0,0,0,0,0,0,0,0,0,0,0,3,0,9,3,0,0,18,0,3,5,3,15,5,0,31,0,0,5,0,7,0,0,15,0,0,0,0,0,0,0,0,0,0,0,0,0,0,0,0,0,10,12,4,18,5,0,41,0,0,0,0,0,0,0,0,0,0,0,0,0,0,0,0,0,0,0,0,0,0,0,0,0,10,12,4,18,5,0,41,0,4,6,0,0,0,0,9,0,0,0,0,0,0,0,0,0,10,15,3,18,5,0,58,0,12,5,9,16,5,0,43
SAL80045,0,4,0,0,4,0,0,12,0,0,0,0,0,0,0,0,0,0,0,0,0,0,0,0,0,0,0,0,0,0,0,0,0,4,0,0,4,0,0,12,0,0,0,0,0,0,0,0,0,0,0,0,0,0,0,0,0,0,0,0,0,0,0,0,0,4,0,0,4,0,0,12,0,4,0,4,0,0,0,10,0,0,0,0,0,0,0,0,0,6,0,7,4,0,0,19,0,13,7,0,8,0,0,34,5,12,5,0,4,0,0,17,0,0,0,0,0,0,0,3,0,0,0,0,0,0,0,0,8,21,10,0,10,0,0,55,0,0,0,0,0,0,0,0,0,0,0,0,0,0,0,0,0,0,0,0,0,0,0,5,8,23,10,0,13,0,0,55,4,7,4,0,5,0,0,15,0,0,0,0,0,0,0,0,11,32,13,0,10,5,0,73,0,14,8,3,14,0,0,40
SAL80046,0,0,3,0,0,3,0,12,0,0,0,0,0,0,0,0,0,0,0,0,0,0,0,0,0,0,0,0,0,0,0,0,0,0,3,0,0,3,0,9,0,0,0,0,0,0,0,0,0,0,0,0,0,0,0,0,0,0,0,0,0,0,0,0,0,0,3,0,0,3,0,9,0,0,0,0,0,0,0,0,0,0,0,0,0,0,0,0,0,0,3,0,0,5,0,10,0,4,11,8,7,0,0,30,0,9,8,0,0,0,0,25,0,0,0,0,0,0,0,0,0,0,0,0,0,0,0,0,0,17,18,11,6,0,0,58,0,0,0,0,0,0,0,0,0,0,0,0,0,0,0,0,0,0,0,0,0,0,0,0,4,17,18,10,6,0,0,59,7,6,0,0,0,0,0,15,0,0,0,0,0,0,0,0,8,25,24,10,6,0,0,73,4,4,17,8,8,5,0,40
SAL80047,0,3,3,5,0,0,0,14,0,0,6,0,0,0,0,0,0,0,0,0,0,0,0,0,0,0,0,0,0,0,0,0,0,4,4,5,3,0,0,18,0,0,0,0,0,0,0,0,0,0,0,0,0,0,0,0,0,0,0,0,0,0,0,0,0,4,7,5,3,0,0,18,0,0,0,0,0,0,0,3,0,0,0,0,0,0,0,0,0,3,7,5,3,0,0,21,0,11,7,3,6,5,0,45,4,12,3,7,3,0,0,30,0,0,0,0,0,0,0,0,0,0,0,0,0,0,0,0,6,20,13,8,17,5,5,70,0,4,0,0,0,0,0,3,0,0,0,0,0,0,0,0,0,4,0,0,0,0,0,3,6,21,13,8,17,4,6,74,21,12,3,7,3,4,0,54,0,0,0,0,0,0,0,3,34,30,18,14,18,7,6,126,3,12,12,6,15,5,7,57
SAL80048,0,5,3,5,0,0,0,15,0,0,0,0,0,0,0,0,0,0,0,0,0,0,0,0,0,0,0,0,0,0,0,0,0,5,4,5,0,0,0,16,0,0,3,0,0,0,0,3,0,0,0,0,0,0,0,0,0,0,3,0,0,0,0,3,0,3,7,9,0,0,0,19,0,0,0,0,0,0,0,3,0,0,0,0,0,0,0,0,0,3,3,12,8,0,0,25,4,9,3,8,5,3,0,34,0,7,9,5,4,0,0,20,0,0,0,0,0,0,0,8,0,0,0,0,0,0,0,0,6,14,9,11,16,3,0,60,0,0,0,0,0,0,0,0,0,0,0,0,0,0,0,0,0,0,0,0,0,0,0,0,6,15,9,14,16,3,0,58,9,4,3,7,0,0,0,22,0,0,0,0,0,0,0,0,12,18,14,15,17,3,0,86,4,14,3,12,7,3,0,53
SAL80049,0,8,4,4,4,0,0,22,0,0,4,0,0,0,0,13,0,0,0,0,0,0,0,0,0,0,0,0,0,0,0,0,0,10,7,5,5,0,0,28,0,0,0,0,0,0,0,3,0,0,0,0,0,0,0,0,0,0,0,0,0,0,0,3,0,10,7,3,3,0,0,32,0,0,5,0,0,0,0,3,0,0,0,0,0,0,0,0,0,9,10,5,3,0,0,37,10,31,24,14,22,9,3,110,19,18,12,6,8,0,4,68,0,0,0,0,0,0,0,0,0,5,0,0,0,0,0,0,22,46,39,24,33,13,8,186,0,0,0,0,0,0,0,0,0,5,0,6,4,3,0,14,0,5,0,6,4,3,0,14,28,52,44,21,39,12,8,201,21,29,14,10,8,0,3,86,0,0,0,0,0,0,0,7,46,84,58,30,47,15,9,290,7,39,30,18,28,5,3,132
SAL80050,0,5,10,4,7,3,0,32,0,0,0,4,3,0,0,9,0,0,0,0,0,0,0,0,0,0,0,0,0,0,0,0,4,5,9,11,12,3,0,43,0,0,0,0,0,0,0,0,0,0,0,0,0,0,0,4,0,0,0,0,0,0,0,4,4,10,9,11,11,3,0,44,0,0,0,0,0,0,0,8,0,0,0,0,0,0,0,0,9,10,8,9,11,3,0,55,0,19,9,12,14,9,3,72,9,19,15,13,7,0,0,67,7,3,0,0,0,0,0,8,0,0,0,0,0,0,0,0,16,45,23,23,21,11,4,142,0,0,0,0,0,0,0,0,0,0,0,0,0,0,0,6,0,0,0,0,0,0,0,6,17,41,23,23,27,11,4,147,6,15,11,4,4,0,0,44,0,0,0,0,0,0,0,0,19,59,33,26,32,11,4,189,0,20,20,14,20,15,3,104
SAL80051,0,3,0,4,0,0,0,12,0,0,0,0,0,0,0,6,0,0,0,0,0,0,0,0,0,0,0,0,0,0,0,0,3,3,0,4,0,3,0,11,0,0,0,0,0,0,0,0,0,0,0,0,0,0,0,0,0,0,0,0,0,0,0,0,3,3,0,4,0,3,0,11,4,5,0,0,0,0,0,10,0,0,0,0,0,0,0,0,5,4,3,4,4,3,4,22,0,0,0,3,5,5,0,18,0,0,5,0,6,0,0,11,0,0,0,0,0,0,0,4,0,0,0,0,0,0,0,0,4,3,3,8,9,5,0,29,0,0,0,0,0,0,0,4,0,0,0,0,0,0,0,0,0,0,0,0,0,0,0,4,4,3,9,10,9,4,0,39,0,0,0,0,0,0,0,4,0,0,0,0,0,0,0,0,4,3,9,8,9,8,0,41,0,4,6,7,3,5,0,23
SAL80052,0,0,0,0,0,5,0,13,0,0,0,0,0,0,0,0,0,0,0,0,0,0,0,0,0,0,0,0,0,0,0,0,0,0,0,0,0,5,0,13,0,0,0,0,0,0,0,0,0,0,0,0,0,0,0,0,0,0,0,0,0,0,0,0,0,0,0,0,0,5,0,13,0,0,0,0,0,0,0,4,0,0,0,0,0,0,0,0,0,0,9,3,0,5,0,22,6,8,9,4,4,8,3,44,0,7,8,0,3,0,0,24,0,0,0,0,0,0,0,0,0,0,0,0,0,0,0,0,6,16,18,11,10,6,3,72,0,0,0,0,0,0,0,0,0,0,0,0,0,0,0,6,0,3,0,0,0,0,0,8,6,16,17,9,10,6,3,78,4,5,0,0,0,0,0,10,0,0,0,0,0,0,0,0,6,25,16,10,10,6,3,84,4,10,10,10,4,12,3,57
SAL80053,0,0,0,3,0,3,0,13,0,0,0,0,0,0,0,0,0,3,0,0,0,0,0,3,0,0,0,0,0,0,0,0,0,5,0,4,0,3,0,17,0,0,0,0,0,0,0,6,0,0,0,0,0,0,0,0,0,0,0,0,0,0,0,6,0,8,6,4,0,3,0,22,0,0,0,0,0,0,0,9,0,0,0,0,0,0,0,0,0,11,6,4,8,3,0,28,3,3,3,11,3,3,0,27,0,3,4,0,4,0,0,19,6,0,0,0,0,0,0,10,0,0,0,0,0,0,0,0,5,15,7,10,10,4,4,56,0,0,0,0,0,0,0,0,0,0,0,0,0,0,0,0,0,0,0,0,0,0,0,0,5,15,7,10,10,4,4,56,3,13,0,0,3,0,0,21,0,0,0,0,0,0,0,0,14,23,10,10,13,4,4,75,3,5,5,7,3,7,5,37
SAL80054,0,3,0,0,6,0,0,16,0,0,0,0,0,0,0,3,0,0,0,0,0,0,0,0,0,0,0,0,0,0,0,0,0,3,0,0,4,0,0,19,0,0,0,0,0,0,0,0,0,0,0,0,0,0,0,0,0,0,0,0,0,0,0,0,0,4,0,0,4,0,0,18,3,0,0,6,0,0,0,7,0,0,0,0,0,0,0,0,3,4,3,6,4,4,0,24,0,11,16,5,13,10,3,55,7,21,21,0,10,0,0,51,0,0,0,0,0,0,0,0,0,0,0,0,0,0,0,3,12,32,32,8,16,6,7,109,0,0,0,0,0,0,0,0,0,4,0,0,0,0,0,8,5,8,0,0,0,0,0,10,10,36,29,8,19,6,9,122,10,18,8,5,7,3,0,49,0,0,0,0,0,0,0,0,22,49,40,15,28,12,9,174,0,14,17,5,12,9,3,73
SAL80055,0,0,0,0,0,0,0,8,0,0,0,0,0,0,0,4,0,0,0,0,0,0,0,0,0,0,0,0,0,0,0,0,0,0,0,0,0,0,0,11,0,0,0,0,0,0,0,0,0,0,0,0,0,0,0,0,0,0,0,0,0,0,0,0,0,0,0,0,4,0,0,15,0,0,0,0,0,0,0,4,0,0,0,0,0,0,0,0,4,0,0,0,4,0,0,10,0,18,6,6,17,0,4,49,0,0,11,0,8,3,0,25,0,0,0,0,0,0,0,4,0,0,0,0,0,0,0,0,3,18,19,10,23,3,0,76,0,3,0,0,0,0,0,4,0,0,0,0,0,0,0,5,0,6,0,0,0,0,0,5,0,27,19,10,23,3,0,84,3,5,4,6,0,0,0,21,0,0,0,0,0,0,0,0,3,33,23,11,23,3,3,102,0,16,10,6,15,0,0,51
SAL80056,4,4,4,3,0,0,3,18,0,0,0,0,0,0,0,5,0,0,0,0,0,0,0,0,0,0,0,0,0,0,0,0,4,9,3,3,0,0,3,22,0,0,0,0,0,0,0,0,0,0,0,0,0,0,0,0,0,0,0,0,0,0,0,0,4,9,3,3,0,5,3,26,0,0,0,0,0,0,0,0,0,0,0,0,0,0,0,0,6,9,3,3,0,6,3,27,3,15,13,10,11,0,0,57,9,3,8,0,6,0,0,18,0,0,0,0,0,0,0,3,0,0,0,0,0,0,0,0,14,20,22,7,13,9,0,80,0,0,0,0,0,0,0,0,0,0,0,0,0,0,0,0,0,0,0,0,0,0,0,0,14,20,22,7,16,9,0,83,3,7,0,0,0,0,0,17,0,0,0,0,0,0,0,0,15,28,22,12,18,7,0,99,8,22,18,11,16,5,3,79
SAL80057,0,0,0,0,0,0,0,0,0,0,0,0,0,0,0,0,0,0,0,0,0,0,0,0,0,0,0,0,0,0,0,0,0,0,0,0,0,0,0,0,0,0,0,0,0,0,0,0,0,0,0,0,0,0,0,0,0,0,0,0,0,0,0,0,0,0,0,0,0,0,0,0,0,0,0,0,0,0,0,0,0,0,0,0,0,0,0,0,0,0,0,3,0,0,0,3,0,7,7,0,4,0,0,26,0,0,0,0,0,0,0,0,0,0,0,0,0,0,0,0,0,0,0,0,0,0,0,0,0,7,5,0,4,0,0,23,0,0,0,0,0,0,0,0,0,0,0,0,0,0,0,0,0,0,0,0,0,0,0,0,0,7,5,0,4,0,0,23,0,0,0,0,0,0,0,3,0,0,0,0,0,0,0,0,0,7,5,6,12,0,0,29,0,8,4,3,4,0,0,27
SAL80058,5,13,6,3,6,0,0,31,0,0,0,0,0,0,0,0,0,0,0,0,0,0,0,0,0,0,0,0,0,0,0,3,5,7,10,3,7,0,0,37,0,0,0,0,0,0,0,0,0,0,0,0,0,0,0,0,0,0,0,0,0,0,0,0,5,14,10,3,7,0,0,36,0,0,0,0,0,0,0,4,0,0,0,0,0,0,0,0,4,14,10,3,8,0,0,37,12,23,10,6,14,3,0,70,13,10,9,4,3,0,0,43,0,0,0,0,0,0,0,0,0,0,0,0,0,0,0,0,20,30,18,7,19,11,3,107,0,0,0,0,0,0,0,0,0,3,0,0,0,0,0,3,0,5,0,0,0,0,0,5,20,37,18,7,19,11,3,117,13,12,7,6,6,0,3,39,0,0,0,0,0,0,0,0,41,51,27,7,22,11,4,160,12,30,19,10,22,3,3,99
SAL80059,0,5,0,0,0,0,0,6,0,0,0,0,0,0,0,0,0,0,0,0,0,0,0,0,0,0,0,0,0,0,0,0,0,5,0,0,0,0,0,6,0,0,0,0,0,0,0,0,0,0,0,0,0,0,0,0,0,0,0,0,0,0,0,0,0,5,0,0,0,0,0,6,0,0,0,0,0,0,0,3,0,0,0,0,0,0,0,0,0,5,0,0,0,0,0,9,0,5,3,3,0,6,0,22,3,6,9,0,3,3,0,26,0,0,0,0,0,0,0,0,0,0,0,0,0,0,0,0,3,8,14,6,11,12,0,44,0,0,0,0,0,0,0,0,0,0,0,0,0,0,0,0,0,0,0,0,0,0,0,0,3,8,14,6,11,12,0,44,4,7,4,0,4,0,0,18,0,0,0,0,0,0,0,0,8,19,13,3,10,12,0,66,0,3,4,8,4,6,3,30
SAL80060,0,0,0,0,0,0,0,0,0,0,0,0,0,0,0,0,0,0,0,0,0,0,0,0,0,0,0,0,0,0,0,0,0,0,0,0,0,0,0,0,0,0,0,0,0,0,0,0,0,0,0,0,0,0,0,0,0,0,0,0,0,0,0,0,0,0,0,0,0,0,0,0,0,0,0,0,0,0,0,0,0,0,0,0,0,0,0,0,0,0,0,0,0,0,0,0,0,0,0,0,0,0,0,0,0,0,0,0,0,0,0,0,0,0,0,0,0,0,0,0,0,0,0,0,0,0,0,0,0,0,0,0,0,0,0,0,0,0,0,0,0,0,0,0,0,0,0,0,0,0,0,0,0,0,0,0,0,0,0,0,0,0,0,0,0,0,0,0,0,0,0,0,0,0,0,0,0,0,0,0,0,0,0,0,0,0,0,0,0,0,0,0,0,0,0,0,0,0,0,0
SAL80061,0,0,0,5,0,0,3,10,0,0,0,0,0,0,0,0,0,0,0,0,0,0,0,0,0,0,0,0,0,0,0,0,0,0,0,5,0,0,3,10,0,0,0,0,0,0,0,0,0,0,0,0,0,0,0,0,0,0,0,0,0,0,0,0,0,0,0,5,0,0,3,10,0,0,0,0,0,0,0,0,0,0,0,0,0,0,0,0,0,0,0,0,0,0,3,12,3,11,8,5,15,5,0,50,0,10,5,0,6,6,0,17,4,0,0,0,0,0,0,7,0,0,0,0,0,0,0,0,3,22,13,10,18,10,0,74,0,0,0,0,0,0,0,0,0,0,0,0,0,0,0,0,0,0,0,0,0,0,0,0,3,22,11,10,18,10,0,79,7,3,3,0,0,0,0,18,0,0,0,0,0,0,0,0,14,27,19,7,19,10,0,99,4,12,8,10,11,6,0,57
SAL80062,0,0,0,4,0,0,0,16,0,0,0,0,0,0,0,0,0,0,0,0,0,0,0,0,0,0,0,0,0,0,0,0,0,0,0,4,0,0,0,16,0,0,0,0,0,0,0,0,0,0,0,0,0,0,0,0,0,0,0,0,0,0,0,0,0,0,0,4,0,0,0,16,0,0,0,0,4,0,0,3,0,0,0,0,0,0,0,0,0,3,0,4,0,0,0,18,4,15,0,3,14,0,0,39,8,13,5,5,0,0,0,34,0,0,0,0,0,0,0,0,0,0,0,0,0,0,0,0,12,27,15,9,13,3,0,75,0,0,0,0,0,0,0,0,0,0,0,0,0,0,0,0,0,0,0,0,0,0,0,0,12,27,15,9,13,3,0,79,15,13,4,6,8,0,0,46,0,3,0,0,0,0,0,4,24,42,18,12,24,7,0,129,10,18,9,3,15,0,0,50
SAL80063,0,3,6,0,3,4,0,17,0,0,0,3,0,0,0,3,0,0,0,0,0,0,0,0,0,0,0,0,0,0,0,0,0,3,6,3,3,4,0,19,0,0,0,0,0,0,0,0,0,0,0,0,0,0,0,0,0,0,0,0,0,0,0,0,0,3,6,3,3,4,0,19,0,0,0,0,0,0,0,0,0,0,0,0,0,0,0,0,7,3,6,3,5,4,0,21,4,15,3,3,4,4,3,34,3,8,3,4,7,0,3,34,0,0,0,0,4,0,0,4,0,0,0,0,0,0,0,0,5,20,3,9,13,4,6,69,0,0,0,0,0,0,0,0,0,0,0,0,0,0,0,0,0,0,0,0,0,0,0,0,5,20,3,9,13,4,6,69,10,12,5,8,4,0,0,41,0,0,0,0,0,0,0,0,15,28,8,12,16,8,6,105,6,16,10,3,11,7,3,50
SAL80064,0,18,6,3,0,0,0,28,0,4,0,3,0,0,0,7,0,0,0,0,0,0,0,3,0,0,0,0,0,0,0,0,0,18,8,9,0,0,0,39,0,0,0,0,0,0,0,0,0,0,0,0,0,0,0,0,0,0,0,0,0,0,0,0,0,18,8,9,0,3,0,35,0,5,0,0,0,0,0,8,0,0,0,0,0,0,0,0,0,19,7,9,6,8,0,46,18,24,22,14,25,14,5,127,19,30,12,13,15,0,5,89,0,0,0,0,0,0,0,5,0,0,0,0,0,0,0,3,42,47,40,30,42,16,10,223,0,0,0,0,0,0,0,8,0,0,0,0,0,0,0,0,5,4,0,0,0,0,0,9,42,55,38,30,39,16,10,235,26,25,13,11,3,4,0,78,0,0,0,0,0,0,0,0,73,80,54,37,47,18,9,312,18,37,26,20,25,12,5,151
SAL80065,0,6,0,0,0,0,0,11,0,0,0,0,0,0,0,4,0,0,0,0,0,0,0,0,0,0,0,0,0,0,0,0,0,8,3,0,0,0,0,19,0,0,0,0,0,0,0,0,0,0,0,0,0,0,0,0,0,0,0,0,0,0,0,0,0,4,3,0,0,0,0,19,0,0,0,0,0,0,0,0,0,0,0,0,0,0,0,0,0,4,3,0,0,0,0,18,8,13,5,3,4,3,3,33,0,8,4,0,3,3,0,23,0,0,0,0,0,0,0,4,0,0,0,0,0,0,0,0,8,21,7,7,10,3,3,60,0,0,0,0,0,0,0,4,0,0,0,0,0,0,0,5,0,3,0,0,0,0,0,5,8,24,7,7,10,3,3,66,10,11,3,3,5,0,0,33,3,0,0,0,0,0,0,3,21,34,18,12,15,3,3,104,8,12,5,7,4,3,3,43
SAL80066,0,8,3,0,4,0,0,17,0,0,0,0,0,0,0,0,0,0,0,0,4,0,0,4,0,0,0,0,0,0,0,0,0,8,3,0,9,3,0,25,0,0,0,0,0,0,0,0,0,0,0,0,0,0,0,0,0,0,0,0,0,0,0,0,0,8,3,0,9,3,0,25,0,0,0,0,3,0,0,5,0,0,0,0,0,0,0,0,5,8,3,0,10,3,0,28,12,12,12,8,17,10,0,74,8,15,3,0,0,0,0,30,0,0,3,0,0,0,0,10,0,0,0,0,0,0,0,0,24,29,13,9,16,9,3,107,0,0,0,0,0,0,0,0,0,0,0,0,5,3,0,3,0,0,0,0,5,3,0,3,26,29,17,9,18,10,3,111,11,9,3,0,4,0,0,28,0,0,0,0,0,0,0,0,38,34,23,12,20,11,3,138,18,19,14,13,22,10,0,94
SAL80067,9,8,4,0,6,4,0,28,0,0,0,0,0,0,0,4,0,0,0,0,0,0,0,0,0,0,0,0,0,0,0,0,9,10,4,0,6,3,0,37,0,0,0,0,0,0,0,0,0,0,0,0,0,0,0,0,0,0,0,0,0,0,0,0,9,10,4,0,6,3,0,37,0,0,0,0,0,0,0,4,0,0,0,0,0,0,0,0,9,10,4,0,6,6,0,32,0,10,9,9,20,8,3,58,0,7,0,0,6,4,0,18,0,0,0,0,0,0,0,0,0,0,0,0,0,0,0,0,8,16,10,7,17,8,8,73,0,0,0,0,0,0,0,0,0,0,0,0,0,0,0,0,0,0,0,0,0,0,0,0,8,16,10,7,23,8,8,80,7,4,0,0,0,4,0,23,0,0,0,0,0,0,0,0,14,17,13,15,21,12,9,103,9,21,12,10,19,7,3,88
SAL80068,5,10,9,8,3,4,0,32,0,0,0,0,0,0,0,6,0,0,0,0,0,0,0,0,0,0,0,0,0,0,0,0,13,7,6,8,9,0,0,36,0,0,0,0,0,0,0,0,0,0,0,0,0,0,0,0,0,0,0,0,0,0,0,0,13,7,6,8,9,0,0,36,0,0,4,0,4,0,0,13,0,0,0,0,0,0,0,0,13,10,12,8,11,0,0,49,16,22,16,15,19,12,5,95,13,8,7,4,11,0,0,47,4,0,0,0,0,0,0,4,0,0,0,0,0,0,0,0,29,27,22,18,30,11,5,151,0,0,0,0,0,0,0,6,0,0,0,0,0,0,0,8,0,3,0,0,4,0,0,9,28,32,24,18,31,11,5,155,13,7,0,3,5,3,0,37,0,0,0,0,0,0,0,0,47,42,30,21,39,18,9,198,21,28,24,19,22,13,6,127
SAL80069,0,0,0,0,7,0,0,9,0,0,0,0,0,0,0,5,0,0,0,0,0,0,0,3,0,0,0,0,0,0,0,0,0,0,5,0,7,0,0,14,0,0,0,0,0,0,0,0,0,0,0,0,0,0,0,0,0,0,0,0,0,0,0,0,0,0,5,0,7,0,0,14,0,0,0,0,0,6,0,0,0,0,0,0,0,0,0,0,0,0,5,0,7,6,0,18,0,0,3,5,13,3,3,35,5,5,3,3,0,0,0,26,0,0,0,0,0,0,0,3,0,0,0,0,0,0,0,0,4,9,7,12,16,6,3,55,0,0,0,0,0,0,0,0,0,0,0,0,0,0,0,4,0,0,0,0,0,0,0,6,4,9,12,12,16,6,3,63,0,3,0,0,3,0,0,8,0,0,0,0,0,0,0,0,7,9,16,12,19,6,3,67,0,5,9,10,20,3,3,46
SAL80070,0,0,0,0,0,0,0,0,0,0,0,0,0,0,0,0,0,0,0,0,0,0,0,0,0,0,0,0,0,0,0,0,0,0,0,0,0,0,0,0,0,0,0,0,0,0,0,0,0,0,0,0,0,0,0,0,0,0,0,0,0,0,0,0,0,0,0,0,0,0,0,0,0,0,0,0,0,0,0,0,0,0,0,0,0,0,0,0,0,0,0,0,0,0,0,0,0,0,0,0,3,0,0,3,0,0,0,0,0,0,0,0,0,0,0,0,0,0,0,0,0,0,0,0,0,0,0,0,0,0,0,0,3,0,0,3,0,0,0,0,0,0,0,0,0,0,0,0,0,0,0,0,0,0,0,0,0,0,0,0,0,0,0,0,3,0,0,3,0,0,0,0,0,0,0,0,0,0,0,0,0,0,0,0,0,0,0,0,3,0,0,3,0,0,0,0,3,0,0,3
SAL80071,0,9,6,4,4,4,0,40,0,0,5,0,6,0,0,6,0,0,0,0,0,0,0,0,0,0,0,0,0,0,0,0,3,15,9,9,14,7,0,49,0,0,0,0,0,0,0,0,0,0,0,0,0,0,0,0,0,0,0,0,0,0,0,0,3,15,9,9,14,7,0,49,0,0,0,0,0,0,0,3,0,3,0,0,0,0,0,3,3,14,9,6,13,7,3,57,16,30,27,18,16,12,0,115,11,14,8,6,8,5,0,57,0,0,5,0,0,0,0,9,0,0,0,0,0,0,0,5,25,48,39,28,27,20,5,181,0,0,0,0,0,0,0,4,0,0,0,0,0,0,0,3,0,0,4,4,0,0,0,6,25,48,44,31,23,20,5,191,3,11,0,0,0,3,0,27,0,0,0,0,0,0,0,0,29,59,41,31,32,18,5,224,14,43,32,25,21,17,5,151
SAL80072,0,9,3,0,7,0,0,23,0,0,0,0,0,0,0,7,0,0,0,0,0,0,0,6,0,0,0,0,0,0,0,0,4,8,7,5,4,0,0,31,0,0,0,0,0,0,0,0,0,0,0,0,0,0,0,0,0,0,0,0,0,0,0,0,4,10,7,5,4,0,0,34,0,0,0,0,0,0,0,4,0,0,0,0,0,0,0,0,4,10,7,5,4,0,0,34,4,4,8,9,6,4,4,34,10,3,3,0,0,7,0,19,0,0,3,0,0,0,0,3,0,0,0,0,0,0,0,0,14,6,11,10,10,4,4,65,0,0,0,0,0,0,0,0,0,0,0,0,0,0,0,0,0,0,0,0,0,0,0,0,14,6,15,10,10,4,4,64,4,3,0,0,0,0,0,9,0,0,0,0,0,0,0,0,11,7,18,12,11,4,7,71,9,11,13,13,11,4,4,58
SAL80073,0,6,0,5,4,6,0,13,0,0,0,3,0,0,0,3,0,0,0,0,0,0,0,0,0,0,0,0,0,0,0,0,0,3,4,4,4,6,0,23,0,0,0,0,0,0,0,0,0,0,0,0,0,0,0,0,0,0,0,0,0,0,0,0,0,3,4,4,4,6,0,23,0,0,0,0,0,0,0,4,0,0,0,0,0,0,0,0,0,3,5,4,3,6,0,24,3,9,7,6,6,0,0,36,0,3,3,0,6,0,0,21,6,0,0,0,5,0,0,10,0,0,0,0,0,0,0,0,3,14,12,9,13,4,0,60,0,0,0,0,7,0,0,6,0,0,0,5,3,0,0,8,0,0,0,3,10,0,0,13,3,14,12,13,22,7,0,73,12,10,3,0,5,3,3,36,0,0,0,0,0,0,0,0,24,22,14,15,26,5,3,109,3,16,5,6,11,3,0,47
SAL80074,7,0,0,0,0,0,0,8,0,0,0,3,3,0,0,7,0,0,0,0,0,0,0,0,0,0,0,0,0,0,0,0,7,0,0,3,10,0,0,13,0,0,0,0,0,0,0,0,0,0,0,0,0,0,0,0,0,0,0,0,0,0,0,0,7,0,0,3,10,0,0,13,0,0,0,0,0,0,0,0,0,0,0,0,0,0,0,0,7,0,0,3,10,0,0,15,0,7,10,11,9,0,0,40,9,3,3,0,0,0,0,23,0,0,0,0,0,0,0,0,5,0,0,0,0,0,0,5,14,12,10,13,10,4,0,70,0,0,0,0,0,0,0,0,0,0,0,0,0,0,0,0,0,0,0,0,0,0,0,0,14,12,10,14,12,4,0,75,6,3,4,3,0,0,0,13,0,0,0,0,0,0,0,0,14,15,14,19,12,4,0,87,7,7,10,11,8,9,0,54
SAL80075,0,0,3,0,8,0,0,20,0,0,0,0,0,0,0,0,0,0,0,0,0,0,0,0,0,0,0,0,0,0,0,0,3,0,3,0,8,0,0,21,0,0,0,0,0,0,0,0,0,0,0,0,0,0,0,0,0,0,0,0,0,0,0,0,3,3,3,0,8,0,0,21,0,0,0,0,0,0,0,3,0,0,0,0,0,0,0,0,3,3,3,4,6,0,0,25,13,12,20,19,12,6,0,76,9,12,19,3,6,0,0,58,0,0,0,0,0,0,0,3,0,0,0,0,0,0,0,0,31,25,37,23,19,8,6,141,0,0,0,0,0,0,0,0,7,5,4,0,0,0,0,15,7,5,4,0,0,0,0,15,34,28,36,21,24,4,6,150,21,14,16,8,8,4,4,70,0,0,0,0,0,0,0,5,57,47,54,29,33,12,5,228,11,16,20,20,14,4,5,89
SAL80076,0,7,4,0,4,0,0,17,0,0,0,0,0,0,0,0,0,3,0,0,0,0,0,3,0,0,0,0,0,0,0,0,0,9,4,0,4,0,0,12,0,0,0,0,0,0,0,0,0,0,0,0,0,0,0,0,0,0,0,0,0,0,0,0,0,9,4,0,4,0,0,12,0,0,0,0,0,0,0,0,0,0,0,0,0,0,0,0,0,9,7,0,4,0,0,17,4,7,3,10,13,6,0,33,0,3,0,0,5,0,0,8,0,0,0,0,0,0,0,0,0,0,0,0,0,0,0,5,6,9,10,8,10,3,4,47,0,0,0,0,0,0,0,0,0,0,0,0,0,0,0,0,0,0,0,0,0,0,0,0,6,9,7,8,10,3,4,46,4,9,5,0,3,0,0,12,0,0,0,0,0,0,0,0,4,12,10,8,15,3,0,60,4,8,14,6,14,6,0,46
SAL80077,0,0,0,0,0,0,0,0,0,0,0,0,0,0,0,0,0,0,0,0,0,0,0,0,0,0,0,0,0,0,0,0,0,0,0,0,0,0,0,0,0,0,0,0,0,0,0,0,0,0,0,0,0,0,0,0,0,0,0,0,0,0,0,0,0,0,0,0,0,0,0,0,0,0,0,0,0,0,0,0,0,0,0,0,0,0,0,0,0,0,0,0,0,0,0,0,0,0,0,0,0,0,0,0,0,0,0,0,0,0,0,0,0,0,0,0,0,0,0,0,0,0,0,0,0,0,0,0,0,0,0,0,0,0,0,0,0,0,0,0,0,0,0,0,0,0,0,0,0,0,0,0,0,0,0,0,0,0,0,0,0,0,0,0,0,0,0,0,0,0,0,0,0,0,0,0,0,0,0,0,0,0,0,0,0,0,0,0,0,0,0,0,0,0,0,0,0,0,0,0
SAL80078,0,0,0,3,0,0,0,3,0,0,0,0,0,0,0,0,0,0,0,0,0,0,0,0,0,0,0,0,0,0,0,0,0,0,0,3,0,0,0,3,0,0,0,0,0,0,0,0,0,0,0,0,0,0,0,0,0,0,0,0,0,0,0,0,0,0,0,3,0,0,0,3,0,0,0,0,0,0,0,0,0,0,0,0,0,0,0,0,0,0,0,3,0,0,0,5,5,10,0,0,3,4,0,30,0,3,3,0,4,0,0,11,0,4,0,0,0,0,0,4,0,0,0,0,0,0,0,5,0,21,6,0,7,9,4,41,0,0,0,0,0,0,0,0,0,0,0,0,0,0,0,0,0,0,4,0,0,0,0,5,0,21,3,0,7,9,4,42,3,0,0,0,0,0,0,7,0,0,0,0,0,0,0,0,9,25,6,0,7,9,4,50,4,10,0,3,6,4,0,36
SAL80079,0,11,4,0,0,0,3,23,0,0,0,0,0,0,0,4,0,0,0,0,0,0,0,0,3,0,0,0,0,0,0,3,6,11,4,0,6,0,3,21,0,0,0,0,0,0,0,0,0,0,0,0,0,0,0,0,0,0,0,0,0,0,0,4,6,7,3,0,6,0,3,29,0,3,0,0,0,0,0,7,0,0,0,0,0,0,0,0,6,9,4,0,6,4,3,35,4,23,23,13,16,8,0,93,13,19,9,0,15,0,0,47,0,0,0,0,0,0,0,0,0,0,0,0,0,0,0,0,17,45,31,17,29,8,3,141,0,0,0,0,0,0,0,0,0,0,0,0,0,0,0,0,0,0,0,0,0,0,0,6,18,45,32,17,29,8,3,147,12,16,8,3,7,0,0,55,0,0,0,0,0,0,0,0,33,67,38,16,34,8,6,202,8,35,30,13,19,10,6,110
SAL80080,0,0,0,0,0,0,0,0,0,0,0,0,0,0,0,0,0,0,0,0,0,0,0,0,0,0,0,0,0,0,0,0,0,0,0,0,0,0,0,0,0,0,0,0,0,0,0,0,0,0,0,0,0,0,0,0,0,0,0,0,0,0,0,0,0,0,0,0,0,0,0,0,0,0,0,0,0,0,0,0,0,0,0,0,0,0,0,0,0,0,0,0,0,0,0,0,0,3,5,3,4,0,0,19,0,0,0,0,0,0,0,3,0,0,0,0,0,0,0,0,0,0,0,0,0,0,0,0,9,3,7,3,7,0,0,23,0,0,0,0,0,0,0,0,0,0,0,0,0,0,0,0,0,0,0,0,0,0,0,0,9,3,7,3,7,0,0,23,0,5,5,0,0,0,0,15,0,0,0,0,0,0,0,0,7,10,12,4,8,0,0,43,0,3,5,3,4,0,0,19
SAL80081,3,4,7,7,15,0,0,35,4,3,0,0,0,0,0,8,0,0,0,0,0,0,0,4,0,0,0,0,0,0,0,0,3,7,5,11,13,0,3,43,0,0,0,0,0,0,0,0,0,0,0,0,0,0,0,0,0,0,0,0,0,0,0,0,3,10,10,11,13,0,3,46,0,0,0,0,0,0,0,5,0,4,0,0,0,0,0,4,5,9,10,12,14,0,3,57,8,20,14,15,8,6,0,69,3,14,8,11,9,5,0,50,0,0,0,0,0,0,0,5,0,0,0,0,0,0,0,0,12,29,27,22,16,8,6,125,0,0,0,0,0,0,0,0,0,6,0,0,0,0,0,4,0,6,3,0,0,0,0,5,12,36,35,24,15,8,6,138,22,13,8,5,7,0,0,53,0,0,0,0,0,0,0,3,33,51,40,27,25,9,11,193,12,25,23,15,21,6,6,105
SAL80082,4,21,6,13,20,3,0,72,0,0,5,4,4,0,0,15,0,0,5,0,0,0,0,4,3,0,0,0,0,0,0,0,6,30,15,18,22,0,0,97,0,0,0,0,0,0,0,0,0,0,0,0,0,0,0,0,0,0,0,0,0,0,0,0,6,30,15,18,22,0,0,97,3,0,5,0,5,3,0,16,0,0,0,0,0,0,0,0,8,29,22,18,31,9,0,109,20,53,33,28,56,18,6,226,30,40,22,13,10,3,4,130,8,9,3,3,3,0,0,29,0,0,0,0,0,0,0,0,56,102,61,44,76,22,12,384,0,5,4,0,0,0,0,6,0,6,4,0,0,0,0,11,0,7,7,0,0,0,0,26,59,113,66,45,78,28,14,405,46,49,24,22,19,3,0,164,0,0,0,0,0,0,0,0,112,161,94,70,92,29,19,574,27,82,46,45,75,20,7,292
SAL80083,0,3,6,5,3,0,0,20,0,0,0,0,0,0,0,5,0,0,0,0,0,0,0,0,0,0,0,0,0,0,0,0,0,10,8,5,7,0,0,24,0,0,0,0,0,0,0,0,0,0,0,0,0,0,0,0,0,0,0,0,0,0,0,0,0,10,8,5,7,0,0,24,0,5,0,3,0,0,0,9,0,0,0,0,0,0,0,0,0,13,8,4,7,0,0,32,11,24,15,8,16,3,0,79,11,4,0,3,5,0,0,19,0,0,0,0,0,0,0,0,0,0,0,0,0,0,0,0,24,30,15,15,18,3,0,100,0,0,0,0,0,0,0,0,0,4,0,0,0,0,0,7,0,4,0,0,0,0,0,7,22,33,15,15,18,3,0,111,6,0,3,3,10,0,0,29,0,0,0,0,0,0,0,0,26,33,23,16,25,3,5,139,11,28,20,14,20,3,0,103
SAL80084,0,3,6,0,7,3,0,21,0,0,0,0,0,0,0,0,0,0,0,0,0,0,0,0,0,0,0,0,0,0,0,0,0,6,6,0,5,3,0,24,0,0,0,0,0,0,0,0,0,0,0,0,0,0,0,0,0,0,0,0,0,0,0,0,0,6,3,0,5,3,0,26,0,0,0,0,0,0,0,7,0,0,0,0,0,0,0,0,0,5,6,0,3,3,0,26,4,7,11,17,15,6,4,64,6,20,0,4,5,3,0,45,3,0,0,0,3,0,0,7,0,0,0,0,0,0,0,0,21,28,17,23,21,12,4,119,0,0,0,0,0,0,0,0,0,0,0,0,0,0,0,4,0,4,0,0,0,0,0,3,21,33,17,21,21,12,4,117,18,19,0,9,3,0,0,45,0,0,0,0,0,0,0,0,31,43,16,22,26,7,7,163,4,12,12,20,19,7,5,79
SAL80085,0,5,0,0,0,0,0,4,5,0,0,0,0,0,0,3,0,0,0,0,0,0,0,0,0,0,0,0,0,0,0,0,4,3,0,0,0,0,0,6,0,0,0,0,0,0,0,0,0,0,0,0,0,0,0,0,0,0,0,0,0,0,0,0,4,3,0,0,0,0,0,6,0,0,0,0,0,0,0,0,0,0,0,0,0,0,0,0,4,3,0,0,0,0,0,9,0,5,3,4,3,0,0,30,0,4,4,0,0,0,0,12,0,0,0,0,0,0,0,0,0,0,0,0,0,0,0,0,3,14,7,8,7,4,0,42,0,0,0,0,0,0,0,0,0,0,0,0,0,0,0,0,0,0,0,0,0,0,0,0,3,14,7,8,7,4,0,42,0,4,0,0,0,0,0,9,0,0,0,0,0,0,0,0,8,13,7,7,7,5,4,44,5,9,3,3,3,6,0,32
SAL80086,0,3,0,5,3,0,0,10,0,0,0,0,0,0,0,0,0,0,0,0,0,0,0,0,0,0,0,0,0,0,0,0,0,3,0,5,3,0,0,12,0,0,0,0,0,0,0,0,0,0,0,0,0,0,0,0,0,0,0,0,0,0,0,0,0,3,0,5,3,0,0,12,0,0,0,0,4,0,0,10,0,0,0,0,0,0,0,3,0,7,4,3,4,0,4,21,7,17,13,12,12,4,0,64,5,8,5,4,9,0,6,32,0,0,0,0,0,0,0,0,0,0,0,0,0,0,0,0,11,26,20,14,22,0,0,98,0,0,0,0,0,0,0,0,0,0,0,0,0,0,0,0,0,0,0,0,0,0,0,0,11,26,20,16,22,0,0,100,0,7,0,5,3,0,5,18,0,4,0,0,0,0,0,4,11,32,20,16,24,0,11,125,4,23,13,17,19,4,0,75
SAL80087,0,4,7,4,0,0,0,13,0,0,0,0,0,0,0,0,0,0,0,0,0,0,0,0,0,0,0,0,0,0,0,0,0,4,7,4,0,0,0,13,0,0,0,0,0,0,0,0,0,0,0,0,0,0,0,0,0,0,0,0,0,0,0,0,0,4,7,4,0,0,0,13,0,0,0,0,0,0,0,3,0,0,0,0,0,0,0,0,0,4,4,4,3,0,0,12,6,8,5,6,4,0,4,35,5,9,3,0,0,0,0,17,0,0,0,0,0,0,0,3,0,0,0,0,0,0,0,0,16,11,12,5,10,0,4,55,0,0,0,0,0,0,0,0,0,0,0,0,0,0,0,3,0,0,0,0,0,0,0,3,11,11,7,9,9,0,4,57,9,3,0,0,4,0,0,21,0,0,0,0,0,0,0,0,23,16,12,8,14,0,4,82,6,11,11,5,10,0,4,47
SAL80088,0,0,0,0,0,0,0,6,0,0,0,0,0,0,0,0,0,0,0,0,0,0,0,0,0,0,0,0,0,0,0,0,3,0,0,0,0,0,0,6,0,0,0,0,0,0,0,0,0,0,0,0,0,0,0,0,0,0,0,0,0,0,0,0,3,0,0,0,0,0,0,6,0,0,0,0,0,0,0,0,0,0,0,0,0,0,0,0,3,0,0,0,0,0,0,8,0,0,3,4,5,0,0,19,4,8,6,0,0,0,0,10,0,0,0,0,0,0,0,0,0,0,0,0,0,0,0,0,4,6,5,8,3,0,0,28,0,0,0,0,0,0,0,0,0,0,0,0,0,0,0,0,0,0,0,0,0,0,0,0,4,6,5,8,3,0,0,28,0,4,7,0,0,0,0,16,0,0,0,0,0,0,0,0,10,6,14,8,3,4,0,45,0,3,4,9,4,0,0,20
SAL80089,0,17,8,0,0,3,4,41,0,0,0,0,0,0,0,0,0,0,0,0,0,0,0,4,0,0,0,0,0,0,0,0,3,17,8,0,7,6,4,43,0,0,0,0,0,0,0,0,0,0,0,0,0,0,0,4,0,0,0,0,0,0,0,6,3,21,11,0,4,6,4,52,0,0,0,3,4,0,0,6,0,0,0,0,0,0,0,0,3,21,17,5,11,6,4,57,14,32,19,22,23,8,9,132,12,11,12,9,8,9,0,59,4,0,0,0,0,0,0,8,0,0,0,0,0,0,0,0,25,50,31,38,33,13,7,199,0,0,0,0,0,0,0,0,0,0,0,0,0,0,0,3,0,0,0,0,0,0,0,5,25,54,35,37,33,13,9,209,22,20,14,5,15,6,0,86,0,0,0,0,0,0,0,0,44,75,44,46,50,19,10,292,11,50,33,26,29,9,15,169
SAL80090,0,0,0,0,0,0,0,0,0,0,0,0,0,0,0,0,0,0,0,0,0,0,0,0,0,0,0,0,0,0,0,0,0,0,0,0,0,0,0,0,0,0,0,0,0,0,0,0,0,0,0,0,0,0,0,0,0,0,0,0,0,0,0,0,0,0,0,0,0,0,0,0,0,0,0,0,0,0,0,0,0,0,0,0,0,0,0,0,0,0,0,0,0,0,0,0,0,0,0,0,0,0,0,0,0,0,0,0,0,0,0,0,0,0,0,0,0,0,0,0,0,0,0,0,0,0,0,0,0,0,0,0,0,0,0,0,0,0,0,0,0,0,0,0,0,0,0,0,0,0,0,0,0,0,0,0,0,0,0,0,0,0,0,0,0,0,0,0,0,0,0,0,0,0,0,0,0,0,0,0,0,0,0,0,0,0,0,0,0,0,0,0,0,0,0,0,0,0,0,0
SAL80091,0,4,5,4,3,0,0,14,0,0,0,0,0,0,0,0,0,0,0,0,0,0,0,0,0,0,0,0,0,0,0,0,0,0,5,4,3,0,0,16,0,0,0,0,0,0,0,0,0,0,0,0,0,0,0,0,0,0,0,0,0,0,0,0,0,3,4,4,3,0,0,21,0,4,0,0,0,0,0,3,0,0,0,0,0,0,0,0,3,5,4,4,3,0,4,24,4,16,5,4,5,10,0,40,7,7,4,3,0,0,0,24,0,0,0,0,0,0,0,6,0,0,0,0,0,0,0,0,16,24,12,9,5,10,0,64,0,0,0,0,0,0,0,4,0,0,0,0,0,0,0,0,0,0,0,0,0,0,0,3,16,24,8,8,6,10,0,67,7,9,4,0,5,0,0,25,0,0,0,0,0,0,0,0,25,26,15,8,9,10,0,95,4,16,9,9,8,10,0,52
SAL80092,0,7,6,4,5,0,0,19,0,0,0,0,0,0,0,0,0,0,0,0,0,0,0,0,0,0,0,0,0,0,0,0,0,7,6,4,5,0,0,19,0,0,0,0,0,0,0,0,0,0,0,0,0,0,0,0,0,0,0,0,0,0,0,0,0,7,6,4,5,0,0,18,0,0,0,0,0,0,0,0,0,0,0,0,0,0,0,0,0,7,6,4,5,0,0,18,3,11,14,5,14,4,0,51,3,9,5,3,4,0,4,28,0,0,0,0,0,0,0,0,0,0,0,0,0,0,0,0,5,13,17,14,21,9,4,82,0,0,0,0,0,0,0,3,0,0,0,0,0,0,0,7,0,0,3,0,4,0,0,7,5,17,23,11,22,8,4,89,9,7,0,0,0,0,0,15,0,3,0,0,0,0,0,3,10,26,27,11,29,8,7,115,3,12,19,12,18,10,5,69
SAL80093,0,6,0,3,3,0,0,19,0,0,0,0,5,0,0,3,0,0,0,0,0,0,0,0,0,0,0,0,0,0,0,0,0,6,3,3,6,0,0,22,0,0,0,0,0,0,0,0,0,0,0,0,0,0,0,0,0,0,0,0,0,0,0,0,0,6,3,3,6,0,0,22,0,0,0,0,0,0,0,4,0,0,0,0,0,0,0,0,3,4,3,3,6,0,0,22,0,0,3,0,4,0,0,6,0,4,0,0,0,0,0,10,0,0,0,0,0,0,0,0,0,0,0,0,0,0,0,0,0,11,0,0,5,0,0,22,0,0,0,0,0,0,0,0,0,0,0,0,0,0,0,0,0,0,0,0,0,0,0,0,0,11,0,0,5,0,0,22,13,14,4,0,4,0,4,36,0,0,0,0,0,0,0,0,14,22,12,4,6,0,4,60,0,9,5,3,5,0,0,27
SAL80094,0,4,3,0,3,0,0,13,0,0,0,0,0,0,0,0,0,0,0,0,0,0,0,0,0,0,0,0,0,0,0,0,0,4,3,0,5,0,0,17,0,0,0,0,0,0,0,0,0,0,0,0,0,0,0,0,0,0,0,0,0,0,0,0,0,4,3,0,5,0,0,17,4,0,0,0,0,0,0,6,0,0,0,0,0,0,0,0,4,4,3,0,5,5,0,18,5,14,3,4,3,4,0,38,6,7,10,9,4,0,0,35,0,3,0,0,0,0,0,7,0,0,0,0,0,0,0,0,7,23,14,13,11,0,0,84,0,0,0,0,0,0,0,0,0,0,0,0,0,0,0,0,0,0,0,0,0,0,0,4,11,23,17,13,11,0,0,81,13,12,9,5,4,0,0,50,0,0,0,0,0,0,0,0,24,39,23,18,17,3,0,128,5,21,12,7,11,0,0,52
SAL80095,0,0,0,0,0,0,0,0,0,0,0,0,0,0,0,0,0,0,0,0,0,0,0,0,0,0,0,0,0,0,0,0,0,0,0,0,0,0,0,0,0,0,0,0,0,0,0,0,0,0,0,0,0,0,0,0,0,0,0,0,0,0,0,0,0,0,0,0,0,0,0,0,0,0,0,0,0,0,0,0,0,0,0,0,0,0,0,0,0,0,0,0,0,0,0,0,0,0,0,0,0,0,0,0,0,0,0,0,0,0,0,0,0,0,0,0,0,0,0,0,0,0,0,0,0,0,0,0,0,0,0,0,0,0,0,0,0,0,0,0,0,0,0,0,0,0,0,0,0,0,0,0,0,0,0,0,0,0,0,0,0,0,0,0,0,0,0,0,0,0,0,0,0,0,0,0,0,0,0,0,0,0,0,0,0,0,0,0,0,0,0,0,0,0,0,0,0,0,0,0
SAL80096,0,0,0,0,0,0,0,0,0,0,0,0,0,0,0,0,0,0,0,0,0,0,0,0,0,0,0,0,0,0,0,0,0,0,0,0,0,0,0,0,0,0,0,0,0,0,0,0,0,0,0,0,0,0,0,0,0,0,0,0,0,0,0,0,0,0,0,0,0,0,0,0,0,0,0,0,0,0,0,0,0,0,0,0,0,0,0,0,0,0,0,0,0,0,0,0,0,0,0,0,0,0,0,0,0,0,0,0,0,0,0,0,0,0,0,0,0,0,0,0,0,0,0,0,0,0,0,0,0,0,0,0,0,0,0,0,0,0,0,0,0,0,0,0,0,0,0,0,0,0,0,0,0,0,0,0,0,0,0,0,0,0,0,0,0,0,0,0,0,0,0,0,0,0,0,0,0,0,0,0,0,0,0,0,0,0,0,0,0,0,0,0,0,0,0,0,0,0,0,0
SAL80097,0,8,4,5,0,5,0,21,0,0,0,0,0,0,0,0,0,0,0,0,0,0,0,0,0,0,0,0,0,0,0,0,0,4,6,5,0,5,0,23,0,0,0,0,0,0,0,0,0,0,0,0,0,0,0,0,0,0,0,0,0,0,0,0,0,6,6,5,0,5,0,23,0,0,0,0,0,0,0,0,0,0,0,0,0,0,0,0,0,7,6,5,0,6,0,25,0,10,23,18,25,8,0,84,6,8,4,3,5,4,0,32,3,3,0,0,0,0,0,5,0,0,0,0,0,0,0,3,12,21,25,21,30,11,0,124,0,0,5,0,0,0,0,3,0,0,0,0,0,0,0,9,0,0,5,0,4,0,0,10,10,25,25,23,35,11,0,132,3,10,5,0,3,4,6,33,0,0,0,0,0,0,0,0,19,33,34,29,40,10,9,167,0,15,28,23,28,7,0,104
SAL80098,4,8,4,5,3,5,0,25,0,0,0,0,0,0,0,0,0,0,0,0,0,0,0,0,0,0,0,0,0,0,0,0,3,8,4,5,3,5,0,25,0,0,0,0,0,0,0,0,0,0,0,0,0,0,0,0,0,0,3,0,0,0,0,3,3,8,8,5,3,5,0,25,0,0,0,0,4,0,0,10,0,0,0,0,0,0,0,0,4,11,5,3,6,4,0,34,3,25,8,3,15,9,0,75,11,7,7,0,9,0,0,40,0,0,0,0,0,0,0,5,0,0,0,0,3,0,0,4,14,39,20,10,31,8,0,123,0,0,0,0,0,0,0,0,0,4,0,0,0,0,0,6,0,4,0,0,0,0,0,9,18,39,20,11,27,9,0,130,22,23,5,0,4,0,3,60,0,0,0,0,0,0,0,0,43,62,31,11,35,7,5,192,6,37,17,9,20,7,0,98
SAL80099,0,7,10,9,9,5,0,32,0,0,3,0,0,0,0,8,5,0,0,0,0,0,0,5,0,0,0,0,0,0,0,0,3,12,11,5,11,3,0,43,0,0,0,0,0,0,0,3,0,0,0,0,0,0,0,0,0,0,0,0,0,0,0,3,3,14,11,6,11,3,0,49,0,0,0,0,0,0,0,3,0,0,0,0,0,0,0,0,4,14,12,6,8,9,4,53,4,17,19,9,21,13,6,94,12,13,8,5,6,3,0,48,10,3,0,0,0,0,0,10,0,0,0,0,0,0,0,0,18,36,28,19,26,15,4,153,0,5,0,0,0,0,0,12,3,5,0,0,0,0,0,6,4,3,3,0,0,0,0,20,20,39,32,20,31,18,8,164,10,8,8,4,4,5,3,42,0,0,0,0,0,0,0,0,39,48,39,21,35,23,12,212,7,31,25,14,31,18,6,128
SAL80100,6,15,7,3,13,3,0,43,0,0,0,0,0,0,0,8,0,0,0,0,0,0,0,0,0,0,0,0,0,0,0,0,3,15,7,3,16,4,0,52,0,0,0,0,0,0,0,0,0,0,0,0,0,0,0,0,0,0,0,0,0,0,0,0,3,15,7,0,16,4,0,56,3,0,0,4,0,0,0,11,3,0,0,0,0,0,0,3,15,18,13,7,15,4,0,64,25,40,33,20,27,7,3,149,23,30,23,14,18,6,0,123,0,0,0,0,0,0,0,11,0,0,0,0,0,0,0,5,50,81,53,38,50,11,11,291,0,0,0,0,0,0,0,5,0,0,0,0,0,0,0,11,0,6,0,0,6,0,0,13,54,84,56,34,48,13,11,299,20,30,12,3,12,3,0,87,0,0,3,0,4,0,0,7,69,115,68,39,68,18,7,392,30,55,42,22,37,7,3,198
SAL80101,0,8,4,7,5,6,0,26,0,0,0,0,0,0,0,0,0,0,0,0,0,0,0,6,0,0,0,0,0,0,0,0,3,7,4,7,5,7,0,30,0,0,0,0,0,0,0,0,0,0,0,0,0,0,0,0,0,0,0,0,0,0,0,0,3,7,4,7,5,7,0,30,0,0,0,0,0,0,0,0,0,0,0,0,0,0,0,0,3,7,7,7,5,4,0,32,3,21,18,6,14,7,0,74,4,4,6,3,0,0,0,25,0,0,0,0,0,0,0,0,0,0,0,0,0,0,0,0,11,23,17,8,20,8,0,101,0,0,0,0,0,0,0,5,0,0,0,0,0,0,0,8,4,9,0,0,0,3,0,13,15,30,26,11,24,11,0,111,8,16,5,0,8,0,0,43,0,0,0,0,0,0,0,0,22,44,29,17,26,11,7,150,7,22,15,9,26,13,5,99
SAL80102,4,0,3,4,3,5,3,21,0,0,0,4,0,0,0,5,0,0,0,0,0,0,0,0,0,0,0,0,0,0,0,0,4,0,4,3,6,5,3,24,0,0,4,0,0,0,0,8,0,0,0,0,0,0,0,0,0,0,4,0,0,0,0,8,4,4,3,3,6,5,3,31,0,5,0,0,3,0,0,5,0,0,0,0,0,0,0,0,4,3,10,3,5,5,3,39,4,11,11,11,12,3,3,56,3,11,11,11,10,0,0,43,0,0,0,0,0,0,0,0,0,0,0,0,0,0,0,3,9,20,21,17,22,0,5,97,0,0,0,0,0,0,0,0,0,0,0,0,0,0,0,4,0,0,0,3,0,0,0,9,9,22,23,21,22,0,5,104,21,7,5,3,6,3,0,46,0,0,0,0,0,0,0,0,31,25,26,24,29,3,3,149,8,10,14,17,18,4,4,73
SAL80103,0,0,5,0,0,0,0,5,0,0,0,0,0,0,0,0,0,0,0,0,0,0,0,0,0,0,0,0,0,0,0,0,0,0,5,0,0,0,0,5,0,0,0,0,0,0,0,0,0,0,0,0,0,0,0,0,0,0,0,0,0,0,0,0,0,0,5,0,0,0,0,5,0,0,0,0,0,0,0,0,0,0,0,0,0,0,0,0,0,0,5,0,0,0,0,5,0,0,0,0,5,0,0,3,0,3,0,0,0,0,0,5,0,0,0,0,0,0,0,0,0,0,0,0,0,0,0,0,0,3,0,0,5,0,0,7,0,0,0,0,0,0,0,0,0,0,0,0,0,0,0,0,0,0,0,0,0,0,0,0,0,3,0,0,5,0,0,7,0,0,5,0,0,0,0,9,0,0,0,0,0,0,0,0,0,3,5,0,5,0,4,16,0,0,5,0,5,0,0,6
SAL80104,0,0,0,0,0,0,0,0,0,0,0,0,0,0,0,0,0,0,0,0,0,0,0,0,0,0,0,0,0,0,0,0,0,0,0,0,0,0,0,0,0,0,0,0,0,0,0,0,0,0,0,0,0,0,0,0,0,0,0,0,0,0,0,0,0,0,0,0,0,0,0,0,0,0,0,0,0,0,0,0,0,0,0,0,0,0,0,0,0,0,0,0,0,0,0,0,0,3,0,0,0,0,0,8,0,0,0,0,0,0,0,0,0,0,0,0,0,0,0,0,0,0,0,0,0,0,0,0,0,0,0,0,0,0,0,8,0,0,0,0,0,0,0,0,0,0,0,0,0,0,0,0,0,0,0,0,0,0,0,0,0,0,0,0,0,0,0,11,0,0,0,0,0,0,0,3,0,0,0,0,0,0,0,0,0,0,3,3,0,0,0,10,0,3,6,0,0,0,0,7
SAL80105,0,0,0,3,3,0,0,7,0,0,0,0,0,0,0,3,0,0,0,0,0,0,0,4,0,0,0,0,0,0,0,0,0,0,6,3,4,0,0,14,0,0,0,0,0,0,0,0,0,0,0,0,0,0,0,0,0,0,0,0,0,0,0,0,0,0,6,3,4,0,0,14,0,0,0,0,0,0,0,0,0,0,0,0,0,0,0,0,0,0,6,3,6,0,0,12,0,7,4,3,13,0,0,32,4,3,0,3,0,0,0,11,0,0,0,0,3,0,0,4,0,0,0,0,0,0,0,0,8,17,8,9,13,0,0,47,0,0,0,0,0,0,0,0,0,0,0,0,0,0,0,4,0,0,0,0,0,0,0,9,6,13,8,9,16,0,0,50,4,14,4,5,3,0,0,30,0,0,0,0,0,0,0,0,12,27,16,6,13,0,0,78,3,9,8,8,14,0,0,39
SAL80106,0,5,0,7,6,4,0,14,0,0,0,0,0,0,0,3,0,0,0,0,0,0,0,0,0,0,0,0,0,0,0,0,0,3,0,6,6,4,5,17,0,0,0,0,0,0,0,0,0,0,0,0,0,0,0,0,0,0,0,0,0,0,0,0,0,3,0,6,6,4,5,17,0,0,0,0,0,0,0,0,0,0,0,0,0,0,0,0,0,9,0,3,4,4,5,21,0,10,0,3,10,0,0,22,7,10,5,6,3,5,0,30,0,0,0,0,0,0,0,0,0,0,0,0,0,0,0,0,7,18,6,10,13,5,0,63,0,0,0,0,0,0,0,0,0,0,0,0,0,0,0,7,0,0,0,0,0,0,0,7,7,22,12,10,13,5,0,70,3,6,0,0,0,0,0,17,0,0,0,0,0,0,0,0,12,24,12,11,14,5,0,83,0,5,0,3,15,4,3,34
SAL80107,4,14,8,4,6,0,0,37,0,0,0,0,0,0,0,3,0,0,0,0,0,0,0,0,0,0,0,0,0,0,0,0,7,14,9,6,6,0,0,38,0,0,0,0,0,0,0,0,0,0,0,0,0,0,0,0,0,0,0,0,0,0,0,0,7,14,9,6,6,0,0,40,0,0,0,0,3,0,0,6,0,0,0,0,0,0,0,0,7,14,9,10,10,0,0,48,7,25,14,14,12,6,5,84,9,19,9,6,0,0,0,46,0,5,8,0,0,0,0,13,0,0,0,0,0,0,0,0,17,53,23,21,15,4,5,145,0,0,0,0,0,0,0,4,0,5,0,0,0,0,0,3,0,5,3,0,0,0,0,4,19,53,35,21,15,4,5,149,10,10,4,3,0,6,8,49,0,0,0,0,0,0,0,0,30,70,41,24,21,11,12,201,13,38,19,16,19,5,5,120
SAL80108,0,0,0,0,0,0,0,0,0,0,0,0,0,0,0,0,0,0,0,0,0,0,0,0,0,0,0,0,0,0,0,0,0,0,0,0,0,0,0,0,0,0,0,0,0,0,0,0,0,0,0,0,0,0,0,0,0,0,0,0,0,0,0,0,0,0,0,0,0,0,0,0,0,0,0,0,0,0,0,0,0,0,0,0,0,0,0,0,0,0,0,0,0,0,0,0,0,0,0,0,0,0,0,0,0,0,0,0,0,0,0,0,0,0,0,0,0,0,0,0,0,0,0,0,0,0,0,0,0,0,0,0,0,0,0,0,0,0,0,0,0,0,0,0,0,0,0,0,0,0,0,0,0,0,0,0,0,0,0,0,0,0,0,0,0,0,0,0,0,0,0,0,0,0,0,0,0,0,0,0,0,0,0,0,0,0,0,0,0,0,0,0,0,0,0,0,0,0,0,0
SAL80109,0,5,0,0,6,0,0,14,0,0,0,0,0,0,0,0,0,0,0,0,0,0,0,0,0,0,0,0,0,0,0,0,0,5,0,0,6,0,0,15,0,0,0,0,0,0,0,0,0,0,0,0,0,0,0,0,0,0,0,0,0,0,0,0,0,5,0,0,6,0,0,15,0,0,0,0,0,0,0,3,0,0,0,0,0,0,0,0,0,0,4,0,6,0,0,22,0,10,9,4,9,0,0,35,0,4,0,8,6,0,0,13,0,0,0,0,0,0,0,0,0,0,0,0,0,0,0,0,0,14,12,5,13,0,3,55,0,0,0,0,0,0,0,3,0,0,0,0,0,0,0,0,0,0,0,0,0,0,0,3,0,14,12,5,13,4,8,59,0,0,3,4,3,0,0,17,0,0,0,0,0,0,0,0,4,17,16,10,22,4,9,76,0,17,8,5,13,4,0,52
SAL80110,0,0,0,3,7,0,0,14,0,3,0,0,0,0,0,7,0,0,0,0,0,0,0,0,0,0,0,0,0,0,0,0,0,0,4,3,4,4,0,21,0,0,0,0,0,0,0,0,0,0,0,0,0,0,0,0,0,0,0,0,0,0,0,0,0,0,4,3,4,4,0,22,0,0,0,0,0,0,0,0,0,0,0,0,0,0,0,0,0,0,4,3,4,4,0,22,8,17,7,9,7,0,3,53,5,4,0,7,4,0,0,17,0,0,0,0,0,0,0,0,0,0,0,0,0,0,0,0,18,19,11,11,16,3,3,73,0,0,0,0,0,0,0,0,0,3,0,0,0,0,0,5,6,3,0,0,0,0,0,7,17,17,11,11,18,3,3,79,4,5,0,4,6,3,3,22,0,0,0,0,0,0,0,0,24,25,14,14,21,7,3,103,8,16,7,8,19,0,0,66
SAL80111,0,0,0,0,0,0,0,0,0,0,0,0,0,0,0,0,0,0,0,0,0,0,0,0,0,0,0,0,0,0,0,0,0,0,0,0,0,0,0,0,0,0,0,0,0,0,0,0,0,0,0,0,0,0,0,0,0,0,0,0,0,0,0,0,0,0,0,0,0,0,0,0,0,0,0,0,0,0,0,0,0,0,0,0,0,0,0,0,0,0,0,0,0,0,0,0,5,4,0,0,0,0,0,4,0,0,0,0,0,0,0,3,0,0,0,0,0,0,0,0,0,0,0,0,0,0,0,0,5,5,0,0,0,0,0,5,0,0,0,0,0,0,0,0,0,0,0,0,0,0,0,0,0,0,0,0,0,0,0,0,5,5,0,0,0,0,0,5,0,0,0,0,0,0,0,0,0,0,0,0,0,0,0,0,4,5,0,0,0,0,0,13,5,4,0,0,0,0,0,4
SAL80112,0,0,6,0,4,4,0,20,0,0,0,0,0,0,0,0,0,0,0,0,0,0,0,0,0,0,0,0,0,0,0,0,0,0,6,0,6,4,0,19,0,0,0,0,0,0,0,0,0,0,0,0,0,0,0,0,0,0,0,0,0,0,0,0,0,0,6,0,6,4,0,19,0,0,0,0,0,0,0,0,0,0,0,0,0,0,0,0,0,0,6,0,6,7,0,20,0,4,0,0,9,0,0,19,0,3,0,0,9,5,0,19,0,0,0,0,0,0,0,0,0,0,0,0,0,0,0,0,0,5,8,0,18,0,0,38,0,0,0,0,0,0,0,0,0,0,0,0,0,0,0,0,0,0,0,0,0,0,0,0,0,5,8,0,18,0,0,38,0,0,0,3,8,3,0,17,0,0,0,0,0,0,0,0,5,7,7,0,23,4,0,58,0,4,8,3,13,5,3,37
SAL80113,0,0,0,0,0,0,0,0,0,0,0,0,0,0,0,0,0,0,0,0,0,0,0,0,0,0,0,0,0,0,0,0,0,0,0,0,0,0,0,0,0,0,0,0,0,0,0,0,0,0,0,0,0,0,0,0,0,0,0,0,0,0,0,0,0,0,0,0,0,0,0,0,0,0,0,0,0,0,0,0,0,0,0,0,0,0,0,0,0,0,0,0,0,0,0,0,5,3,0,5,0,0,0,13,0,0,0,0,0,0,0,6,0,0,0,0,0,0,0,0,0,0,0,0,0,0,0,0,5,5,6,3,0,0,0,19,0,0,0,0,0,0,0,0,0,0,0,0,0,0,0,0,0,0,0,0,0,0,0,0,5,5,6,3,0,0,0,19,0,5,0,0,0,0,0,5,0,0,0,0,0,0,0,0,5,8,6,3,0,0,0,23,5,3,0,5,0,0,0,15
SAL80114,4,4,4,0,6,0,0,15,0,0,0,4,0,0,0,8,0,0,0,0,0,0,0,0,0,0,0,0,0,0,0,0,4,4,4,4,4,0,0,17,0,0,0,0,0,0,0,0,0,0,0,0,0,0,0,0,0,0,0,0,0,0,0,0,4,4,4,4,4,0,0,17,0,0,0,0,0,0,0,4,0,0,0,0,0,0,0,0,4,9,4,4,4,0,0,19,4,8,14,11,15,4,0,61,8,8,7,4,4,0,0,33,0,0,0,0,0,0,0,6,0,0,0,0,0,0,0,0,9,22,24,13,19,4,0,95,0,0,0,0,0,0,0,0,0,3,4,0,0,0,0,13,0,3,4,0,0,0,0,13,8,24,30,19,19,3,0,107,10,17,16,5,10,0,0,61,0,0,0,0,0,0,0,0,25,44,40,26,29,6,5,168,3,17,22,11,18,3,0,71
SAL80115,0,0,10,4,0,0,0,12,0,0,0,0,0,0,0,0,0,0,0,0,0,0,0,0,0,0,0,0,0,0,0,0,0,0,10,6,6,0,0,17,0,0,0,0,0,0,0,0,0,0,0,0,0,0,0,0,0,0,0,0,0,0,0,0,0,0,10,6,6,0,0,17,4,0,3,0,3,0,0,13,0,0,0,0,0,0,0,0,4,0,10,6,5,0,0,23,0,14,4,0,6,5,4,44,3,8,4,0,3,0,0,22,0,0,0,0,0,0,0,3,0,0,0,0,0,0,0,0,3,19,14,6,13,8,4,74,0,0,0,0,0,0,0,0,0,4,0,0,0,0,0,6,0,3,0,0,0,0,0,6,3,27,14,8,13,8,3,76,0,3,7,0,0,0,0,16,0,3,0,0,0,0,0,3,7,38,18,13,18,13,3,96,0,20,12,7,10,5,4,59
SAL80116,0,0,0,0,0,0,0,0,0,0,0,0,0,0,0,0,0,0,0,0,0,0,0,0,0,0,0,0,0,0,0,0,0,0,0,0,0,0,0,0,0,0,0,0,0,0,0,0,0,0,0,0,0,0,0,0,0,0,0,0,0,0,0,0,0,0,0,0,0,0,0,0,0,0,0,0,0,0,0,0,0,0,0,0,0,0,0,0,0,0,0,0,0,0,0,0,0,0,0,0,0,0,0,0,0,0,0,0,0,0,0,0,0,0,0,0,0,0,0,0,0,0,0,0,0,0,0,0,0,0,0,0,0,0,0,0,0,0,0,0,0,0,0,0,0,0,0,0,0,0,0,0,0,0,0,0,0,0,0,0,0,0,0,0,0,0,0,0,0,0,0,0,0,0,0,0,0,0,0,0,0,0,0,0,0,0,0,0,0,0,0,0,0,0,0,0,0,0,0,0
SAL80117,3,8,5,3,3,0,0,27,0,0,0,5,0,0,0,0,0,0,0,0,0,0,0,0,0,0,0,0,0,0,0,0,3,8,5,9,3,0,0,33,0,0,0,0,0,0,0,0,0,0,0,0,0,0,0,0,0,0,0,0,0,0,0,0,3,8,5,9,3,0,0,31,0,0,3,0,0,0,0,3,0,0,0,0,0,0,0,0,3,8,9,9,6,0,0,31,3,7,8,3,6,3,0,41,6,7,8,6,7,0,0,31,0,0,0,0,0,0,0,0,0,0,0,0,0,0,0,0,11,15,12,9,14,3,0,70,0,0,0,0,0,0,0,0,0,0,0,0,0,0,0,0,0,0,0,0,0,0,0,0,14,14,12,9,14,3,0,70,9,6,3,0,7,0,0,29,0,0,0,0,0,0,0,0,28,22,18,10,20,11,0,105,11,14,12,3,16,8,0,70
SAL80118,0,0,0,0,6,0,0,5,0,0,0,0,0,0,0,0,0,0,0,0,0,0,0,0,0,0,0,0,0,0,0,0,0,0,0,0,4,0,0,6,0,0,0,0,0,0,0,0,0,0,0,0,0,0,0,0,0,0,0,0,0,0,0,0,0,0,0,0,4,0,0,6,0,0,0,0,0,0,0,0,0,0,0,0,0,0,0,0,0,0,0,0,4,0,0,9,0,3,7,5,3,4,0,30,3,15,5,3,0,3,0,30,0,0,0,0,3,0,0,3,0,0,0,0,0,0,0,0,3,13,17,10,11,10,0,65,0,0,0,0,0,0,0,4,0,0,0,0,0,0,0,0,0,0,0,0,0,0,0,9,3,12,19,10,12,10,0,71,7,9,0,0,0,0,0,14,0,0,0,0,0,0,0,0,8,22,18,16,12,10,0,79,0,3,7,7,14,6,0,38
SAL80119,0,0,4,0,0,0,0,3,0,0,0,0,0,0,0,0,0,0,0,0,0,0,0,0,0,0,0,0,0,0,0,0,0,0,4,0,0,0,0,6,0,0,0,0,0,0,0,3,0,0,0,0,0,0,0,0,0,0,0,0,0,0,0,3,0,0,3,0,5,0,0,13,0,0,0,0,0,0,0,0,0,0,0,0,0,0,0,0,0,0,3,0,5,0,0,13,4,11,0,0,0,0,0,33,5,8,5,4,0,0,0,16,0,0,0,0,0,0,0,0,0,0,0,0,0,0,0,0,7,20,3,8,4,0,0,45,0,0,0,0,0,0,0,0,0,0,0,0,0,0,0,0,0,0,0,0,0,0,0,0,8,20,3,8,4,0,0,46,4,10,9,4,0,0,0,22,0,0,0,0,0,0,0,0,13,31,8,9,4,3,0,72,4,11,7,0,6,0,3,33
SAL80120,0,3,0,0,0,0,0,5,0,0,0,0,0,0,0,0,0,0,0,0,0,0,0,0,0,0,0,0,0,0,0,0,0,3,0,0,0,0,0,5,0,0,0,0,0,0,0,0,0,0,0,0,0,0,0,0,0,0,0,0,0,0,0,0,0,3,0,0,0,0,0,5,0,0,0,0,0,0,0,0,0,0,0,0,0,0,0,0,0,3,0,0,0,0,0,5,0,9,4,0,0,0,0,13,0,0,0,0,0,0,0,3,0,0,0,0,0,0,0,0,0,0,0,0,0,0,0,0,3,9,5,3,0,0,0,18,0,0,0,0,0,0,0,0,0,0,0,0,0,0,0,0,0,0,0,0,0,0,0,0,3,9,5,3,0,0,0,21,0,0,0,0,0,0,0,0,0,0,0,0,0,0,0,0,3,9,5,3,0,0,0,21,0,10,4,0,3,0,0,16
SAL80121,0,0,0,0,0,0,0,0,0,0,0,0,0,0,0,0,0,0,0,0,0,0,0,0,0,0,0,0,0,0,0,0,0,0,0,0,0,0,0,0,0,0,0,0,0,0,0,0,0,0,0,0,0,0,0,0,0,0,0,0,0,0,0,0,0,0,0,0,0,0,0,0,0,0,0,0,0,0,0,0,0,0,0,0,0,0,0,0,0,0,0,0,0,0,0,6,0,0,0,0,0,0,0,3,0,0,0,0,0,0,0,4,0,0,0,0,0,0,0,0,0,0,0,0,0,0,0,0,0,0,0,0,0,0,0,4,0,0,0,0,0,0,0,0,0,0,0,0,0,0,0,0,0,0,0,0,0,0,0,0,0,0,0,0,0,0,0,4,0,7,0,0,0,0,0,3,0,0,0,0,0,0,0,0,0,7,0,0,0,0,0,8,0,0,0,0,0,0,0,3
SAL80122,0,0,0,0,0,0,0,0,0,0,3,0,0,0,0,3,0,0,0,0,0,0,0,0,6,0,0,0,0,0,0,3,3,0,3,0,0,0,0,11,0,0,0,0,0,0,0,0,0,0,0,0,0,0,0,0,0,0,0,0,0,0,0,0,3,0,3,0,0,0,0,11,0,0,0,0,0,0,0,6,0,0,0,0,0,0,0,0,3,0,0,0,0,0,0,16,0,9,3,0,0,3,0,14,0,3,0,0,0,0,0,11,3,0,0,0,0,0,0,5,0,0,0,0,0,0,0,0,5,9,3,0,6,3,0,32,4,0,0,0,0,0,0,3,0,0,0,0,0,0,0,0,0,0,0,0,0,0,0,6,11,16,3,0,6,3,0,38,15,12,6,4,3,0,0,41,0,0,0,0,0,0,0,0,26,26,12,5,3,3,0,84,0,9,3,0,0,3,0,19
SAL80123,0,0,0,0,0,0,0,4,0,0,0,0,0,0,0,0,0,0,0,0,0,0,0,0,0,0,0,0,0,0,0,0,0,0,0,0,0,0,0,4,0,0,0,0,0,0,0,0,0,0,0,0,0,0,0,0,0,0,0,0,0,0,0,0,0,0,0,0,0,0,0,4,0,0,0,0,0,0,0,0,0,0,0,0,0,0,0,0,0,0,0,0,0,0,0,4,0,0,0,0,0,0,0,0,0,0,0,0,0,0,0,0,0,0,0,0,0,0,0,0,0,0,0,0,0,0,0,0,0,0,0,0,0,0,0,0,0,0,0,0,0,0,0,0,0,0,0,0,0,0,0,7,0,0,0,0,0,0,0,7,0,0,0,0,0,0,0,7,0,0,0,0,0,0,0,4,0,0,0,0,0,0,0,0,0,0,0,0,0,0,0,8,0,0,0,0,0,0,0,4
SAL80124,0,3,3,0,9,5,0,19,0,0,0,0,0,0,0,0,0,3,0,0,0,0,0,5,0,0,0,0,0,0,0,0,0,6,3,0,9,5,0,23,0,0,0,0,0,0,0,0,0,0,0,0,0,0,0,0,0,0,0,0,0,0,0,0,0,6,3,0,9,5,0,23,0,0,0,0,0,0,0,0,0,0,0,0,0,0,0,0,0,6,4,0,9,5,0,23,4,8,4,3,19,5,0,51,6,8,0,3,6,3,0,35,3,0,0,0,0,0,0,3,0,0,0,0,0,0,0,0,16,17,7,13,26,10,4,89,5,0,0,0,0,0,0,7,0,0,0,0,0,0,0,4,5,3,0,0,0,0,0,6,22,21,7,13,23,10,4,98,10,19,4,3,4,0,0,50,0,0,0,0,0,0,0,4,30,36,14,19,34,10,3,150,10,12,12,13,20,9,6,72
SAL80125,0,3,0,0,0,0,0,6,0,0,0,0,0,0,0,0,0,0,0,0,0,0,0,0,0,0,0,0,0,0,0,0,0,3,0,0,0,0,0,6,0,0,0,0,0,0,0,0,0,0,0,0,0,0,0,0,0,0,0,0,0,0,0,0,0,3,0,0,0,0,0,6,0,0,0,0,0,0,0,4,0,0,0,0,0,0,0,0,0,6,0,3,6,3,0,15,8,11,6,8,3,0,0,33,5,0,0,0,0,0,0,9,0,0,0,0,0,0,0,0,0,0,0,0,0,0,0,0,10,10,6,8,3,0,0,42,0,0,0,0,0,0,0,0,0,0,0,0,0,0,0,6,0,0,0,0,0,0,0,6,11,15,6,8,3,0,0,47,5,10,3,0,0,0,0,23,0,0,0,0,0,0,0,0,17,23,12,5,3,0,0,62,11,15,6,10,5,3,0,41
SAL80126,0,0,0,0,0,0,0,8,0,0,0,0,3,0,0,3,0,0,0,0,0,0,0,0,0,0,0,0,0,0,0,0,0,0,0,0,6,0,0,8,0,0,0,0,0,0,0,0,0,0,0,0,0,0,0,0,0,0,0,0,0,0,0,0,0,0,0,0,6,0,0,8,0,0,0,0,0,0,0,0,0,0,0,0,0,0,0,0,0,0,0,0,4,0,0,7,0,6,0,6,9,3,0,27,0,8,3,6,0,0,0,27,0,0,0,0,0,0,0,0,0,0,0,0,0,0,0,0,3,11,4,8,13,6,0,49,0,0,0,0,0,0,0,3,0,0,0,0,0,0,0,0,0,0,0,0,0,0,0,3,3,11,4,8,12,8,0,51,3,3,5,0,0,0,0,19,0,0,0,0,0,0,0,0,6,12,13,13,13,9,0,67,0,6,0,3,9,3,0,28
SAL80127,0,4,4,0,0,4,0,11,0,0,0,0,0,0,0,0,0,0,0,0,0,0,0,0,0,0,0,0,0,0,0,0,0,4,4,0,0,4,0,19,0,0,0,0,0,0,0,0,0,0,0,0,0,0,0,0,0,0,0,0,0,0,0,0,0,4,4,0,0,4,0,16,0,0,0,0,0,0,0,0,0,0,0,0,0,0,0,0,0,6,4,0,0,4,0,16,3,6,6,0,8,0,0,29,3,3,0,0,0,0,0,7,0,0,0,0,0,0,0,4,0,0,0,0,0,0,0,0,5,12,8,0,10,3,0,42,0,0,0,0,0,0,0,3,0,0,0,0,0,0,0,0,0,0,0,0,0,0,0,3,5,13,8,4,10,3,3,44,0,0,0,4,0,0,0,7,0,0,0,0,0,0,0,0,7,13,7,9,10,3,4,54,3,15,10,0,3,9,3,43
SAL80128,0,0,0,0,0,0,0,0,0,0,0,0,0,0,0,0,0,0,0,0,0,0,0,0,0,0,0,0,0,0,0,0,0,0,0,0,0,0,0,0,0,0,0,0,0,0,0,0,0,0,0,0,0,0,0,0,0,0,0,0,0,0,0,0,0,0,0,0,0,0,0,0,0,0,0,0,0,0,0,0,0,0,0,0,0,0,0,0,0,0,0,0,0,0,0,0,0,0,0,0,0,0,0,3,0,0,0,0,0,0,0,3,0,0,0,0,0,0,0,0,0,0,0,0,0,0,0,0,0,0,0,3,0,0,0,4,0,0,0,0,0,0,0,0,0,0,0,0,0,0,0,0,0,0,0,0,0,0,0,0,0,0,0,3,0,0,0,4,0,0,0,3,0,0,0,8,0,0,0,0,0,0,0,0,0,0,5,6,0,0,0,14,0,0,0,0,0,0,0,3
SAL80129,0,3,8,5,0,0,0,18,0,0,0,3,0,0,0,8,0,4,0,0,0,0,0,4,0,0,0,0,0,0,0,0,0,5,3,7,6,3,0,28,0,0,0,4,0,0,0,4,0,3,0,0,0,0,0,3,0,3,0,4,0,0,0,7,0,9,8,6,6,3,0,37,0,3,3,0,0,0,0,9,0,0,0,0,0,0,0,0,0,13,12,10,6,3,4,46,8,18,14,11,30,6,3,99,11,12,20,8,16,3,0,71,0,0,0,0,0,3,0,9,0,0,0,0,0,0,0,3,23,36,35,25,47,13,7,186,0,0,0,0,5,0,0,3,0,0,0,0,0,0,0,10,0,7,3,0,0,0,0,14,27,37,39,24,51,13,7,195,18,24,9,7,4,0,0,72,0,0,0,0,0,0,0,0,44,64,53,32,59,17,7,267,8,24,20,22,30,8,6,116
SAL80130,0,0,0,0,4,0,0,8,0,0,0,0,0,0,0,4,0,0,0,0,0,0,0,0,0,0,0,0,0,0,0,0,0,4,0,0,4,0,0,10,0,0,0,0,0,0,0,0,0,0,0,0,0,0,0,0,0,0,0,0,0,0,0,0,0,4,0,0,4,0,0,10,0,0,0,0,0,0,0,4,0,0,0,0,0,0,0,0,0,4,0,0,3,0,0,15,0,9,9,6,6,0,3,39,8,7,3,4,5,7,0,27,0,0,0,0,0,0,0,0,5,0,0,0,0,0,0,3,8,21,17,12,12,7,9,68,0,0,0,0,0,0,0,0,0,0,0,0,0,0,0,0,0,0,0,0,0,0,0,0,8,22,17,12,12,7,9,75,0,6,8,0,0,0,0,18,0,0,0,0,0,0,0,0,14,28,22,12,14,5,9,94,0,8,9,8,11,0,4,46
SAL80131,5,9,6,4,11,0,0,34,0,0,3,0,0,0,0,4,0,0,0,0,0,0,0,0,0,0,0,0,0,0,0,0,5,8,10,4,9,0,0,47,0,0,0,0,0,0,0,0,0,0,0,0,0,0,0,0,0,0,0,0,0,0,0,0,5,8,10,4,12,0,0,46,0,0,0,0,0,0,0,3,0,0,0,0,0,0,0,0,5,8,10,3,8,0,0,45,10,30,15,18,19,8,4,99,5,20,8,8,4,0,3,52,0,0,0,6,0,0,0,3,0,0,0,0,0,0,0,0,13,54,27,29,30,7,6,161,0,0,0,0,0,0,0,8,0,0,0,0,0,0,0,6,0,3,6,0,0,0,0,8,14,56,27,29,25,7,6,171,6,5,3,5,3,0,4,33,0,0,0,0,0,0,0,0,26,64,33,30,33,11,8,198,17,39,24,23,27,13,4,139
SAL80132,3,0,0,4,4,0,0,20,0,0,0,0,0,0,0,0,0,0,0,0,0,0,0,0,0,0,0,0,0,0,0,0,3,0,0,0,4,0,0,20,0,0,0,0,0,0,0,0,0,0,0,0,0,0,0,0,0,0,0,0,0,0,0,0,3,0,0,0,4,0,0,20,3,0,0,0,0,0,0,0,0,0,0,0,0,0,0,0,4,0,0,0,4,0,0,22,0,3,0,0,8,0,0,16,4,0,4,5,0,0,0,19,0,0,0,0,0,0,0,0,0,0,0,0,0,0,0,0,3,6,3,9,10,0,0,34,0,0,0,0,0,0,0,0,0,0,0,0,0,0,0,0,0,0,0,0,0,0,0,0,3,6,3,9,10,0,0,34,0,0,0,0,5,0,0,10,0,0,0,0,0,0,0,0,6,4,4,4,13,0,0,41,4,3,8,5,10,8,0,32
SAL80133,0,0,0,4,7,0,4,21,0,0,0,0,0,0,0,3,0,0,0,0,0,0,0,0,0,0,0,0,0,0,0,4,0,3,0,6,13,0,4,29,0,0,0,0,0,0,0,0,0,0,0,0,0,0,0,0,0,0,0,0,0,0,0,0,0,3,0,6,13,0,4,29,0,0,0,0,3,0,0,3,0,0,0,0,0,0,0,0,0,3,0,6,12,0,4,32,4,22,7,13,4,0,8,59,7,4,3,8,7,0,0,31,0,0,0,0,0,0,0,7,0,0,0,0,0,0,0,0,14,28,13,18,14,3,9,95,0,0,0,0,0,0,0,0,0,0,0,0,0,0,0,3,0,0,0,0,0,0,0,7,14,28,14,21,16,3,9,96,6,0,4,0,3,0,0,13,0,0,0,0,0,0,0,0,13,32,17,20,18,10,9,110,3,22,16,16,15,6,10,80
SAL80134,0,0,0,0,0,0,0,0,0,0,0,0,0,0,0,0,0,0,0,0,0,0,0,0,0,0,0,0,0,0,0,0,0,0,0,0,0,0,0,0,0,0,0,0,0,0,0,0,0,0,0,0,0,0,0,0,0,0,0,0,0,0,0,0,0,0,0,0,0,0,0,0,0,0,0,0,0,0,0,0,0,0,0,0,0,0,0,0,0,0,0,0,0,0,0,0,0,0,0,0,0,0,0,0,0,0,0,0,0,0,0,0,0,0,0,0,0,0,0,0,0,0,0,0,0,0,0,0,0,0,0,0,0,0,0,0,0,0,0,0,0,0,0,0,0,0,0,0,0,0,0,0,0,0,0,0,0,0,0,0,0,0,0,0,0,0,0,0,0,0,0,0,0,0,0,0,0,0,0,0,0,0,0,0,0,0,0,0,0,0,0,0,0,0,0,0,0,0,0,0
SAL80135,0,4,5,0,0,0,0,19,0,0,0,0,0,0,0,0,0,0,0,0,0,0,0,0,0,0,0,0,0,0,0,0,4,4,5,0,0,0,0,21,0,0,0,0,0,0,0,0,0,0,0,0,0,0,0,0,0,0,0,0,0,0,0,0,4,4,5,0,0,0,0,21,0,0,0,0,0,0,0,3,0,0,0,0,0,0,0,0,4,4,5,5,0,0,0,23,12,10,9,0,7,10,3,51,3,5,0,6,0,0,0,23,0,0,0,0,0,0,0,0,0,0,0,0,0,0,0,0,12,20,13,9,15,10,8,74,0,0,0,0,0,0,0,0,0,0,0,0,0,0,0,0,0,0,0,0,0,0,0,0,12,20,13,9,15,10,8,74,4,0,0,0,4,3,5,14,0,0,0,0,0,0,0,0,13,18,14,7,14,7,8,92,11,15,16,5,7,7,3,73
SAL80136,0,4,4,0,0,0,0,7,0,0,0,0,0,0,0,0,0,0,0,0,0,0,0,0,0,0,0,0,0,0,0,0,0,6,4,0,0,0,0,8,0,0,0,0,0,0,0,0,0,0,0,0,0,0,0,0,0,0,0,0,0,0,0,0,0,6,4,0,0,0,0,8,0,0,0,0,0,0,0,0,0,0,0,0,0,0,0,0,0,6,4,0,0,0,0,8,0,4,3,8,3,0,0,21,0,4,0,0,3,0,0,10,0,0,0,0,0,0,0,0,0,0,0,0,0,0,0,0,0,10,5,7,8,0,5,33,0,0,0,0,0,0,0,6,0,0,0,0,0,0,0,0,0,0,0,0,0,0,0,6,5,10,4,10,8,0,5,40,6,0,0,5,8,0,0,10,0,0,0,0,0,0,0,0,5,12,4,12,11,0,5,48,0,7,3,8,5,0,4,26
SAL89494,0,0,0,0,0,0,0,0,0,0,0,0,0,0,0,0,0,0,0,0,0,0,0,0,0,0,0,0,0,0,0,0,0,0,0,0,0,0,0,0,0,0,0,0,0,0,0,0,0,0,0,0,0,0,0,0,0,0,0,0,0,0,0,0,0,0,0,0,0,0,0,0,0,0,0,0,0,0,0,0,0,0,0,0,0,0,0,0,0,0,0,0,0,0,0,0,0,0,0,0,0,0,0,0,0,0,0,0,0,0,0,0,0,0,0,0,0,0,0,0,0,0,0,0,0,0,0,0,0,0,0,0,0,0,0,0,0,0,0,0,0,0,0,0,0,0,0,0,0,0,0,0,0,0,0,0,0,0,0,0,0,0,0,0,0,0,0,0,0,0,0,0,0,0,0,0,0,0,0,0,0,0,0,0,0,0,0,0,0,0,0,0,0,0,0,0,0,0,0,0
SAL89797,0,0,0,0,0,0,0,0,0,0,0,0,0,0,0,0,0,0,0,0,0,0,0,0,0,0,0,0,0,0,0,0,0,0,0,0,0,0,0,0,0,0,0,0,0,0,0,0,0,0,0,0,0,0,0,0,0,0,0,0,0,0,0,0,0,0,0,0,0,0,0,0,0,0,0,0,0,0,0,0,0,0,0,0,0,0,0,0,0,0,0,0,0,0,0,0,0,0,0,0,0,0,0,0,0,0,0,0,0,0,0,0,0,0,0,0,0,0,0,0,0,0,0,0,0,0,0,0,0,0,0,0,0,0,0,0,0,0,0,0,0,0,0,0,0,0,0,0,0,0,0,0,0,0,0,0,0,0,0,0,0,0,0,0,0,0,0,0,0,0,0,0,0,0,0,0,0,0,0,0,0,0,0,0,0,0,0,0,0,0,0,0,0,0,0,0,0,0,0,0
