SAL_CODE_2021,F_ID_NS_15_19,F_ID_NS_20_24,F_ID_NS_25_34,F_ID_NS_35_44,F_ID_NS_45_54,F_ID_NS_55_64,F_ID_NS_65_74,F_ID_NS_75_84,F_ID_NS_85ov,F_ID_NS_Tot,F_Tot_15_19,F_Tot_20_24,F_Tot_25_34,F_Tot_35_44,F_Tot_45_54,F_Tot_55_64,F_Tot_65_74,F_Tot_75_84,F_Tot_85ov,F_Tot_Tot,P_Ag_For_Fshg_15_19,P_Ag_For_Fshg_20_24,P_Ag_For_Fshg_25_34,P_Ag_For_Fshg_35_44,P_Ag_For_Fshg_45_54,P_Ag_For_Fshg_55_64,P_Ag_For_Fshg_65_74,P_Ag_For_Fshg_75_84,P_Ag_For_Fshg_85ov,P_Ag_For_Fshg_Tot,P_Mining_15_19,P_Mining_20_24,P_Mining_25_34,P_Mining_35_44,P_Mining_45_54,P_Mining_55_64,P_Mining_65_74,P_Mining_75_84,P_Mining_85ov,P_Mining_Tot,P_Manufact_15_19,P_Manufact_20_24,P_Manufact_25_34,P_Manufact_35_44,P_Manufact_45_54,P_Manufact_55_64,P_Manufact_65_74,P_Manufact_75_84,P_Manufact_85ov,P_Manufact_Tot,P_El_Gas_Wt_Waste_15_19,P_El_Gas_Wt_Waste_20_24,P_El_Gas_Wt_Waste_25_34,P_El_Gas_Wt_Waste_35_44,P_El_Gas_Wt_Waste_45_54,P_El_Gas_Wt_Waste_55_64,P_El_Gas_Wt_Waste_65_74,P_El_Gas_Wt_Waste_75_84,P_El_Gas_Wt_Waste_85ov,P_El_Gas_Wt_Waste_Tot,P_Constru_15_19,P_Constru_20_24,P_Constru_25_34,P_Constru_35_44,P_Constru_45_54,P_Constru_55_64,P_Constru_65_74,P_Constru_75_84,P_Constru_85ov,P_Constru_Tot,P_WhlesaleTde_15_19,P_WhlesaleTde_20_24,P_WhlesaleTde_25_34,P_WhlesaleTde_35_44,P_WhlesaleTde_45_54,P_WhlesaleTde_55_64,P_WhlesaleTde_65_74,P_WhlesaleTde_75_84,P_WhlesaleTde_85ov,P_WhlesaleTde_Tot,P_RetTde_15_19,P_RetTde_20_24,P_RetTde_25_34,P_RetTde_35_44,P_RetTde_45_54,P_RetTde_55_64,P_RetTde_65_74,P_RetTde_75_84,P_RetTde_85ov,P_RetTde_Tot,P_Accom_food_15_19,P_Accom_food_20_24,P_Accom_food_25_34,P_Accom_food_35_44,P_Accom_food_45_54,P_Accom_food_55_64,P_Accom_food_65_74,P_Accom_food_75_84,P_Accom_food_85ov,P_Accom_food_Tot,P_Trans_post_wrehsg_15_19,P_Trans_post_wrehsg_20_24,P_Trans_post_wrehsg_25_34,P_Trans_post_wrehsg_35_44,P_Trans_post_wrehsg_45_54,P_Trans_post_wrehsg_55_64,P_Trans_post_wrehsg_65_74,P_Trans_post_wrehsg_75_84,P_Trans_post_wrehsg_85ov,P_Trans_post_wrehsg_Tot,P_Info_media_teleco_15_19,P_Info_media_teleco_20_24,P_Info_media_teleco_25_34,P_Info_media_teleco_35_44,P_Info_media_teleco_45_54,P_Info_media_teleco_55_64,P_Info_media_teleco_65_74,P_Info_media_teleco_75_84,P_Info_media_teleco_85ov,P_Info_media_teleco_Tot,P_Fin_Insur_15_19,P_Fin_Insur_20_24,P_Fin_Insur_25_34,P_Fin_Insur_35_44,P_Fin_Insur_45_54,P_Fin_Insur_55_64,P_Fin_Insur_65_74,P_Fin_Insur_75_84,P_Fin_Insur_85ov,P_Fin_Insur_Tot,P_RtnHir_REst_15_19,P_RtnHir_REst_20_24,P_RtnHir_REst_25_34,P_RtnHir_REst_35_44,P_RtnHir_REst_45_54,P_RtnHir_REst_55_64,P_RtnHir_REst_65_74,P_RtnHir_REst_75_84,P_RtnHir_REst_85ov,P_RtnHir_REst_Tot,P_Pro_scien_tec_15_19,P_Pro_scien_tec_20_24,P_Pro_scien_tec_25_34,P_Pro_scien_tec_35_44,P_Pro_scien_tec_45_54,P_Pro_scien_tec_55_64,P_Pro_scien_tec_65_74,P_Pro_scien_tec_75_84,P_Pro_scien_tec_85ov,P_Pro_scien_tec_Tot,P_Admin_supp_15_19,P_Admin_supp_20_24,P_Admin_supp_25_34,P_Admin_supp_35_44,P_Admin_supp_45_54,P_Admin_supp_55_64,P_Admin_supp_65_74,P_Admin_supp_75_84,P_Admin_supp_85ov,P_Admin_supp_Tot,P_Public_admin_sfty_15_19,P_Public_admin_sfty_20_24,P_Public_admin_sfty_25_34,P_Public_admin_sfty_35_44,P_Public_admin_sfty_45_54,P_Public_admin_sfty_55_64,P_Public_admin_sfty_65_74,P_Public_admin_sfty_75_84,P_Public_admin_sfty_85ov,P_Public_admin_sfty_Tot,P_Educ_trng_15_19,P_Educ_trng_20_24,P_Educ_trng_25_34,P_Educ_trng_35_44,P_Educ_trng_45_54,P_Educ_trng_55_64,P_Educ_trng_65_74,P_Educ_trng_75_84,P_Educ_trng_85ov,P_Educ_trng_Tot,P_HlthCare_SocAs_15_19,P_HlthCare_SocAs_20_24,P_HlthCare_SocAs_25_34,P_HlthCare_SocAs_35_44,P_HlthCare_SocAs_45_54,P_HlthCare_SocAs_55_64,P_HlthCare_SocAs_65_74,P_HlthCare_SocAs_75_84,P_HlthCare_SocAs_85ov,P_HlthCare_SocAs_Tot,P_Art_recn_15_19,P_Art_recn_20_24,P_Art_recn_25_34,P_Art_recn_35_44,P_Art_recn_45_54,P_Art_recn_55_64,P_Art_recn_65_74,P_Art_recn_75_84,P_Art_recn_85ov,P_Art_recn_Tot
SAL80001,0,0,0,0,0,0,0,0,0,0,5,0,5,3,3,0,0,0,0,13,0,0,4,0,4,0,0,0,0,4,0,0,0,0,0,0,0,0,0,0,0,0,0,0,0,0,0,0,0,0,0,0,0,0,0,0,0,0,0,0,0,0,0,0,0,0,0,0,0,0,0,0,0,0,3,0,0,0,0,3,0,0,0,0,0,0,0,0,0,0,0,0,0,0,0,0,0,0,0,0,0,0,0,0,0,0,0,0,0,0,0,0,0,0,0,0,0,0,0,0,0,0,0,0,0,0,0,0,0,0,0,0,0,0,0,0,0,0,0,0,0,0,0,0,0,0,0,0,0,0,0,0,0,0,0,0,0,0,0,0,0,0,0,0,0,0,0,0,0,0,0,0,0,0,0,0,0,0,0,0,0,0,0,0,0,0,0,0,0,0,0,0,0,0,0,0,0,0,0,0
SAL80002,0,0,0,0,0,0,0,0,0,0,0,0,3,0,0,4,0,0,0,7,0,0,0,0,0,0,0,0,0,0,0,0,0,0,0,0,0,0,0,0,0,0,0,0,0,0,0,0,0,0,0,0,0,0,0,0,0,0,0,0,0,0,4,0,0,0,0,0,0,6,0,0,0,0,0,0,0,0,0,0,0,0,0,0,0,0,0,0,0,0,0,0,0,0,0,0,0,0,0,3,0,0,0,0,0,0,0,0,0,0,0,0,0,0,0,0,0,0,0,0,0,0,0,0,0,0,0,0,0,0,0,0,0,0,0,0,0,0,0,0,0,0,0,0,0,0,0,0,0,0,0,0,0,0,0,0,0,0,0,0,0,0,0,0,0,0,0,0,0,3,0,0,0,0,0,0,0,0,0,4,0,0,0,0,0,0,0,0,0,5,0,0,0,0,0,0,0,0,0,0
SAL80003,0,0,0,0,0,0,0,0,0,0,0,0,0,0,0,0,0,0,0,0,0,0,0,0,0,0,0,0,0,0,0,0,0,0,0,0,0,0,0,0,0,0,0,0,0,0,0,0,0,0,0,0,0,0,0,0,0,0,0,0,0,0,0,0,0,0,0,0,0,0,0,0,0,0,0,0,0,0,0,0,0,0,0,0,0,0,0,0,0,0,0,0,0,0,0,0,0,0,0,0,0,0,0,0,0,0,0,0,0,0,0,0,0,0,0,0,0,0,0,0,0,0,0,0,0,0,0,0,0,0,0,0,0,0,0,0,0,0,0,0,0,0,0,0,0,0,0,0,0,0,0,0,0,0,0,0,0,0,0,0,0,0,0,0,0,0,0,0,0,0,0,0,0,0,0,0,0,0,0,0,0,0,0,0,0,0,0,0,0,0,0,0,0,0,0,0,0,0,0,0
SAL80004,0,0,0,0,0,0,0,0,0,0,0,0,0,0,0,0,0,0,0,3,0,0,0,0,0,0,0,3,0,6,0,0,0,0,0,0,0,0,0,0,0,0,0,0,0,0,0,0,0,0,0,0,0,0,0,0,0,0,0,0,0,0,0,0,0,0,0,0,0,0,0,0,0,0,0,0,0,0,0,0,0,0,0,0,0,0,0,0,0,0,0,0,0,0,0,0,0,0,0,0,0,0,0,0,0,0,0,0,0,0,0,0,0,0,0,0,0,0,0,0,0,0,0,0,0,0,0,0,0,0,0,0,0,0,0,0,0,0,0,0,0,0,0,0,0,0,0,0,0,0,0,0,0,0,0,0,0,0,0,0,0,0,0,0,0,0,0,0,0,0,0,0,0,0,0,0,0,0,0,0,0,0,0,0,0,0,0,0,0,0,0,0,0,0,0,0,0,0,0,0
SAL80005,0,0,0,0,0,0,0,0,0,0,0,0,0,0,0,0,0,0,0,0,0,0,0,0,0,0,0,0,0,0,0,0,0,0,0,0,0,0,0,0,0,0,0,0,0,0,0,0,0,0,0,0,0,0,0,0,0,0,0,0,0,0,0,0,0,0,0,0,0,0,0,0,0,0,0,0,0,0,0,0,0,0,0,0,0,0,0,0,0,0,0,0,0,0,0,0,0,0,0,0,0,0,0,0,0,0,0,0,0,0,0,0,0,0,0,0,0,0,0,0,0,0,0,0,0,0,0,0,0,0,0,0,0,0,0,0,0,0,0,0,0,0,0,0,0,0,0,0,0,0,0,0,0,0,0,0,0,0,0,0,0,0,0,0,0,0,0,0,0,0,0,0,0,0,0,0,0,0,0,0,0,0,0,0,0,0,0,0,0,0,0,0,0,0,0,0,0,0,0,0
SAL80006,0,0,0,0,0,0,0,0,0,0,0,0,0,4,0,4,0,0,0,3,0,0,0,0,0,0,0,0,0,0,0,0,0,0,0,0,0,0,0,0,0,0,0,0,0,0,0,0,0,0,0,0,0,0,0,0,0,0,0,0,0,0,0,0,0,0,0,0,0,0,0,0,0,0,0,0,0,0,0,0,0,0,0,0,0,4,0,0,0,4,0,0,0,0,0,0,0,0,0,0,0,0,0,0,0,0,0,0,0,0,0,0,0,0,0,0,0,0,0,0,0,0,0,0,0,0,0,0,0,0,0,0,0,0,0,0,0,0,0,0,0,0,0,0,0,0,0,0,0,0,0,0,0,0,0,0,0,0,0,0,0,0,0,0,0,0,0,0,0,0,0,0,0,0,0,0,0,0,0,0,0,0,0,0,0,0,0,0,0,4,0,0,0,0,0,0,0,0,0,0
SAL80007,0,0,0,0,0,0,0,0,0,0,0,0,0,0,0,0,0,0,0,0,0,0,0,0,0,0,0,0,0,0,0,0,0,0,0,0,0,0,0,0,0,0,0,0,0,0,0,0,0,0,0,0,0,0,0,0,0,0,0,0,0,0,0,0,0,0,0,0,0,0,0,0,0,0,0,0,0,0,0,0,0,0,0,0,0,0,0,0,0,0,0,0,0,0,0,0,0,0,0,0,0,0,0,0,0,0,0,0,0,0,0,0,0,0,0,0,0,0,0,0,0,0,0,0,0,0,0,0,0,0,0,0,0,0,0,0,0,0,0,0,0,0,0,0,0,0,0,0,0,0,0,0,0,0,0,0,0,0,0,0,0,0,0,0,0,0,0,0,0,0,0,0,0,0,0,0,0,0,0,0,0,0,0,0,0,0,0,0,0,0,0,0,0,0,0,0,0,0,0,0
SAL80008,0,0,0,0,0,0,0,0,0,0,0,0,0,0,0,0,0,0,0,8,0,0,0,0,0,0,0,0,0,5,0,0,0,0,0,0,0,0,0,0,0,0,0,0,0,0,0,0,0,0,0,0,0,0,0,0,0,0,0,0,0,0,0,0,0,0,0,0,0,0,0,0,0,0,0,0,0,0,0,0,0,0,0,0,0,0,0,0,0,0,0,0,0,0,4,0,0,0,0,6,0,0,0,0,0,0,0,0,0,0,0,0,0,0,0,0,0,0,0,0,0,0,0,0,0,0,0,0,0,0,0,0,0,0,0,0,0,0,0,0,0,0,0,0,0,0,0,0,0,0,0,0,0,0,0,0,0,0,0,0,0,4,6,4,3,0,0,0,0,21,0,0,0,0,0,0,0,0,0,4,0,0,0,0,0,0,0,0,0,0,0,0,0,0,0,0,0,0,0,0
SAL80009,0,0,0,0,0,0,0,0,0,0,0,0,3,0,6,3,0,0,0,7,0,0,0,0,4,0,0,0,0,3,0,0,0,0,0,0,0,0,0,0,0,0,0,0,0,0,0,0,0,0,0,0,0,0,0,0,0,0,0,0,0,0,0,0,0,0,0,0,0,0,0,0,0,0,0,0,0,0,0,0,0,0,0,0,0,0,0,0,0,0,0,0,0,0,0,0,0,0,0,0,0,0,0,0,0,0,0,0,0,0,0,0,0,0,0,0,0,0,0,0,0,0,0,0,0,0,0,0,0,0,0,0,0,0,0,0,0,0,0,0,0,0,0,0,0,0,0,0,0,4,0,0,0,0,0,0,0,0,0,0,0,0,0,0,0,0,0,0,0,0,0,0,0,0,0,0,0,0,0,0,0,0,0,0,0,0,0,0,0,0,0,0,0,0,0,0,0,0,0,0
SAL80010,0,0,0,0,0,0,0,0,0,0,0,9,4,3,8,0,0,0,0,24,0,0,0,0,0,0,0,0,0,0,0,0,0,0,0,0,0,0,0,0,0,0,0,0,0,0,0,0,0,0,0,0,0,0,0,0,0,0,0,0,0,0,6,0,5,0,0,0,0,7,0,0,0,0,0,0,0,0,0,0,0,0,0,0,0,0,0,0,0,0,0,0,0,0,0,0,0,0,0,0,0,0,0,0,0,0,0,0,0,0,0,0,0,0,0,0,0,0,0,0,0,0,0,0,0,0,0,0,0,0,0,0,0,0,0,0,0,0,0,0,0,0,0,0,0,0,0,0,0,5,0,0,0,0,0,0,0,0,0,4,16,33,28,5,0,0,0,0,0,79,0,0,0,0,0,0,0,0,0,0,0,0,0,0,0,0,0,0,0,5,0,0,0,0,0,0,0,0,0,0
SAL80011,0,0,0,0,0,0,0,0,0,0,0,0,0,0,0,0,3,0,0,5,0,0,0,0,0,0,0,0,0,0,0,0,0,0,0,0,0,0,0,0,0,0,0,0,0,0,0,0,0,0,0,0,0,0,0,0,0,0,0,0,0,0,0,0,0,0,0,0,0,0,0,0,0,0,0,0,0,0,0,0,0,0,0,0,0,0,0,0,0,0,0,0,0,0,0,0,0,0,0,0,0,0,0,0,0,0,0,0,0,0,0,0,0,0,0,0,0,0,0,0,0,0,0,0,0,0,0,0,0,0,0,0,0,0,0,0,0,0,0,0,0,0,0,0,0,0,0,0,0,0,0,0,0,0,0,0,0,0,0,0,0,0,0,0,0,0,0,0,0,0,0,0,0,0,0,0,0,0,0,0,0,0,0,0,0,0,0,0,0,0,0,0,0,5,0,0,0,0,0,7
SAL80012,0,0,0,0,0,0,0,0,0,0,0,3,10,3,4,3,0,0,0,24,0,0,4,0,0,6,0,0,0,16,0,0,0,0,0,0,0,0,0,0,0,0,0,0,0,0,0,0,0,0,0,0,0,0,0,0,0,0,0,0,0,4,0,0,0,0,0,0,0,7,0,0,0,0,0,0,0,0,0,0,0,0,0,0,0,0,0,0,0,0,0,0,0,0,0,0,0,0,0,0,0,0,0,0,0,0,0,0,0,0,0,0,0,0,0,0,0,0,0,0,0,0,0,0,0,0,0,0,0,0,0,0,0,6,0,0,0,0,0,0,0,0,0,0,0,0,4,0,0,5,0,0,0,0,0,0,0,0,0,0,0,0,5,0,0,3,0,0,0,10,0,0,0,0,0,0,0,0,0,4,0,0,0,0,0,0,0,0,0,0,0,0,0,0,0,0,0,0,0,7
SAL80013,0,0,0,0,0,0,0,0,0,0,0,0,0,0,0,0,0,0,0,0,0,0,0,0,0,0,0,0,0,0,0,0,0,0,0,0,0,0,0,0,0,0,0,0,0,0,0,0,0,0,0,0,0,0,0,0,0,0,0,0,0,0,0,0,0,0,0,0,0,0,0,0,0,0,0,0,0,0,0,0,0,0,0,0,0,0,0,0,0,0,0,0,0,0,0,0,0,0,0,0,0,0,0,0,0,0,0,0,0,0,0,0,0,0,0,0,0,0,0,0,0,0,0,0,0,0,0,0,0,0,0,0,0,0,0,0,0,0,0,0,0,0,0,0,0,0,0,0,0,0,0,0,0,0,0,0,0,0,0,0,0,0,0,0,0,0,0,0,0,0,0,0,0,0,0,0,0,0,0,0,0,0,0,0,0,0,0,0,0,0,0,0,0,0,0,0,0,0,0,0
SAL80014,0,0,0,0,0,0,0,0,0,0,4,5,0,10,0,0,0,0,0,19,0,0,0,4,0,0,3,0,0,6,0,0,0,0,0,0,0,0,0,0,0,0,0,4,0,0,0,0,0,4,0,0,0,0,0,0,0,0,0,0,0,0,3,0,0,0,0,0,0,6,0,0,0,0,0,0,0,0,0,0,0,0,0,0,0,0,0,0,0,4,0,0,0,0,0,0,0,0,0,8,0,0,0,0,0,0,0,0,0,0,0,0,0,0,0,0,0,0,0,0,0,0,0,0,0,0,0,0,0,0,0,0,0,0,0,0,0,0,0,0,0,0,0,0,0,0,0,0,0,0,0,0,0,0,0,0,0,0,0,0,0,0,0,5,0,0,0,0,0,6,0,0,0,3,0,0,0,0,0,7,0,0,0,0,0,0,0,0,0,3,0,0,0,0,0,0,0,0,0,0
SAL80015,0,0,0,0,0,0,0,0,0,0,0,3,4,0,7,3,3,0,0,17,0,0,0,0,0,4,0,0,0,10,0,0,0,0,0,0,0,0,0,0,0,0,0,0,0,0,0,0,0,0,0,0,0,0,0,0,0,0,0,0,0,0,0,3,0,0,5,0,0,4,0,0,0,0,0,0,0,0,0,0,0,0,0,0,0,0,0,0,0,4,0,0,0,0,0,0,0,0,0,0,0,0,0,0,0,0,0,0,0,0,0,0,0,0,0,0,0,0,0,0,0,0,0,0,0,0,3,0,0,5,0,0,0,0,0,0,0,0,0,0,0,0,0,0,0,0,0,0,0,0,0,0,0,0,0,0,0,0,0,0,0,0,0,0,0,0,0,0,0,3,0,0,0,0,0,0,0,0,0,3,0,0,0,0,4,0,0,0,0,8,0,0,0,0,0,0,0,0,0,0
SAL80016,0,0,0,0,0,0,0,0,0,0,0,0,0,0,0,0,0,0,0,0,0,0,0,0,0,0,0,0,0,0,0,0,0,0,0,0,0,0,0,0,0,0,0,0,0,0,0,0,0,0,0,0,0,0,0,0,0,0,0,0,0,0,0,0,0,0,0,0,0,0,0,0,0,0,0,0,0,0,0,0,0,0,0,0,0,0,0,0,0,0,0,0,0,0,0,0,0,0,0,0,0,0,0,0,0,0,0,0,0,0,0,0,0,0,0,0,0,0,0,0,0,0,0,0,0,0,0,0,0,0,0,0,0,0,0,0,0,0,0,0,0,0,0,0,0,0,0,0,0,0,0,0,0,0,0,0,0,0,0,0,0,0,0,0,0,0,0,0,0,0,0,0,0,0,0,0,0,0,0,0,0,0,0,0,0,0,0,0,0,0,0,0,0,0,0,0,0,0,0,0
SAL80017,7,5,0,0,0,0,0,0,0,12,440,306,55,9,3,0,0,0,0,821,6,0,0,0,0,0,0,0,0,3,0,0,0,0,0,0,0,0,0,0,19,9,0,0,0,0,0,0,0,32,0,4,0,0,0,0,0,0,0,3,0,0,0,0,0,0,0,0,0,0,6,5,0,0,0,0,0,0,0,8,111,67,7,0,0,0,0,0,0,190,216,154,7,0,0,0,0,0,0,384,5,5,4,0,0,0,0,0,0,11,5,8,4,0,0,0,0,0,0,20,3,4,3,0,0,0,0,0,0,10,4,3,0,0,0,0,0,0,0,11,37,58,13,0,0,0,0,0,0,101,7,4,0,0,0,0,0,0,0,14,15,29,7,0,0,0,0,0,0,60,124,121,64,6,8,0,0,0,0,318,25,33,3,0,0,0,0,0,0,66,30,30,0,0,0,0,0,0,0,62
SAL80018,3,3,6,0,3,0,0,0,0,14,93,185,249,311,314,204,50,4,0,1413,0,0,0,0,0,4,0,0,0,3,0,0,0,0,0,0,0,0,0,0,11,8,4,7,14,7,6,0,0,53,0,0,6,6,5,0,0,0,0,17,14,16,29,17,22,11,3,0,0,124,0,0,4,0,6,0,0,0,0,12,39,35,17,11,14,12,4,0,0,136,47,55,23,10,10,3,5,0,0,152,0,0,4,3,8,5,0,0,0,22,0,0,11,17,11,13,3,0,0,56,0,7,7,21,6,7,3,0,0,46,0,4,6,8,3,0,0,0,0,22,0,44,69,102,80,49,12,0,0,356,0,9,20,13,16,10,0,0,0,71,4,45,180,246,264,137,27,0,0,899,24,31,50,60,74,67,19,3,0,328,3,20,48,43,34,39,11,0,0,207,7,10,17,6,16,11,3,0,0,77
SAL80019,4,0,4,0,3,3,0,0,0,10,131,146,304,428,462,177,31,0,0,1682,0,0,5,3,3,4,0,0,0,12,0,0,0,0,0,0,0,0,0,6,7,4,13,8,13,6,3,0,0,51,0,0,11,9,11,8,0,0,0,32,20,49,84,61,52,26,6,0,0,292,0,4,3,14,14,4,0,0,0,34,64,48,45,33,39,14,7,0,0,255,86,33,28,31,24,6,4,0,0,201,3,0,21,15,22,8,6,0,0,72,0,7,8,15,19,6,0,0,0,57,0,0,14,15,19,3,0,0,0,53,0,3,9,9,10,0,0,0,0,33,3,25,74,107,94,29,7,0,0,346,0,11,9,26,29,9,0,0,0,89,4,43,171,310,381,148,9,0,0,1064,16,24,47,76,73,38,8,0,0,284,14,24,64,74,84,35,10,0,0,313,11,12,10,12,10,9,4,0,0,55
SAL80020,0,0,0,0,0,0,0,0,0,3,43,51,103,165,154,110,20,0,0,655,0,0,0,0,0,0,3,0,0,5,0,0,0,5,0,0,0,0,0,4,0,0,3,4,0,0,0,0,0,15,0,0,4,3,4,4,0,0,0,6,6,10,20,14,11,5,0,0,0,66,0,5,0,4,0,0,0,0,0,3,18,12,13,9,7,5,0,0,0,62,20,15,16,12,0,3,0,0,0,67,0,0,9,0,3,3,0,0,0,13,0,0,0,10,3,3,0,0,0,20,0,3,0,7,3,4,0,0,0,15,0,5,7,6,4,0,0,0,0,22,0,15,34,52,43,28,8,0,0,179,4,7,9,3,5,5,0,0,0,28,0,8,59,104,139,67,5,0,0,385,7,14,19,40,48,48,13,3,0,189,7,12,21,27,20,26,5,0,0,120,6,0,6,7,3,3,0,0,0,38
SAL80021,0,0,11,9,3,5,0,0,4,34,97,154,313,360,334,178,30,5,4,1463,0,0,0,0,0,0,0,0,0,0,0,0,0,0,0,0,0,0,0,4,11,3,24,17,22,16,0,0,0,98,4,0,7,3,5,8,0,0,0,28,23,39,87,62,54,34,6,0,0,301,4,0,8,15,14,6,0,0,0,44,58,50,45,37,48,20,6,0,0,265,61,31,17,12,14,16,0,0,0,154,0,12,20,25,27,29,8,6,0,128,0,0,13,16,18,5,0,0,0,48,0,3,7,8,5,3,0,0,0,34,0,0,11,7,10,4,0,0,0,42,5,20,42,44,38,32,3,0,0,188,0,13,18,23,21,11,4,0,0,86,0,46,136,245,255,137,15,0,0,844,5,23,45,43,39,28,0,0,0,185,5,36,75,81,74,43,13,0,0,325,3,12,12,4,4,0,0,0,0,43
SAL80022,0,0,3,0,0,0,0,0,0,4,9,67,206,128,108,69,29,0,0,614,0,0,0,0,0,0,0,0,0,0,0,0,0,0,0,0,0,0,0,0,0,0,5,0,0,0,0,0,0,12,0,0,0,0,0,4,0,0,0,3,0,6,7,0,3,9,0,0,0,24,0,0,0,0,0,0,4,0,0,9,7,3,8,0,4,7,0,0,0,31,6,6,9,5,9,3,0,0,0,33,0,0,0,0,0,0,4,0,0,12,0,0,5,0,3,0,0,0,0,16,0,0,9,5,0,3,0,0,0,18,0,0,6,3,0,4,3,0,0,24,4,15,59,34,18,24,15,0,0,175,0,0,0,5,0,3,0,0,0,6,0,45,263,135,125,68,23,0,0,659,4,3,31,19,8,15,15,5,0,94,0,9,18,20,15,14,10,0,0,77,0,0,0,3,3,0,0,0,0,13
SAL80023,0,0,0,0,0,0,0,0,0,0,0,0,0,0,0,0,0,0,0,0,0,0,0,0,0,0,0,0,0,0,0,0,0,0,0,0,0,0,0,0,0,0,0,0,0,0,0,0,0,0,0,0,0,0,0,0,0,0,0,0,0,0,0,5,0,0,0,0,0,5,0,0,0,0,0,0,0,0,0,0,0,0,0,0,0,0,0,0,0,0,0,0,0,0,0,0,0,0,0,0,0,0,0,0,0,0,0,0,0,0,0,0,0,0,0,0,0,0,0,0,0,0,0,0,0,0,0,0,0,0,0,0,0,0,0,0,0,0,0,0,0,0,0,0,0,0,0,0,0,0,0,0,0,0,0,0,0,0,0,0,0,0,0,0,0,0,0,0,0,0,0,0,0,0,0,0,0,0,0,0,0,0,0,0,0,0,0,0,0,0,0,0,0,0,0,0,0,0,0,0
SAL80024,0,8,26,5,3,4,0,0,0,53,66,498,1251,429,191,107,33,5,0,2589,0,6,3,0,0,0,0,0,0,13,0,0,0,0,0,0,0,0,0,3,0,11,38,6,4,0,0,0,0,61,0,0,20,10,0,6,0,0,0,37,4,32,118,49,16,4,0,0,0,233,0,5,13,6,0,0,0,0,0,30,33,142,288,59,28,6,4,0,0,556,35,191,303,75,27,9,0,0,0,641,0,11,73,19,8,10,3,0,0,116,0,12,40,10,3,0,0,0,0,71,0,5,39,14,7,5,3,0,0,69,0,12,31,9,3,0,0,0,0,57,0,95,333,145,53,36,13,0,0,663,3,32,81,26,10,12,0,0,0,164,6,127,497,283,155,83,18,3,0,1159,9,68,204,84,36,25,10,0,0,446,9,118,346,122,54,42,11,0,0,701,9,13,45,12,7,0,4,0,0,89
SAL80025,0,0,16,17,7,0,0,0,0,40,118,177,454,667,356,101,17,0,0,1900,3,0,3,4,0,0,0,0,0,15,0,0,0,0,0,0,0,0,0,0,5,9,20,19,21,6,0,0,0,75,0,0,3,7,4,8,0,0,0,29,11,18,88,82,43,28,4,0,0,273,0,6,13,10,6,0,0,0,0,39,50,51,70,57,37,13,7,0,0,284,79,47,60,42,18,12,0,0,0,257,0,7,42,35,33,8,0,0,0,132,0,0,11,31,17,3,0,0,0,63,0,0,20,21,16,0,0,0,0,62,0,3,10,13,5,3,0,0,0,40,0,31,89,189,81,13,0,3,0,409,4,10,28,34,22,12,5,0,0,110,8,48,201,489,261,70,16,0,0,1096,18,23,51,123,82,22,0,0,0,314,7,43,138,140,84,26,9,0,0,443,10,5,6,13,3,4,0,0,0,37
SAL80026,0,3,9,7,0,0,0,0,0,17,70,90,218,241,244,156,44,0,0,1052,0,0,0,0,0,5,0,0,0,8,0,0,0,0,0,0,0,0,0,0,5,0,6,5,9,10,4,0,0,40,0,0,6,7,0,0,0,0,0,16,5,19,36,37,29,21,0,0,0,148,0,0,5,3,4,9,0,0,0,17,25,20,34,21,23,13,11,0,0,159,43,19,15,15,15,6,3,0,0,116,0,5,11,10,15,14,4,0,0,58,0,3,7,4,6,10,0,0,0,32,0,0,4,0,5,3,0,0,0,16,6,8,8,4,3,5,0,0,0,26,8,20,42,52,45,20,10,0,0,190,3,0,9,11,12,12,3,0,0,49,7,27,116,164,197,109,15,0,0,640,8,20,33,45,32,28,8,0,0,176,4,29,57,62,50,41,13,0,0,261,7,0,7,3,0,5,0,0,0,20
SAL80027,0,8,14,0,4,0,0,0,0,30,26,494,1107,409,186,108,26,3,0,2365,0,3,3,0,0,0,0,0,0,8,0,0,0,0,0,0,0,0,0,0,0,3,13,14,0,0,0,0,0,37,0,0,19,6,4,0,0,0,0,27,4,18,67,25,8,11,3,0,0,128,0,9,9,4,5,0,0,0,0,23,8,49,74,23,6,8,3,0,0,176,18,101,127,40,8,11,0,0,0,307,0,9,21,3,3,5,0,0,0,46,0,9,41,16,6,3,0,0,0,82,0,14,41,10,3,3,0,0,0,69,0,10,28,12,4,3,0,0,0,50,0,144,391,134,47,41,10,0,0,770,0,13,25,10,9,5,0,0,0,62,6,281,953,408,198,91,18,0,0,1950,3,67,166,100,38,30,5,0,0,407,0,63,144,49,29,24,3,0,0,312,0,23,25,19,10,5,0,0,0,83
SAL80028,0,8,17,0,5,4,0,0,0,35,197,596,790,407,242,146,40,6,0,2434,0,3,0,0,0,0,0,0,0,8,0,0,0,0,0,0,0,0,0,5,3,15,16,7,4,6,4,5,0,53,0,3,14,3,7,0,0,0,0,24,12,38,71,23,16,8,5,0,0,171,4,8,13,0,5,0,6,0,0,25,81,193,125,37,8,9,3,0,0,451,96,173,152,36,14,4,0,0,0,477,4,5,24,18,10,6,5,0,0,75,3,13,21,17,6,0,0,4,0,67,3,10,24,10,5,0,5,0,0,57,0,7,22,16,4,3,4,0,0,54,8,75,219,113,65,47,11,0,0,552,0,25,59,32,10,7,3,0,0,139,7,107,351,297,202,108,28,0,0,1102,33,102,181,117,74,38,13,0,0,551,26,128,223,90,45,31,15,0,0,558,20,48,38,3,4,4,0,0,0,118
SAL80029,0,4,8,6,6,3,0,0,0,24,98,154,366,308,329,292,45,5,0,1594,0,0,4,4,0,0,0,0,0,11,0,0,0,0,0,0,0,0,0,0,0,4,16,13,22,10,3,0,0,71,0,0,10,0,9,8,0,0,0,35,21,46,111,62,49,42,10,0,0,329,0,3,9,4,3,9,0,0,0,32,40,48,48,24,21,29,14,0,0,227,62,25,24,13,5,11,0,0,0,137,4,8,13,23,13,26,7,0,0,91,0,6,3,13,9,3,0,0,0,36,0,0,15,11,4,5,0,0,0,39,0,3,12,12,9,8,0,0,0,42,0,14,67,58,58,34,10,0,0,245,0,9,20,14,22,15,4,0,0,86,8,35,171,231,271,190,26,0,0,928,8,19,57,46,67,70,11,0,0,272,9,43,95,73,75,72,13,5,0,388,11,7,6,7,4,7,3,0,0,46
SAL80030,0,0,9,7,5,0,0,0,0,19,181,399,388,280,283,171,35,7,0,1744,0,0,0,0,0,3,0,0,0,3,0,0,0,0,0,0,0,0,0,4,0,8,14,3,5,0,0,0,0,36,0,4,0,4,4,0,0,0,0,12,8,10,37,22,15,19,6,0,0,111,0,0,0,0,0,3,0,0,0,10,44,31,12,17,16,14,5,0,0,144,39,53,24,10,14,8,0,0,0,144,0,7,7,0,0,6,0,0,0,28,0,3,3,7,4,0,5,0,0,31,0,7,10,10,14,6,0,0,0,52,0,9,9,9,3,8,5,0,0,34,0,61,108,70,59,56,20,4,0,380,0,6,13,10,10,12,3,0,0,46,358,790,481,296,293,160,24,4,0,2412,42,62,53,48,46,28,17,0,0,303,3,27,49,26,43,33,15,4,0,191,3,12,13,9,13,11,0,0,0,67
SAL80031,0,0,0,0,0,0,0,0,0,0,0,6,6,10,8,4,0,0,0,32,0,0,0,0,0,0,0,0,0,7,0,0,0,0,0,0,0,0,0,0,0,0,0,0,6,0,0,0,0,9,0,0,0,0,0,0,0,0,0,0,0,0,0,5,0,0,0,0,0,5,0,0,0,0,0,0,0,0,0,0,0,0,0,0,0,0,0,0,0,0,0,0,0,0,0,0,0,0,0,0,0,0,4,3,0,0,0,0,0,9,0,0,0,0,0,0,0,0,0,0,0,0,0,0,0,0,0,0,0,0,0,0,0,0,0,0,0,0,0,0,0,0,0,0,0,0,0,0,0,9,0,0,0,0,0,0,0,0,0,4,0,0,0,8,4,0,0,0,0,10,0,0,0,0,0,0,0,0,0,4,0,4,0,3,0,0,0,0,0,11,0,0,0,0,0,0,0,0,0,3
SAL80032,0,0,0,0,0,0,0,0,0,0,0,0,0,0,0,0,0,0,0,0,0,0,0,0,0,0,0,0,0,0,0,0,0,0,0,0,0,0,0,0,0,0,0,0,0,0,0,0,0,0,0,0,0,0,0,0,0,0,0,0,0,0,0,0,0,0,0,0,0,0,0,0,0,0,0,0,0,0,0,0,0,0,0,0,0,0,0,0,0,0,0,0,0,0,0,0,0,0,0,0,0,0,0,0,0,0,0,0,0,0,0,0,0,0,0,0,0,0,0,0,0,0,0,0,0,0,0,0,0,0,0,0,0,0,0,0,0,0,0,0,0,0,0,0,0,0,0,0,0,0,0,0,0,0,0,0,0,0,0,0,0,0,0,0,0,0,0,0,0,0,0,0,0,0,0,0,0,0,0,0,0,0,0,0,0,0,0,0,0,0,0,0,0,0,0,0,0,0,0,0
SAL80033,0,0,8,7,11,3,0,0,0,33,90,143,535,628,317,142,24,0,0,1872,0,0,0,0,0,0,0,0,0,8,0,0,0,0,0,0,0,0,0,0,0,5,17,26,11,3,0,0,0,76,0,0,11,11,5,3,0,0,0,36,4,26,94,98,35,12,0,0,0,286,0,4,9,9,6,4,0,0,0,33,47,36,82,40,29,19,3,0,0,258,55,42,52,36,19,12,0,0,0,211,0,4,35,34,15,3,3,0,0,98,0,6,13,35,14,3,4,0,0,73,0,3,21,34,12,3,0,0,0,72,0,4,23,14,12,3,0,0,0,56,4,18,116,153,61,27,6,0,0,385,0,5,32,40,14,18,3,0,0,110,0,34,236,462,232,96,16,0,0,1082,13,21,83,115,60,37,7,0,0,334,9,35,119,136,72,33,8,0,0,405,14,14,18,16,10,3,0,0,0,70
SAL80034,0,0,3,7,3,0,0,0,0,16,52,50,69,166,205,124,31,8,0,701,0,5,0,0,0,4,0,0,0,8,0,0,0,0,0,0,0,0,0,0,6,0,0,6,0,7,0,0,0,20,0,0,3,3,3,4,0,0,0,13,6,20,15,12,16,11,3,0,0,82,0,0,0,0,6,0,0,0,0,12,26,13,4,7,10,3,0,0,0,57,36,9,6,3,9,0,0,0,0,69,0,0,0,6,3,3,0,0,0,16,3,0,0,13,7,3,0,0,0,29,0,0,0,9,15,0,3,5,0,35,0,3,5,8,4,3,7,0,0,30,4,8,23,34,55,57,14,3,0,196,0,6,4,5,11,8,0,0,0,31,6,14,28,126,157,73,20,0,0,423,12,4,16,28,38,29,8,4,0,138,4,7,20,34,40,34,13,0,0,161,4,4,0,4,9,0,0,0,0,24
SAL80035,0,0,4,6,6,0,0,0,0,15,27,61,185,214,153,83,16,0,0,741,0,0,0,0,0,0,0,0,0,6,0,0,0,0,0,0,0,0,0,0,0,3,3,4,10,0,0,0,0,22,0,0,0,0,4,0,0,0,0,18,11,16,53,36,41,15,0,0,0,174,0,0,7,0,0,0,0,0,0,16,6,16,25,27,11,13,3,0,0,109,20,13,19,15,9,3,4,0,0,93,0,0,20,8,15,10,3,0,0,63,0,0,3,0,4,4,0,0,0,18,0,0,7,0,6,3,0,0,0,16,0,0,5,0,3,0,0,0,0,13,0,4,38,35,16,16,4,0,0,109,0,10,17,5,4,9,3,0,0,47,5,15,74,120,79,28,12,0,0,334,5,14,31,43,26,15,3,0,0,140,6,15,36,55,42,18,8,0,0,176,0,0,15,11,4,0,0,0,0,39
SAL80036,0,0,3,5,0,0,0,0,0,15,35,67,225,190,138,84,17,3,0,757,0,0,0,0,0,0,0,0,0,0,0,0,0,0,0,0,0,0,0,0,0,0,10,3,6,4,0,0,0,24,0,0,0,4,0,0,0,0,0,8,4,14,22,13,15,9,0,0,0,70,0,0,0,0,5,0,0,0,0,9,12,19,37,11,13,7,6,0,0,107,27,25,35,9,4,0,0,0,0,107,0,0,4,10,6,8,0,0,0,24,0,0,0,7,9,6,0,0,0,23,0,0,7,4,0,0,0,0,0,16,0,6,0,9,0,4,0,3,0,17,0,15,50,50,26,21,4,0,0,169,0,4,31,15,4,3,0,0,0,67,0,21,110,135,106,58,5,0,0,447,6,7,20,30,26,11,6,0,0,107,0,10,86,46,29,22,3,0,0,203,0,0,8,3,5,8,0,0,0,18
SAL80037,0,0,6,3,7,4,5,0,0,27,76,114,297,287,270,255,50,5,0,1360,0,0,0,4,0,5,0,0,0,11,0,0,0,0,0,0,0,0,0,0,0,0,18,12,11,8,0,0,0,56,0,7,9,5,5,7,4,0,0,27,11,35,94,79,54,39,9,0,0,314,0,3,10,5,10,14,6,0,0,40,38,21,41,27,21,29,12,0,0,190,48,28,26,17,5,14,3,0,0,139,0,6,5,9,17,22,7,0,0,81,3,4,4,11,6,6,0,0,0,33,0,0,7,3,6,6,0,0,0,28,0,3,7,6,4,11,0,0,0,40,0,17,50,57,29,36,10,3,0,199,0,17,16,20,17,27,11,3,0,103,4,23,153,198,190,148,30,0,0,752,10,16,31,47,49,44,13,0,0,204,7,28,74,60,64,69,17,0,0,327,3,9,14,6,9,4,4,0,0,42
SAL80038,0,9,11,9,0,0,0,0,0,28,180,326,531,174,115,84,26,3,0,1439,5,0,0,0,0,0,0,0,0,5,0,0,0,0,0,0,0,0,0,0,4,7,8,8,4,8,0,0,0,36,0,3,9,3,0,6,0,0,0,20,0,8,31,12,12,0,0,0,0,62,0,4,5,0,0,0,0,0,0,13,60,76,50,13,4,8,0,0,0,213,99,111,120,32,4,0,0,0,0,371,0,0,14,4,0,0,0,0,0,24,0,8,15,8,11,4,0,0,0,47,0,7,19,10,0,4,0,0,0,40,0,5,19,9,4,3,6,0,0,42,11,106,215,79,38,33,14,0,0,489,0,11,12,9,6,10,0,0,0,51,11,85,357,172,133,65,14,0,0,829,39,63,131,32,24,26,3,0,0,316,20,37,61,26,21,16,3,0,0,186,13,17,15,5,8,0,6,4,0,60
SAL80039,0,0,7,5,0,4,0,0,0,16,109,121,257,307,376,232,28,0,0,1430,0,0,0,0,0,0,0,0,0,0,0,0,0,0,0,6,0,0,0,6,10,6,9,8,13,15,4,0,0,68,0,6,4,7,19,10,4,0,0,49,30,43,67,49,44,27,7,0,0,263,0,3,0,8,7,7,0,0,0,28,54,36,45,29,27,21,12,0,0,226,71,26,21,9,12,5,0,0,0,147,0,3,18,18,20,18,5,0,0,79,0,5,0,3,7,0,0,0,0,21,0,6,6,11,8,9,0,0,0,34,0,0,9,8,5,9,5,0,0,33,0,22,42,39,60,37,6,0,0,210,5,8,20,9,15,10,4,0,0,63,10,48,138,247,308,174,24,0,0,947,10,20,43,45,49,48,5,0,0,210,3,39,65,73,90,58,12,0,0,349,12,8,11,8,7,3,0,0,0,38
SAL80040,0,0,0,3,3,3,0,0,0,12,35,47,175,201,198,108,34,9,0,809,0,0,0,0,0,0,0,0,0,0,0,0,0,3,0,0,0,0,0,3,4,0,0,5,4,5,0,0,0,15,0,0,4,0,4,0,0,0,0,15,5,9,21,13,15,10,0,0,0,73,0,3,0,0,0,0,0,0,0,11,16,17,12,6,5,5,3,4,0,69,25,13,15,7,6,3,0,3,0,65,0,0,6,3,9,6,0,0,0,22,0,6,5,6,13,3,0,0,0,29,0,3,5,4,3,0,3,0,0,14,0,3,9,6,0,3,0,0,0,13,0,9,36,66,59,19,6,0,0,199,0,3,0,17,5,6,0,0,0,33,3,9,78,149,163,60,8,0,0,471,11,14,37,50,67,27,15,3,0,225,5,12,45,44,33,26,6,0,0,160,4,4,9,9,13,5,0,0,0,37
SAL80041,0,0,12,11,5,0,0,0,0,29,46,145,569,443,172,58,4,0,0,1433,0,0,6,0,0,0,0,0,0,3,0,0,0,0,0,0,0,0,0,0,3,11,12,6,8,0,0,0,0,34,0,0,4,4,0,0,0,0,0,18,5,11,64,46,11,7,0,0,0,148,0,3,4,10,8,3,0,0,0,24,19,43,65,42,19,4,0,0,0,191,44,36,56,28,13,3,0,0,0,178,0,0,24,20,3,4,0,0,0,57,0,0,16,16,3,0,0,0,0,41,0,5,15,18,4,4,0,0,0,50,0,4,20,14,4,4,0,0,0,39,5,24,122,101,36,12,0,0,0,300,0,7,35,16,17,9,0,0,0,82,0,51,286,308,146,43,4,0,0,838,12,18,95,81,46,4,0,0,0,270,8,45,205,153,53,19,9,0,0,484,4,5,12,13,3,0,0,0,0,41
SAL80042,0,0,7,8,5,0,0,0,0,20,51,106,362,478,222,88,9,5,0,1325,0,0,4,0,0,0,0,0,0,5,0,0,0,0,0,0,0,0,0,6,4,3,13,5,6,3,0,0,0,38,0,0,4,0,0,0,0,0,0,13,3,15,60,55,15,9,5,0,0,165,0,0,0,8,4,4,0,0,0,18,27,26,53,31,14,7,0,0,0,166,34,26,36,22,13,14,0,0,0,145,0,0,12,12,12,5,0,0,0,35,0,3,9,14,4,0,0,0,0,35,0,3,19,21,10,4,0,0,0,55,0,5,7,18,7,0,0,0,0,37,0,15,94,138,72,19,4,0,0,339,0,0,13,21,12,3,0,0,0,57,0,30,211,380,219,72,0,0,0,911,13,7,71,86,46,15,0,0,0,241,5,23,63,93,50,25,3,0,0,269,0,6,14,15,3,3,0,0,0,45
SAL80043,0,3,9,0,6,0,3,0,0,23,93,117,251,359,338,203,53,7,0,1422,0,0,0,0,6,5,0,0,0,17,0,0,0,6,0,0,0,0,0,5,7,3,8,8,6,6,0,0,0,35,0,0,5,9,3,0,0,0,0,23,9,15,19,23,23,24,7,0,0,119,0,0,3,4,3,6,0,0,0,19,36,34,16,20,7,17,7,0,0,127,49,31,32,13,6,0,5,0,0,130,4,0,14,11,11,8,0,0,0,47,0,6,10,15,9,9,5,0,0,49,0,3,3,16,15,4,0,0,0,42,0,8,7,5,3,4,0,0,0,26,8,24,63,93,71,66,15,0,0,333,0,8,19,18,11,12,5,0,0,78,4,36,148,269,307,160,23,0,0,945,15,25,45,62,71,57,19,3,0,292,5,27,86,98,82,59,23,0,0,383,9,9,5,9,5,10,0,0,0,51
SAL80044,0,0,0,4,5,0,0,0,0,7,62,65,107,177,196,110,48,11,0,778,0,0,0,0,0,0,0,0,0,5,0,0,0,0,0,0,0,0,0,3,0,0,3,3,0,0,0,0,0,20,0,0,0,0,5,0,0,0,0,6,6,5,13,17,17,13,0,0,0,70,0,0,5,3,3,0,0,0,0,16,24,14,5,0,4,4,6,0,0,54,34,14,14,12,7,5,0,0,0,89,0,0,0,3,4,0,0,0,0,14,0,0,8,0,13,8,3,0,0,29,0,0,6,8,14,15,3,0,0,43,0,3,5,3,4,5,7,3,0,26,6,23,36,66,70,39,28,12,0,278,0,3,8,3,8,4,0,0,0,27,0,28,65,129,123,60,11,0,0,411,15,3,15,20,34,34,6,3,0,133,5,17,29,54,54,38,18,7,0,217,0,6,3,7,4,5,9,0,0,30
SAL80045,0,0,3,0,0,0,0,0,0,8,23,66,306,277,92,39,0,0,0,806,0,0,0,0,0,0,0,0,0,0,0,0,0,0,0,0,0,0,0,0,0,0,7,6,3,0,0,0,0,13,0,5,6,3,0,0,0,0,0,13,3,16,43,24,14,3,0,0,0,101,0,3,8,10,3,0,0,0,0,18,11,17,25,19,13,12,0,0,0,93,16,12,17,18,4,0,0,0,0,67,0,0,18,7,6,0,0,0,0,27,0,3,7,11,4,0,0,0,0,25,0,0,14,15,3,9,0,0,0,36,0,4,18,6,0,0,0,0,0,32,0,17,95,91,26,15,0,0,0,251,0,0,17,12,4,3,0,0,0,35,5,22,162,225,79,30,3,0,0,529,0,3,36,31,12,4,0,0,0,94,0,10,92,88,27,9,0,0,0,232,3,0,13,3,0,0,0,0,0,25
SAL80046,0,3,7,5,0,0,0,0,0,14,29,234,412,210,150,61,9,0,0,1101,0,0,3,3,0,0,0,0,0,3,0,0,0,0,0,0,0,0,0,0,0,0,10,0,3,0,0,0,0,16,0,0,3,0,0,0,0,0,0,9,8,11,36,17,11,3,6,0,0,81,0,3,6,0,0,0,0,0,0,15,3,32,38,9,9,7,0,0,0,95,26,56,67,26,8,0,0,0,0,188,0,0,6,13,0,4,0,0,0,26,0,0,8,12,5,0,0,0,0,27,0,7,15,5,3,0,0,0,0,31,0,3,7,3,3,0,0,0,0,25,0,65,119,54,34,18,3,0,0,294,0,9,25,13,9,0,0,0,0,58,0,109,313,169,123,45,6,0,0,765,0,44,60,47,35,19,3,0,0,204,0,25,63,35,26,17,3,0,0,167,0,10,21,7,5,7,0,0,0,55
SAL80047,3,0,3,5,0,0,0,0,0,17,47,180,302,319,235,89,26,8,0,1201,0,0,0,0,0,0,0,0,0,6,0,0,0,0,0,0,0,0,0,0,4,4,10,4,8,0,0,0,0,35,0,0,7,5,0,0,0,0,0,17,3,14,42,31,18,8,6,0,0,124,0,0,3,3,0,0,0,0,0,13,17,35,38,13,14,3,0,0,0,127,28,63,54,38,8,9,3,0,0,205,0,5,12,12,11,9,0,0,0,55,0,7,16,14,12,0,0,0,0,57,0,6,4,5,3,0,0,0,0,22,0,3,5,4,3,3,3,0,0,23,8,40,73,83,50,41,8,0,0,302,0,5,33,32,14,11,3,0,0,93,3,40,178,229,183,65,8,0,0,700,3,21,49,84,55,29,9,0,0,246,0,36,59,49,28,18,4,0,0,203,6,10,16,10,11,3,0,0,0,64
SAL80048,0,3,0,0,0,5,0,0,0,10,58,82,167,208,227,111,23,0,0,883,0,0,0,3,3,0,0,3,0,11,0,0,0,0,0,0,0,0,0,7,5,0,3,7,8,5,0,0,0,23,0,0,6,3,8,3,0,0,0,19,12,23,28,26,30,17,3,0,0,132,0,3,3,0,0,0,0,0,0,12,30,21,23,10,10,5,3,0,0,103,40,16,12,9,5,6,0,0,0,86,0,0,0,6,3,4,0,0,0,19,0,0,0,7,7,4,0,0,0,22,0,5,8,7,5,0,0,0,0,23,0,0,3,4,6,0,0,0,0,20,9,10,36,44,59,34,9,0,0,201,0,0,11,10,8,3,5,0,0,40,0,26,101,167,187,65,14,0,0,562,7,12,25,39,46,28,4,0,0,165,0,15,44,47,30,37,13,0,0,192,8,7,8,7,8,0,0,0,0,35
SAL80049,0,5,8,4,5,8,0,0,0,31,123,144,355,538,506,246,47,0,0,1960,0,0,0,6,0,0,0,0,0,9,0,0,0,0,0,0,0,0,0,3,3,3,14,13,21,13,0,0,0,71,0,0,9,12,10,8,0,0,0,37,27,53,91,71,72,34,10,0,0,349,0,9,9,6,5,4,0,0,0,39,55,41,45,46,33,22,6,0,0,254,81,27,27,28,21,18,3,0,0,204,0,0,13,18,34,27,3,0,0,90,4,3,9,21,13,7,0,0,0,47,0,0,15,20,11,5,0,0,0,60,0,5,11,17,9,6,0,0,0,47,8,25,53,107,88,43,8,0,0,335,0,3,14,33,19,21,3,0,0,94,6,42,174,378,361,161,20,0,0,1150,25,31,73,116,112,40,9,0,0,405,12,41,102,115,109,66,27,0,0,469,15,8,17,11,8,3,0,0,0,63
SAL80050,0,0,11,0,4,0,4,0,0,18,103,116,314,344,326,182,49,3,0,1431,0,0,3,0,0,0,3,0,0,11,0,0,0,0,0,0,0,0,0,0,0,3,12,13,8,7,0,0,0,46,0,0,9,8,6,4,0,0,0,28,13,35,95,72,45,26,16,0,0,309,0,0,7,4,7,9,4,0,0,29,55,34,23,26,27,17,0,0,0,193,60,29,28,18,14,8,6,0,0,169,0,3,10,9,11,19,6,0,0,53,0,0,10,10,7,4,0,0,0,38,0,0,9,9,9,3,3,0,0,39,0,0,12,4,10,7,0,0,0,29,3,20,94,89,69,35,11,0,0,323,3,3,18,24,15,13,10,0,0,91,4,26,152,229,243,99,18,0,0,771,10,31,60,78,83,49,16,0,0,330,10,36,77,60,56,44,9,0,0,296,11,7,10,13,8,6,5,0,0,63
SAL80051,0,0,0,0,0,0,0,0,0,10,48,55,92,197,180,142,53,0,0,771,0,0,0,0,0,0,0,0,0,0,0,0,0,0,0,0,0,0,0,0,3,3,0,7,9,8,0,4,0,19,0,0,0,4,3,3,0,0,0,10,0,6,27,15,21,18,5,0,0,97,0,0,0,5,3,0,6,0,0,18,24,22,20,12,14,12,3,0,0,98,34,14,8,6,0,3,5,0,0,75,0,0,10,4,6,6,4,0,0,26,3,5,4,8,13,3,0,0,0,34,0,0,4,4,7,0,4,0,0,22,3,6,0,5,0,6,0,0,0,20,3,8,31,52,38,30,12,0,0,182,0,3,3,6,4,8,3,0,0,21,4,11,49,156,162,118,25,3,0,527,10,8,16,38,45,35,16,3,0,170,8,15,22,47,39,45,12,0,0,196,9,4,0,7,0,0,0,0,0,20
SAL80052,0,0,7,0,3,0,0,0,0,15,50,87,145,205,232,145,25,5,0,894,0,0,0,0,0,0,0,0,0,7,0,0,0,0,0,0,0,0,0,0,6,0,8,5,14,4,0,0,0,36,0,0,4,4,4,0,0,0,0,11,6,14,26,28,12,14,0,0,0,102,0,3,0,4,4,4,0,0,0,17,28,30,13,6,14,8,5,3,0,101,37,25,18,11,4,5,0,0,0,104,0,5,4,5,0,5,0,0,0,26,0,0,7,6,0,4,0,0,0,20,0,4,8,11,5,4,0,0,0,29,0,4,0,0,6,6,0,0,0,19,0,13,33,49,65,34,14,4,0,212,3,3,12,13,11,7,0,0,0,49,3,20,86,143,185,104,17,0,0,554,8,16,12,37,34,30,10,0,0,155,3,18,54,52,53,37,12,0,0,235,7,5,7,8,4,7,0,0,0,46
SAL80053,0,0,0,0,4,3,0,0,0,11,48,37,166,195,197,103,28,5,0,775,0,0,4,0,0,0,0,0,0,9,0,0,0,0,0,0,0,0,0,0,3,0,5,8,8,0,5,0,0,29,0,0,6,5,6,4,0,0,0,17,9,11,35,27,13,4,4,0,0,103,0,0,7,0,5,5,0,0,0,12,25,7,16,8,9,5,7,0,0,75,37,17,18,11,8,4,0,0,0,84,3,0,0,12,10,10,4,0,0,39,0,3,3,3,7,0,0,0,0,21,0,0,3,4,3,0,0,0,0,13,0,0,7,6,4,0,0,0,0,18,6,3,34,47,37,22,5,3,0,148,0,0,6,5,12,6,0,0,0,35,0,6,97,140,151,65,17,0,0,480,9,7,23,42,53,21,14,0,0,166,4,6,63,57,46,23,9,0,0,205,5,8,8,5,12,8,0,0,0,38
SAL80054,0,0,0,0,3,6,3,0,0,20,70,124,257,281,227,212,37,4,0,1208,0,0,0,0,0,0,0,0,0,3,0,0,0,0,0,0,0,0,0,0,4,0,4,7,8,11,0,0,0,43,0,0,4,4,8,3,0,0,0,24,11,43,49,21,25,24,6,0,0,176,0,4,5,6,0,0,0,0,0,16,35,38,43,24,14,14,6,0,0,176,27,31,42,15,15,20,5,0,0,160,0,3,6,18,5,24,8,0,0,72,0,3,10,8,13,6,4,0,0,42,0,5,5,10,4,7,0,0,0,44,0,3,5,3,4,9,0,0,0,27,3,17,59,68,37,35,10,0,0,230,0,5,19,12,12,7,4,0,0,64,0,24,134,185,149,114,15,0,0,623,12,23,35,51,49,45,10,3,0,231,5,43,71,73,55,64,3,0,0,311,6,4,14,9,7,3,4,0,0,47
SAL80055,0,4,3,0,3,0,0,0,0,12,61,87,178,222,200,129,23,0,0,900,0,0,0,0,0,0,0,0,0,5,0,0,0,0,0,0,0,0,0,0,5,0,7,7,9,5,0,0,0,34,0,0,6,3,0,0,0,0,0,13,7,22,55,54,34,14,0,0,0,194,0,0,3,4,3,3,0,0,0,16,21,17,32,20,18,19,7,0,0,130,41,13,20,9,12,8,3,0,0,101,0,0,17,5,3,11,3,0,0,44,4,0,3,14,8,6,0,0,0,33,0,0,3,11,5,0,0,0,0,17,0,0,7,8,3,0,3,0,0,23,0,19,39,37,41,19,3,0,0,159,6,9,14,13,14,5,0,0,0,57,4,27,99,156,152,72,13,3,0,526,10,8,43,54,42,44,12,0,0,221,7,15,37,42,44,25,4,0,0,173,3,10,9,9,10,3,3,0,0,39
SAL80056,0,0,3,6,0,3,0,0,0,14,95,92,199,432,317,106,16,0,0,1263,0,0,0,0,0,0,0,0,0,3,0,0,0,0,0,0,0,0,0,0,0,5,3,11,10,0,0,0,0,32,0,3,5,5,5,0,0,0,0,18,13,10,30,41,32,16,3,0,0,149,0,0,3,7,5,0,0,0,0,23,45,35,42,31,21,11,4,0,0,184,74,11,19,16,13,0,3,0,0,143,0,3,17,15,11,7,0,0,0,53,0,3,9,16,17,0,0,0,0,48,0,5,6,18,14,10,0,0,0,42,0,7,11,5,9,4,0,0,0,32,0,15,44,136,89,16,4,0,0,300,0,3,13,14,10,4,0,0,0,45,3,28,113,319,295,97,3,0,0,867,13,12,25,87,70,21,3,0,0,237,4,21,29,60,63,23,6,0,0,207,8,3,5,12,5,0,0,0,0,34
SAL80057,0,0,0,0,4,0,0,0,0,3,13,34,130,97,120,90,30,5,0,519,0,0,0,0,0,6,0,0,0,10,0,0,0,0,6,0,0,0,0,6,0,5,0,0,3,7,0,0,0,12,0,0,0,0,0,0,0,0,0,3,0,3,7,7,13,10,12,0,0,54,0,0,0,0,0,4,0,0,0,5,8,7,9,6,11,9,3,4,0,54,11,5,10,4,3,3,0,0,0,29,0,0,4,0,0,6,0,0,0,15,0,4,0,8,0,0,0,0,0,13,0,0,6,5,7,9,4,0,0,30,0,12,6,3,19,3,3,3,0,48,6,6,37,30,45,25,13,0,0,166,0,0,6,4,3,3,0,0,0,13,0,18,137,60,67,51,9,3,0,354,5,6,13,9,18,26,9,4,0,85,0,3,20,23,39,36,10,4,0,143,0,0,0,0,8,3,6,0,0,16
SAL80058,6,9,25,12,5,0,0,0,0,52,92,256,782,583,329,122,13,0,0,2181,0,0,0,0,0,0,0,0,0,4,0,0,0,0,0,0,0,0,0,0,0,3,35,14,16,4,0,0,0,75,0,3,5,10,0,0,0,0,0,21,13,26,103,73,42,12,6,0,0,272,0,6,19,6,3,3,0,0,0,43,28,89,166,59,28,18,4,0,0,401,59,80,186,75,38,24,0,0,0,460,0,5,48,29,13,9,5,0,0,101,0,7,36,26,12,0,0,0,0,85,0,11,28,29,10,3,0,0,0,74,0,3,18,14,7,0,0,0,0,39,5,32,189,156,81,26,3,0,0,485,3,13,52,25,22,11,0,0,0,133,6,55,311,422,280,92,6,0,0,1178,13,34,102,106,60,20,4,0,0,350,6,58,179,132,69,27,5,0,0,480,16,18,32,17,13,0,0,0,0,100
SAL80059,0,0,0,0,0,4,0,0,0,5,31,39,70,127,130,70,22,0,0,495,0,0,0,0,0,0,0,0,0,8,0,0,0,0,0,0,0,0,0,0,0,0,0,0,5,0,0,0,0,10,0,6,0,9,0,0,0,0,0,18,9,17,28,20,22,13,3,0,0,110,0,3,0,0,0,3,0,0,0,8,11,6,14,8,5,10,4,0,0,59,32,7,7,4,6,0,0,0,0,50,0,0,5,3,8,0,0,0,0,22,0,0,0,4,9,3,0,0,0,19,0,0,4,4,4,0,5,0,0,18,0,0,4,4,0,0,0,0,0,12,3,6,20,32,31,19,3,0,0,117,0,0,4,12,5,9,0,0,0,29,0,9,32,95,86,38,12,0,0,275,5,5,4,32,33,29,9,0,0,114,5,8,13,21,30,17,11,0,0,105,3,7,5,3,3,0,0,0,0,25
SAL80060,0,0,0,0,0,0,0,0,0,0,0,0,6,0,0,0,0,0,0,5,0,0,0,0,0,0,0,0,0,3,0,0,0,0,0,0,0,0,0,0,0,0,0,0,0,0,0,0,0,0,0,0,0,0,0,0,0,0,0,0,0,0,0,0,0,0,0,0,0,5,0,0,0,0,0,0,0,0,0,0,0,0,0,0,0,0,0,0,0,0,0,0,0,0,0,0,0,0,0,0,0,0,0,0,0,0,0,0,0,0,0,0,0,0,0,0,0,0,0,0,0,0,0,0,0,0,0,0,0,0,0,0,0,0,0,0,0,0,0,0,0,0,0,0,0,0,0,0,0,5,0,0,0,0,0,0,0,0,0,0,0,0,0,0,0,0,0,0,0,0,0,0,0,0,0,0,0,0,0,0,0,0,0,0,0,0,0,0,0,0,0,0,0,0,0,0,0,0,0,0
SAL80061,0,0,0,7,7,5,0,0,0,16,42,65,144,257,211,121,44,5,0,888,0,0,0,0,4,0,0,0,0,7,0,0,0,0,0,0,0,0,0,0,0,0,3,5,9,4,7,0,0,30,0,0,0,0,3,0,0,0,0,9,4,12,18,11,18,12,3,0,0,70,0,0,4,0,0,5,0,0,0,15,30,10,15,10,11,5,0,0,0,94,28,22,13,13,3,6,0,0,0,80,0,0,13,9,0,0,0,0,0,21,0,0,3,4,7,0,0,4,0,24,0,0,3,3,6,0,4,0,0,16,0,3,0,6,7,3,4,0,3,26,0,8,32,75,51,28,21,0,0,225,6,5,16,10,0,3,0,0,0,38,0,13,66,177,154,78,18,0,0,503,0,7,15,25,31,22,11,0,0,122,3,29,58,127,75,50,22,5,0,367,7,9,0,4,7,3,3,0,0,33
SAL80062,0,3,0,0,0,0,0,0,0,5,41,60,151,176,145,117,17,0,0,707,0,0,0,0,0,0,0,0,0,3,0,0,0,0,0,0,0,0,0,6,5,3,7,14,5,3,3,0,0,41,0,0,5,6,3,4,0,0,0,20,12,23,48,35,28,28,0,0,0,177,0,0,0,7,6,5,0,0,0,22,23,16,12,8,12,10,3,0,0,80,22,3,10,12,9,3,4,0,0,68,0,10,12,5,4,19,5,0,0,60,0,0,0,0,5,0,0,0,0,18,0,0,3,4,5,0,0,0,0,12,0,0,0,5,0,3,0,0,0,19,0,5,32,29,24,12,3,0,0,109,0,6,5,7,11,9,4,0,0,52,0,14,78,122,112,71,13,0,0,405,6,8,15,24,24,19,9,0,0,112,7,20,51,33,23,28,4,0,0,162,5,0,7,3,5,0,0,0,0,12
SAL80063,3,0,0,0,4,3,0,0,0,19,48,54,190,225,166,110,35,0,0,829,0,0,3,0,0,3,0,0,0,4,0,0,0,0,0,0,0,0,0,3,0,0,7,8,4,3,0,0,0,29,0,0,3,4,5,0,0,0,0,19,3,11,51,59,22,12,9,0,0,173,0,0,0,8,0,3,0,0,0,14,15,10,15,11,13,4,9,0,0,82,28,16,16,9,9,3,0,0,0,86,0,4,7,7,4,0,5,0,0,33,0,3,0,5,5,4,0,0,0,23,0,0,0,13,5,0,0,0,0,23,0,0,10,8,9,0,3,0,0,23,3,11,44,54,34,19,4,0,0,170,0,0,12,8,11,3,0,0,0,36,7,8,97,154,113,67,10,0,0,451,10,7,37,56,46,38,17,0,0,208,9,15,46,48,26,19,3,0,0,165,7,3,7,13,7,4,5,0,0,37
SAL80064,0,5,10,3,5,0,4,0,0,28,140,214,473,448,514,350,64,3,0,2206,0,0,0,0,3,0,0,0,0,9,0,0,0,0,0,0,0,0,0,4,8,17,20,16,28,15,4,0,0,105,0,4,12,10,8,7,0,0,0,43,29,52,114,74,69,62,12,0,0,406,4,4,9,13,5,6,0,0,0,48,65,62,64,49,36,47,15,0,0,344,76,50,22,27,23,15,7,0,0,215,0,11,22,26,31,21,5,0,0,121,0,5,22,4,10,9,0,0,0,53,0,6,12,10,16,6,0,0,0,59,0,7,12,9,13,12,0,0,0,51,4,28,73,69,69,57,13,0,0,306,0,6,28,25,34,17,3,0,0,111,8,58,244,316,384,236,41,0,0,1286,11,27,82,67,69,63,7,0,0,328,15,52,133,127,125,100,24,0,0,562,11,6,9,3,3,12,0,0,0,36
SAL80065,0,0,0,3,0,0,0,0,0,8,47,69,189,181,167,119,33,0,0,805,0,0,0,0,0,0,0,0,0,0,0,0,0,0,0,0,0,0,0,0,3,0,8,8,9,0,0,0,0,27,0,0,3,4,6,0,0,0,0,17,3,19,39,39,18,22,4,0,0,145,0,0,0,0,8,0,4,0,0,12,22,23,11,4,15,3,8,0,0,82,34,18,15,11,11,7,0,0,0,93,0,0,5,6,3,9,0,0,0,32,0,0,7,4,6,0,0,0,0,22,0,4,5,7,0,5,0,0,0,27,0,3,0,0,4,5,4,0,0,10,0,6,45,44,9,17,9,0,0,135,0,3,6,3,11,0,0,0,0,29,3,22,104,141,114,75,15,0,0,478,9,12,38,39,32,30,13,0,0,168,0,11,46,46,40,32,10,0,0,196,11,3,3,6,0,7,0,0,0,27
SAL80066,0,4,6,4,0,0,0,0,0,18,30,164,433,231,179,138,33,0,0,1207,0,0,0,0,0,0,0,0,0,5,0,0,3,0,0,0,0,0,0,0,3,4,14,8,11,0,7,0,0,40,0,0,10,3,5,6,0,0,0,26,0,21,56,24,15,17,0,0,0,130,0,3,14,0,0,4,0,0,0,20,12,26,68,26,9,22,5,0,0,164,18,31,58,19,11,12,3,0,0,149,0,0,27,14,6,12,3,0,0,63,0,3,10,3,8,0,0,0,0,31,0,3,13,3,0,0,4,0,0,20,0,4,13,4,0,0,0,0,0,27,0,23,93,45,35,24,14,0,0,233,0,3,20,15,13,13,4,0,0,64,0,68,258,211,149,92,21,0,0,798,0,21,52,29,22,15,10,0,0,153,3,47,145,61,50,45,11,0,0,359,4,5,8,3,3,3,0,0,0,28
SAL80067,0,3,8,0,3,4,0,0,0,20,65,140,490,318,283,207,56,12,4,1578,0,0,3,0,0,0,0,0,0,7,0,0,0,0,0,0,0,0,0,0,6,4,13,8,5,9,4,0,0,52,0,0,3,0,12,4,0,0,0,19,11,10,31,26,16,15,0,5,0,114,0,10,0,12,3,7,0,0,0,34,24,25,32,16,16,14,11,3,0,141,41,30,58,20,12,5,0,0,0,169,0,0,14,7,6,7,6,0,0,34,0,3,12,13,8,4,0,0,0,38,0,5,16,17,16,7,0,0,0,62,0,0,15,11,17,6,7,0,0,63,7,39,126,83,101,58,32,3,0,450,4,0,17,9,13,5,0,0,0,54,6,99,431,296,239,161,33,0,0,1253,16,12,69,37,58,37,19,0,0,251,3,23,95,54,51,51,20,0,0,301,11,5,14,6,12,4,0,0,0,56
SAL80068,0,10,19,11,8,0,0,0,0,54,116,323,902,533,380,166,33,0,0,2455,0,0,0,0,0,0,6,0,0,3,0,0,0,0,0,0,0,0,0,0,0,17,42,27,21,9,5,0,0,117,0,0,23,11,5,0,0,0,0,47,9,53,139,96,50,21,3,0,0,378,0,0,18,13,3,4,0,0,0,42,32,87,226,64,25,21,8,0,0,461,69,112,254,76,32,28,0,0,0,572,4,11,64,20,22,7,0,0,0,132,0,9,28,7,10,5,3,0,0,60,0,13,27,22,14,9,0,0,0,77,0,8,30,21,9,5,0,0,0,68,8,54,216,140,98,31,5,0,0,546,0,18,61,53,25,15,6,0,0,175,13,86,312,317,297,159,14,0,0,1190,18,33,122,108,72,36,6,0,0,410,14,69,236,113,74,34,12,0,0,557,8,18,23,14,3,4,4,0,0,76
SAL80069,0,0,0,0,0,0,0,0,0,13,56,71,131,216,237,121,26,6,0,863,0,0,0,0,0,0,0,0,0,3,0,0,3,0,0,0,0,0,0,5,8,3,4,9,5,3,0,0,0,32,0,0,0,0,3,0,0,0,0,7,0,10,16,18,11,9,5,0,0,76,0,0,0,3,3,0,0,0,0,14,26,15,16,5,7,7,3,0,0,75,35,23,13,5,8,4,0,0,0,83,0,0,4,7,3,5,5,0,0,24,0,4,0,5,8,7,0,0,0,32,0,0,0,3,8,0,0,0,0,17,0,0,0,4,6,4,0,0,0,22,0,10,34,53,59,34,9,5,0,195,0,0,5,4,7,3,0,0,0,22,0,11,77,183,201,70,10,0,0,556,6,13,33,58,64,34,10,0,0,212,0,13,37,24,33,25,9,0,0,138,8,7,9,15,17,11,3,0,0,65
SAL80070,0,0,0,0,0,0,0,0,0,0,8,8,0,11,24,12,5,0,0,77,0,0,0,0,0,0,0,0,0,0,0,0,0,0,0,0,0,0,0,0,0,0,0,0,0,0,0,0,0,0,0,0,0,0,0,0,0,0,0,0,0,0,3,4,4,0,0,0,0,13,0,0,0,0,0,0,0,0,0,0,4,0,0,0,4,0,0,0,0,4,4,0,0,0,0,0,0,0,0,7,0,0,0,0,0,0,0,0,0,5,0,0,0,0,0,0,0,0,0,0,0,0,0,0,0,0,0,0,0,0,0,0,0,0,0,3,3,0,0,5,0,0,0,0,7,4,9,0,0,21,0,0,0,0,0,0,0,0,0,7,0,0,0,8,10,10,0,0,0,31,0,0,0,5,3,0,0,0,0,17,0,4,0,3,10,0,0,0,0,16,0,0,0,0,0,0,0,0,0,5
SAL80071,0,5,31,15,14,0,0,0,0,67,112,269,679,680,442,144,15,0,0,2337,0,0,3,5,0,0,0,0,0,7,0,0,0,0,0,0,0,0,0,0,4,4,23,7,10,4,0,0,0,58,3,0,10,18,5,0,0,0,0,42,9,30,99,78,45,15,0,0,0,281,0,9,7,5,4,3,0,0,0,36,44,90,134,59,41,14,3,0,0,379,81,81,153,76,34,18,3,0,0,443,0,12,39,26,14,13,0,0,0,95,0,9,20,21,17,4,0,0,0,78,0,8,28,24,17,4,0,0,0,82,0,9,19,12,7,3,0,0,0,51,0,40,164,161,100,32,4,4,0,516,0,8,43,33,23,13,0,0,0,127,8,51,344,563,382,125,11,0,0,1486,14,50,96,124,93,19,0,0,0,394,17,40,148,128,79,29,5,0,0,451,9,14,19,16,15,0,0,0,0,77
SAL80072,0,3,0,3,7,0,0,0,0,11,43,66,149,146,178,109,30,5,0,734,0,0,3,0,0,0,0,0,0,4,0,0,0,0,0,0,0,0,0,0,7,0,5,6,8,4,0,0,0,30,0,0,0,0,0,4,0,0,0,6,10,11,26,19,10,9,0,0,0,88,0,0,0,0,4,0,0,0,0,9,25,15,18,11,9,4,4,0,0,94,27,23,33,6,7,4,0,0,0,98,0,0,7,8,7,10,0,0,0,30,6,0,7,5,6,3,0,0,0,16,0,0,0,5,8,0,0,0,0,16,0,0,4,4,4,3,0,0,0,24,3,15,24,46,52,27,10,3,0,175,0,5,14,12,9,9,3,3,0,41,4,8,63,95,134,57,11,0,0,379,7,17,35,31,43,38,15,0,0,190,9,18,46,34,31,25,13,0,0,178,9,3,10,0,3,0,6,0,0,32
SAL80073,0,0,3,0,0,4,0,0,0,5,43,61,220,200,170,99,17,0,0,817,0,0,0,0,0,0,0,0,0,6,0,0,0,0,0,0,0,0,0,0,0,3,3,3,3,9,0,0,0,25,0,0,0,8,0,3,0,0,0,16,9,20,58,32,30,15,6,0,0,175,0,0,0,0,3,0,0,0,0,9,29,19,29,14,15,10,0,0,0,117,34,20,19,10,9,0,6,0,0,101,0,5,6,4,12,9,5,0,0,39,0,3,4,13,3,0,0,0,0,30,0,0,7,4,5,4,0,0,0,17,0,0,4,4,10,6,0,0,0,18,0,9,45,47,31,9,3,4,0,149,0,5,12,13,15,7,4,0,0,56,0,10,109,135,121,69,10,0,0,450,3,5,40,39,40,27,3,0,0,161,3,13,51,47,37,24,8,0,0,174,4,11,11,5,7,0,0,0,0,44
SAL80074,0,0,5,5,0,0,0,0,0,13,38,56,158,182,185,97,19,5,0,739,0,0,0,0,0,0,0,0,0,9,0,0,0,4,0,0,0,0,0,4,0,6,7,10,3,0,0,0,0,30,0,0,0,0,3,0,0,0,0,10,5,11,24,24,15,3,4,0,0,89,0,0,0,0,0,0,0,0,0,5,20,16,10,8,10,0,0,0,0,80,35,8,22,5,11,4,0,0,0,72,0,0,6,10,12,5,0,0,0,32,0,0,6,3,6,3,0,0,0,21,0,0,0,3,3,4,0,0,0,16,0,0,5,3,8,4,0,0,0,18,4,8,32,59,38,23,10,0,0,169,0,5,9,10,5,7,0,0,0,29,4,17,100,148,140,60,19,0,0,482,3,11,27,29,37,20,8,0,0,136,3,15,37,36,30,26,5,0,0,146,5,0,5,3,7,5,0,0,0,24
SAL80075,0,0,11,8,6,0,0,0,0,24,66,135,427,365,273,141,30,3,0,1440,0,4,3,0,0,0,0,0,0,7,0,0,0,0,0,0,0,0,0,0,0,5,10,10,8,10,5,0,0,46,0,5,11,8,0,4,0,0,0,24,4,34,85,64,54,25,0,0,0,269,0,4,8,4,9,5,0,0,0,27,18,32,63,34,25,3,3,0,0,178,48,29,50,29,16,8,0,0,0,177,0,3,18,14,19,11,9,0,0,74,0,0,10,14,11,6,3,0,0,46,0,0,11,14,11,8,0,0,0,53,3,5,11,8,9,0,0,0,0,36,4,14,78,71,38,12,6,0,0,216,6,6,24,16,13,7,3,0,0,83,5,19,201,247,173,87,13,0,0,751,16,31,66,89,72,30,4,0,0,318,13,35,121,84,61,32,13,0,0,362,5,5,16,13,0,3,6,0,0,53
SAL80076,0,3,3,0,0,0,0,0,0,7,53,72,138,190,184,125,25,3,0,788,0,0,0,0,0,0,3,0,0,5,0,0,0,0,0,0,0,0,0,0,3,0,5,6,6,5,0,0,0,24,0,0,0,0,3,0,0,0,0,10,4,7,15,17,15,8,0,0,0,64,0,0,0,0,0,0,0,0,0,10,24,19,14,12,10,9,0,0,0,80,32,22,20,6,12,3,0,0,0,98,0,3,10,3,7,0,0,0,0,19,0,0,4,0,9,0,0,0,0,19,0,0,0,5,3,0,4,0,0,19,0,0,4,3,0,3,0,0,0,17,3,11,23,42,54,35,12,0,0,183,4,3,11,3,4,5,0,0,0,33,0,26,77,160,120,95,13,0,0,483,9,11,22,30,53,21,7,0,0,149,7,22,49,55,50,38,18,0,0,239,8,3,7,5,13,3,0,0,0,45
SAL80077,0,0,0,0,0,0,0,0,0,0,0,0,0,0,3,0,0,0,0,3,0,0,0,0,0,0,0,0,0,0,0,0,0,0,0,0,0,0,0,0,0,0,0,0,0,0,0,0,0,0,0,0,0,0,0,0,0,0,0,0,0,0,0,0,0,0,0,0,0,0,0,0,0,0,0,0,0,0,0,0,0,0,0,0,0,0,0,0,0,0,0,0,0,0,0,0,0,0,0,0,0,0,0,0,0,0,0,0,0,0,0,0,0,0,0,0,0,0,0,0,0,0,0,0,0,0,0,0,0,0,0,0,0,0,0,0,0,0,0,0,0,0,0,0,0,0,0,0,0,0,0,0,0,0,0,0,0,0,0,0,0,0,0,0,0,0,0,0,0,0,0,0,0,0,0,0,0,0,0,0,0,0,0,0,0,0,0,0,0,0,0,0,0,0,3,0,0,0,0,3
SAL80078,0,0,0,0,0,5,0,0,0,3,29,48,83,132,123,115,25,3,0,566,0,0,0,0,0,0,0,0,0,0,0,0,0,0,0,0,0,0,0,0,0,0,0,5,6,3,0,0,0,18,0,0,3,0,3,4,0,0,0,9,4,5,10,14,14,9,3,0,0,64,0,0,8,0,0,6,0,0,0,8,13,12,5,5,4,12,3,0,0,50,24,8,8,7,4,10,0,0,0,54,0,0,4,4,6,0,3,0,0,19,4,0,0,4,3,6,0,0,0,19,0,0,4,0,3,0,0,0,0,12,0,6,3,5,0,0,3,0,0,17,0,16,26,32,16,24,16,0,0,132,0,0,7,0,10,7,4,0,0,32,0,12,46,95,97,88,18,0,0,360,3,7,19,9,29,14,4,0,0,95,0,12,31,43,42,39,11,0,0,179,3,0,3,0,5,3,0,0,0,13
SAL80079,0,5,6,4,3,6,0,0,0,16,59,98,304,250,220,183,24,0,0,1139,0,0,3,0,0,0,0,0,0,0,0,0,0,0,0,0,0,0,0,0,4,5,10,7,14,14,8,0,0,53,0,0,5,5,7,0,0,0,0,21,9,32,83,55,30,19,0,0,0,224,0,0,7,3,5,10,4,0,0,29,20,25,42,36,23,19,5,0,0,171,44,27,20,12,13,11,0,0,0,128,0,4,17,13,25,24,0,0,0,90,0,0,3,5,3,9,0,0,0,27,0,0,11,7,3,4,0,0,0,23,0,4,4,3,6,0,0,0,0,26,3,15,41,54,22,17,3,3,0,157,3,7,20,8,14,12,6,0,0,69,3,22,146,170,141,108,12,0,0,601,5,9,40,36,40,19,0,0,0,157,5,30,106,79,58,46,6,0,0,327,5,6,0,5,0,5,0,0,0,21
SAL80080,0,0,0,0,0,0,0,0,0,0,12,16,60,77,34,4,6,0,0,200,0,0,0,0,0,0,0,0,0,0,0,0,0,0,0,0,0,0,0,0,0,3,0,4,0,0,0,0,0,7,0,0,0,0,0,0,0,0,0,5,0,0,16,4,4,0,0,0,0,26,0,0,0,0,0,0,0,0,0,0,13,4,7,3,5,0,0,0,0,23,6,4,4,9,4,0,0,0,0,28,0,0,0,9,6,0,0,0,0,12,0,0,0,3,5,0,0,0,0,5,0,3,0,6,5,0,0,0,0,10,0,0,0,3,0,0,0,0,0,4,0,5,8,19,3,0,0,0,0,38,0,4,5,9,0,0,0,0,0,18,0,9,27,36,20,3,0,0,0,88,0,4,18,6,8,0,0,0,0,37,0,4,16,32,12,0,6,0,0,62,0,0,0,0,0,0,0,0,0,0
SAL80081,0,0,12,9,3,3,0,0,0,34,85,157,371,481,347,261,75,6,0,1786,0,0,5,0,5,0,0,0,0,9,0,0,0,0,0,0,0,0,0,0,4,3,15,11,18,9,8,0,0,67,0,7,10,7,6,5,0,0,0,33,21,38,86,82,65,29,12,0,0,332,3,4,3,14,13,0,5,0,0,33,32,50,60,25,22,27,14,4,0,228,65,29,79,40,24,22,9,6,0,269,0,4,18,21,8,20,7,0,0,82,4,6,17,18,13,5,0,0,0,60,0,4,9,14,3,8,5,0,0,43,0,4,9,4,10,8,6,0,0,40,8,29,108,132,92,46,23,0,0,437,9,7,32,29,28,18,3,0,0,126,3,38,153,337,266,137,26,7,0,965,14,38,72,106,80,71,24,0,0,412,10,27,97,79,54,65,10,0,0,342,15,18,15,23,17,6,0,0,0,93
SAL80082,7,4,23,21,4,4,0,0,0,60,228,311,733,908,877,548,155,9,0,3775,3,0,3,4,0,4,0,0,0,17,0,0,0,0,0,0,0,0,0,7,4,18,22,44,43,32,5,0,0,156,0,6,13,20,17,8,0,0,0,60,34,79,182,163,108,67,20,5,0,649,0,8,11,18,18,16,9,3,0,77,126,81,103,75,66,49,18,3,0,525,164,91,71,30,33,21,8,0,0,408,6,16,43,44,39,45,20,0,0,211,4,7,26,26,37,11,0,0,0,113,0,8,16,19,18,15,8,0,0,74,0,8,22,15,10,8,4,0,0,78,8,45,156,186,154,93,42,8,0,693,5,17,41,41,44,40,24,0,0,222,9,82,373,584,665,358,57,0,0,2137,25,61,102,168,161,112,37,7,0,671,18,87,222,241,237,178,59,3,0,1043,26,25,16,18,21,17,6,0,0,136
SAL80083,0,0,16,13,7,3,0,0,0,35,38,215,921,515,279,216,63,7,0,2262,0,0,0,3,0,5,3,0,0,14,0,0,0,0,0,0,0,0,0,4,0,5,10,13,8,10,0,0,0,41,0,0,11,0,9,4,0,0,0,21,5,11,50,21,13,12,5,0,0,123,0,5,11,3,0,3,5,0,0,21,21,20,37,18,7,18,7,0,0,129,23,35,42,19,7,11,3,0,0,142,0,0,14,15,3,5,3,6,0,47,0,5,32,28,3,4,8,0,0,85,0,3,23,9,10,13,3,0,0,62,0,7,28,10,0,12,7,0,0,62,0,54,267,143,96,75,15,8,0,645,0,5,16,18,10,15,6,0,0,69,6,171,848,519,306,159,34,4,0,2038,6,20,109,69,45,48,18,0,0,323,4,20,151,81,38,28,13,0,0,334,0,3,26,16,9,8,4,0,0,69
SAL80084,0,5,4,5,3,0,0,0,0,17,62,63,215,249,212,125,37,0,0,960,0,0,4,0,0,0,0,0,0,5,0,0,0,0,0,0,0,0,0,0,0,6,8,3,8,4,0,0,0,26,0,0,0,7,3,6,0,0,0,13,10,32,70,54,32,11,6,0,0,220,0,0,4,0,0,0,0,0,0,11,22,16,25,31,14,15,4,0,0,133,30,15,21,15,4,4,5,0,0,92,0,5,0,4,13,11,3,0,0,46,0,0,5,3,4,7,0,0,0,19,0,0,3,4,7,5,0,0,0,17,0,0,7,5,5,3,0,0,0,21,0,8,47,51,44,19,3,0,0,173,0,9,6,16,10,12,0,0,0,60,3,3,102,164,163,65,11,5,0,523,9,15,38,54,60,29,8,0,0,218,0,21,58,42,39,37,12,0,0,202,10,4,3,8,6,0,0,0,0,30
SAL80085,0,5,11,0,3,0,0,0,0,27,22,202,399,175,73,28,3,0,0,899,0,0,4,0,0,0,0,0,0,4,0,0,0,0,0,0,0,0,0,0,0,6,9,7,0,0,0,0,0,29,0,0,10,7,0,0,0,0,0,14,3,25,73,25,5,5,0,0,0,127,0,0,4,0,0,0,0,0,0,16,8,50,75,10,4,3,0,0,0,151,10,58,80,16,5,4,0,0,0,178,0,3,19,10,3,0,0,0,0,45,0,4,13,8,0,0,0,0,0,29,0,4,13,0,0,3,0,0,0,23,0,12,13,8,0,0,0,0,0,32,0,26,119,50,21,5,0,0,0,224,0,12,25,14,5,0,0,0,0,55,0,38,152,108,54,21,0,0,0,382,9,39,78,48,13,10,0,0,0,193,9,58,109,50,20,10,0,0,0,248,3,9,16,6,0,0,0,0,0,29
SAL80086,5,3,16,5,0,0,0,0,0,31,55,281,592,343,244,159,43,0,0,1735,0,0,3,0,0,0,0,0,0,11,0,0,0,0,0,0,0,0,0,6,0,14,16,4,14,5,0,0,0,47,0,5,7,10,0,0,0,0,0,19,0,13,39,31,25,12,3,0,0,124,5,4,0,4,0,3,0,0,0,15,13,41,50,23,14,10,3,0,0,164,29,73,86,24,12,3,3,0,0,227,3,7,12,10,10,3,6,0,0,43,0,14,25,23,3,8,0,0,0,73,0,10,24,10,4,4,0,0,0,49,0,0,7,9,0,4,9,0,0,40,3,65,184,89,72,29,22,3,0,467,0,6,41,30,12,11,0,0,0,101,4,94,375,231,187,101,12,0,0,1002,8,46,124,107,69,53,13,0,0,428,0,46,90,53,53,36,14,0,0,299,6,24,27,7,15,4,3,0,0,92
SAL80087,0,0,6,3,3,5,0,0,0,20,44,71,262,196,185,79,16,5,0,856,0,0,0,0,0,0,0,0,0,0,0,0,0,0,0,0,0,0,0,0,3,0,12,5,3,3,0,0,0,27,0,0,3,0,9,4,0,0,0,17,0,9,22,25,22,6,6,0,0,86,0,3,0,5,0,0,0,0,0,7,12,23,47,13,14,9,0,0,0,125,21,17,53,13,4,3,0,0,0,111,3,0,12,11,4,6,0,0,0,36,0,0,10,3,8,3,0,0,0,27,0,0,3,7,0,0,0,0,0,14,0,0,6,0,3,4,0,0,0,17,0,3,37,51,30,15,3,0,0,140,0,12,32,30,12,6,3,0,0,93,0,30,117,125,129,62,11,0,0,477,4,10,46,41,38,21,4,0,0,162,0,20,106,67,41,24,5,0,0,268,6,8,3,4,4,4,3,0,0,35
SAL80088,0,0,3,0,0,0,0,0,0,8,23,29,66,86,85,70,18,5,0,375,0,0,0,0,0,0,0,0,0,3,0,0,0,0,0,0,0,0,0,0,0,0,10,0,3,6,0,0,0,22,0,0,0,5,0,0,0,0,0,7,3,5,20,21,11,7,0,0,0,62,0,0,0,0,0,5,0,0,0,5,4,5,8,0,8,3,3,0,0,35,13,6,3,3,0,4,0,0,0,40,0,0,3,0,10,3,0,0,0,22,0,0,3,6,3,0,0,0,0,10,0,0,3,0,3,3,0,0,0,11,0,0,6,3,0,0,0,0,0,11,0,6,15,17,10,10,3,0,0,71,0,4,4,4,4,0,7,0,0,14,0,8,37,72,74,43,4,0,0,242,0,5,10,15,23,16,6,0,0,73,3,9,9,15,12,16,8,0,0,77,5,0,3,4,3,0,0,0,0,15
SAL80089,0,4,7,3,3,0,0,0,0,23,84,133,493,593,341,196,36,0,0,1876,0,0,3,6,3,5,0,0,0,15,0,0,0,0,0,0,3,0,0,4,0,4,23,15,20,0,3,0,0,66,0,0,12,8,5,4,0,0,0,34,13,38,104,92,45,21,9,0,0,313,0,3,3,10,5,6,0,0,0,30,38,45,73,65,37,25,5,0,0,282,60,30,47,42,16,8,4,0,0,203,0,3,21,32,24,21,0,0,0,103,3,4,19,20,11,5,0,0,0,56,3,4,20,14,14,0,5,0,0,56,0,4,9,16,4,3,0,0,0,39,0,9,93,101,59,26,15,0,0,307,0,15,28,27,18,15,6,0,0,100,4,29,235,387,253,94,13,0,0,1020,18,14,86,142,70,44,10,0,0,374,9,42,138,154,84,57,11,0,0,501,4,3,19,17,11,6,3,0,0,65
SAL80090,0,0,0,0,0,0,0,0,0,0,0,0,0,0,0,0,0,0,0,0,0,0,0,0,0,0,0,0,0,0,0,0,0,0,0,0,0,0,0,0,0,0,0,0,0,0,0,0,0,0,0,0,0,0,0,0,0,0,0,0,0,0,0,0,0,0,0,0,0,0,0,0,0,0,0,0,0,0,0,0,0,0,0,0,0,0,0,0,0,0,0,0,0,0,0,0,0,0,0,0,0,0,0,0,0,0,0,0,0,0,0,0,0,0,0,0,0,0,0,0,0,0,0,0,0,0,0,0,0,0,0,0,0,0,0,0,0,0,0,0,0,0,0,0,0,0,0,0,0,0,0,0,0,0,0,0,0,0,0,0,0,0,0,0,0,0,0,0,0,0,0,0,0,0,0,0,0,0,0,0,0,0,0,0,0,0,0,0,0,0,0,0,0,0,0,0,0,0,0,0
SAL80091,0,0,4,0,0,6,0,0,0,8,41,83,209,194,142,83,18,0,0,776,0,0,0,0,0,0,0,0,0,12,0,0,0,0,0,0,0,0,0,3,0,3,4,0,3,0,0,0,0,19,0,0,0,3,0,0,0,0,0,6,4,11,29,30,15,6,6,0,0,93,0,0,3,4,0,0,0,0,0,6,10,26,25,15,4,5,9,0,0,95,30,35,31,11,7,3,0,0,0,113,0,3,10,4,4,6,0,0,0,31,0,0,3,8,6,3,0,0,0,23,0,0,4,10,0,4,0,0,0,11,0,4,9,9,4,3,0,0,0,17,0,19,50,45,38,21,4,0,0,174,0,4,13,10,3,9,0,0,0,48,3,23,105,136,112,48,10,0,0,434,12,17,53,47,53,25,8,0,0,218,7,17,56,37,23,22,3,0,0,161,3,4,8,8,3,4,0,0,0,25
SAL80092,0,0,5,7,0,0,0,0,0,16,38,80,242,223,179,119,25,0,0,899,0,0,0,0,0,0,0,0,0,0,0,0,0,0,0,0,0,0,0,3,3,4,3,0,3,3,6,0,0,26,0,3,9,6,3,0,0,0,0,17,3,9,27,24,18,17,3,0,0,110,0,3,3,0,3,4,0,0,0,12,20,26,45,19,9,6,5,4,0,136,29,22,42,15,0,3,0,0,0,117,0,0,15,10,4,5,0,0,0,37,0,3,4,8,11,4,0,0,0,22,0,0,5,4,9,3,0,0,0,15,0,4,6,3,3,6,0,0,0,31,6,12,31,48,32,23,13,0,0,167,0,8,14,24,11,4,0,0,0,67,3,22,94,139,139,87,17,0,0,496,9,3,36,31,31,17,10,0,0,126,4,24,125,93,57,38,8,0,0,341,0,4,4,0,6,4,0,0,0,11
SAL80093,0,0,0,0,3,0,0,0,0,5,34,61,129,129,147,123,30,4,0,662,0,0,0,0,0,3,3,0,0,7,0,0,0,0,0,0,0,0,0,0,0,3,3,7,0,7,0,0,0,24,0,0,0,6,0,0,0,0,0,8,3,16,34,24,28,16,9,0,0,126,0,0,0,0,3,0,0,0,0,11,21,16,13,10,8,10,9,0,0,81,12,25,13,3,6,13,5,0,0,80,0,3,5,6,11,3,6,0,0,33,0,0,8,0,3,0,0,0,0,14,0,0,10,5,5,10,0,0,0,24,0,0,3,0,4,4,0,0,0,15,0,11,32,35,40,27,8,0,0,155,3,4,3,0,13,4,5,0,0,33,4,12,63,107,111,70,10,0,0,370,5,7,18,29,24,33,11,0,0,130,4,17,35,28,34,23,7,4,0,149,5,5,5,4,0,0,0,0,0,16
SAL80094,3,0,6,0,0,4,0,0,0,13,46,67,156,232,187,101,28,3,0,814,0,0,0,0,0,0,0,0,0,5,0,0,0,0,0,0,0,0,0,0,6,0,0,9,6,6,0,0,0,20,0,0,6,3,8,3,3,0,0,18,9,19,29,33,35,14,8,0,0,144,0,3,3,4,0,0,0,0,0,15,24,19,18,26,18,13,5,0,0,128,24,18,14,7,5,0,0,0,0,73,0,0,5,6,5,5,3,0,0,22,0,0,6,9,13,0,0,0,0,28,0,5,4,10,9,0,0,0,0,21,0,0,9,0,0,0,0,0,0,8,0,4,39,50,57,30,12,0,0,196,0,0,10,11,7,9,3,0,0,44,6,18,66,145,114,57,11,0,0,419,10,7,36,63,52,28,11,0,0,204,5,14,38,43,41,22,5,3,0,169,7,8,14,8,4,4,4,0,0,40
SAL80095,0,0,0,0,0,0,0,0,0,0,0,0,0,0,0,0,0,0,0,3,0,0,0,0,0,0,0,0,0,0,0,0,0,0,0,0,0,0,0,0,0,0,0,0,0,0,0,0,0,0,0,0,0,0,0,0,0,0,0,0,0,0,0,0,0,0,0,0,0,0,0,0,0,0,0,0,0,0,0,0,0,0,0,0,0,0,0,0,0,0,0,0,0,0,0,0,0,0,0,0,0,0,0,0,0,0,0,0,0,0,0,0,0,0,0,0,0,0,0,0,0,0,0,0,0,0,0,0,0,0,0,0,0,0,0,0,0,0,0,0,0,0,0,0,0,0,0,0,0,0,0,0,0,0,0,0,0,0,0,0,0,0,0,0,0,0,0,0,0,0,0,0,0,0,0,0,0,0,0,0,0,0,0,0,0,0,0,0,0,0,0,0,0,0,0,0,0,0,0,0
SAL80096,0,0,0,0,0,0,0,0,0,0,0,0,0,0,0,0,0,0,0,0,0,0,0,0,0,0,0,0,0,0,0,0,0,0,0,0,0,0,0,0,0,0,0,0,0,0,0,0,0,0,0,0,0,0,0,0,0,0,0,0,0,0,0,0,0,0,0,0,0,0,0,0,0,0,0,0,0,0,0,0,0,0,0,0,0,0,0,0,0,0,0,0,0,0,0,0,0,0,0,0,0,0,0,0,0,0,0,0,0,0,0,0,0,0,0,0,0,0,0,0,0,0,0,0,0,0,0,0,0,0,0,0,0,0,0,0,0,0,0,0,0,0,0,0,0,0,0,0,0,0,0,0,0,0,0,0,0,0,0,0,0,0,0,0,0,0,0,0,0,0,0,0,0,0,0,0,0,0,0,0,0,0,0,0,0,0,0,0,0,0,0,0,0,0,0,0,0,0,0,0
SAL80097,0,0,4,3,5,5,0,0,0,21,64,100,252,311,273,252,47,4,0,1308,0,0,0,0,0,0,0,0,0,3,0,0,5,0,0,0,0,0,0,0,4,8,7,11,9,12,8,0,0,56,0,0,6,3,8,4,3,0,0,20,18,24,64,55,41,37,3,0,0,244,0,3,5,9,5,8,3,0,0,34,27,29,31,23,20,22,9,0,0,148,39,17,8,18,13,8,0,0,0,104,0,10,12,17,14,20,5,0,0,80,3,0,0,5,3,8,0,0,0,30,0,4,4,13,6,18,4,0,0,45,0,3,10,3,6,7,0,0,0,28,5,17,48,49,49,37,19,0,0,224,5,5,16,15,14,14,6,0,0,73,12,40,172,227,224,164,26,6,0,860,9,10,34,53,56,51,9,0,0,218,4,24,75,77,59,64,15,0,0,325,8,3,8,9,3,6,0,0,0,49
SAL80098,0,0,0,9,3,0,0,0,0,17,53,101,464,478,177,50,8,0,0,1323,0,0,4,0,0,0,0,0,0,3,0,0,0,0,0,0,0,0,0,5,3,0,21,19,7,4,0,0,0,52,0,0,3,10,0,0,0,0,0,13,3,19,81,66,22,5,0,0,0,195,0,0,3,13,0,0,0,0,0,23,30,28,74,51,12,10,0,0,0,203,36,22,55,25,13,6,4,0,0,164,0,5,33,33,10,3,6,0,0,85,0,5,14,20,5,5,0,0,0,38,0,0,22,22,17,0,0,0,0,61,0,10,6,7,0,3,0,0,0,28,4,22,121,124,26,7,0,0,0,313,0,0,23,25,8,4,4,0,0,64,4,34,225,331,155,30,10,0,0,789,6,12,65,107,48,7,0,0,0,244,6,31,136,143,48,8,0,0,0,377,3,5,8,8,3,0,0,0,0,27
SAL80099,0,0,9,6,0,3,0,0,0,29,84,131,328,411,377,236,47,3,0,1607,0,0,0,4,0,0,3,0,0,10,0,0,0,0,0,0,0,0,0,0,0,9,10,9,8,6,3,0,0,44,0,0,0,6,4,4,0,0,0,9,11,21,45,36,41,24,8,0,0,181,0,0,5,9,3,5,0,0,0,22,42,30,42,16,25,23,3,5,0,183,52,43,44,36,14,17,7,0,0,205,3,6,12,8,14,12,3,0,0,57,0,0,11,13,17,6,0,0,0,50,0,0,13,20,4,7,0,0,0,44,0,0,9,8,9,9,0,0,0,39,0,27,82,126,82,53,17,5,0,392,0,5,11,26,20,12,3,0,0,82,3,42,236,310,311,144,32,0,0,1082,14,20,29,48,80,68,11,5,0,267,6,20,87,71,68,55,13,0,0,331,0,10,3,11,9,4,8,4,0,54
SAL80100,4,10,13,7,8,0,0,0,0,45,139,252,818,784,596,302,63,6,0,2962,0,0,3,0,0,4,0,0,0,8,0,0,0,0,0,0,0,0,0,4,4,8,37,29,30,13,3,0,0,129,0,0,14,21,7,9,4,0,0,47,17,63,179,137,67,37,10,4,0,514,4,4,12,16,11,10,0,0,0,55,67,68,132,82,53,45,14,0,0,459,106,66,91,77,36,20,0,0,0,396,0,9,54,48,22,22,8,0,0,171,4,10,33,22,28,8,0,0,0,106,0,6,30,32,15,10,4,0,0,91,5,11,18,16,11,11,4,0,0,69,4,45,180,150,111,59,22,0,0,569,3,22,32,53,44,23,12,0,0,185,7,58,401,483,396,190,29,0,0,1574,21,38,157,176,117,43,17,0,0,573,16,57,182,183,120,69,19,3,0,651,14,18,27,23,15,4,0,0,0,99
SAL80101,0,0,6,4,10,0,0,0,0,23,131,193,239,349,514,304,72,3,0,1810,0,0,0,0,0,3,0,0,0,6,0,0,0,0,0,0,0,0,0,0,10,3,8,17,12,7,0,4,0,55,0,4,3,3,10,5,3,0,0,24,16,65,51,43,62,42,14,0,0,295,4,4,9,4,8,7,0,0,0,36,55,58,37,16,39,40,15,0,0,264,100,50,15,22,30,18,4,0,0,242,0,7,9,15,21,19,6,0,0,82,4,8,9,16,17,6,0,0,0,56,0,7,5,16,25,10,3,0,0,74,6,4,9,3,9,6,7,0,0,50,10,42,65,85,112,102,23,3,0,434,0,10,6,16,22,11,9,0,0,79,9,55,125,241,393,238,41,0,0,1097,19,41,59,56,122,71,18,4,0,380,14,38,51,62,86,59,14,0,0,323,12,13,10,10,9,11,3,0,0,62
SAL80102,0,0,7,3,3,5,0,0,0,24,73,320,387,310,356,205,36,8,0,1694,0,4,0,0,0,0,0,0,0,10,0,0,0,0,0,0,0,0,0,4,8,10,18,6,3,8,0,0,0,58,0,4,3,4,8,0,0,0,0,15,9,17,34,24,33,17,3,0,0,141,0,4,4,0,3,6,0,0,0,20,40,59,30,10,14,10,3,0,0,168,56,106,62,14,9,10,4,0,0,259,0,5,14,11,11,9,0,0,0,47,0,18,20,10,18,7,0,0,0,78,0,9,10,14,16,8,4,0,0,52,0,6,4,9,6,10,5,0,0,34,5,108,120,86,116,70,21,3,0,526,0,7,15,15,10,4,0,0,0,56,4,86,235,214,273,124,15,0,0,954,12,67,89,101,120,66,16,3,0,471,10,52,56,48,48,53,14,0,0,284,9,16,12,7,12,18,7,7,0,80
SAL80103,0,0,0,0,0,0,0,0,0,0,19,24,19,23,70,48,19,5,0,223,0,0,0,0,0,0,0,0,0,3,0,0,0,0,0,0,0,0,0,0,0,0,0,4,4,4,0,0,0,12,0,0,0,0,0,0,0,0,0,4,0,3,5,5,12,5,0,0,0,35,0,0,0,0,0,0,0,0,0,4,0,9,4,0,0,0,0,0,0,15,14,5,3,3,7,0,6,0,0,34,0,0,0,0,0,0,0,0,0,0,0,0,0,0,3,0,0,0,0,6,0,0,0,3,3,4,0,0,0,12,0,0,0,0,6,10,3,3,0,20,0,0,6,5,14,11,4,0,0,49,0,7,3,0,4,3,3,0,0,19,0,10,17,23,32,25,4,0,0,110,3,6,4,3,7,4,3,0,0,31,5,3,6,9,32,27,19,0,0,108,6,0,0,0,0,0,0,0,0,4
SAL80104,0,0,0,0,0,0,0,0,0,0,0,4,17,17,17,7,0,0,0,59,0,0,0,0,0,0,0,0,0,0,0,0,0,0,0,0,0,0,0,0,0,0,4,6,0,6,0,0,0,9,0,0,0,0,0,0,0,0,0,0,0,0,3,3,4,0,0,0,0,17,0,0,0,0,0,0,0,0,0,0,0,5,4,0,3,3,0,0,0,7,0,0,0,3,0,0,0,0,0,10,0,0,0,3,0,0,0,0,0,4,0,0,0,0,0,0,0,0,0,0,0,0,0,0,0,0,0,0,0,0,0,0,0,0,0,0,0,0,0,0,0,0,0,0,0,0,0,0,0,3,0,0,5,0,0,0,0,0,0,5,0,0,17,14,10,4,0,0,0,48,0,0,0,4,0,0,0,0,0,7,0,0,6,7,0,9,0,0,0,20,0,0,0,0,0,0,0,0,0,0
SAL80105,0,0,0,0,0,0,0,0,0,0,12,32,83,95,82,84,15,3,0,409,0,0,0,0,0,6,0,0,0,3,0,0,0,0,0,0,0,0,0,0,0,0,5,0,0,3,0,0,0,13,0,0,0,0,0,0,0,0,0,3,4,10,20,12,9,6,3,0,0,70,0,0,3,0,0,0,0,0,0,5,9,9,11,10,8,16,4,0,0,67,8,9,5,5,4,6,0,0,0,34,0,0,0,0,4,6,0,0,0,27,0,0,4,3,9,3,0,0,0,16,0,3,0,0,0,0,0,0,0,8,0,0,6,0,5,4,3,0,0,22,0,8,10,11,18,12,3,0,0,59,0,6,0,6,8,3,4,0,0,27,0,12,54,70,55,61,10,0,0,260,4,3,10,18,13,8,0,0,0,63,0,16,18,30,32,22,0,0,0,112,0,0,0,3,3,0,0,0,0,8
SAL80106,0,0,4,5,0,0,0,0,0,11,25,77,201,155,150,60,25,4,0,693,0,0,4,0,0,0,0,0,0,7,0,0,0,0,0,0,0,0,0,0,0,0,3,7,3,0,4,0,0,24,0,3,0,4,0,0,0,0,0,10,9,9,31,16,14,13,3,0,0,85,0,0,0,0,5,5,0,0,0,13,13,25,35,12,7,4,0,0,0,92,20,22,37,11,4,0,0,0,0,100,0,3,6,3,10,0,0,0,0,36,0,0,9,6,7,5,0,0,0,18,0,0,4,3,0,0,4,0,0,17,0,0,3,0,0,3,0,0,0,6,0,15,56,43,23,11,3,0,0,151,0,3,16,9,14,5,0,0,0,53,0,16,87,124,102,27,3,0,0,361,3,11,31,40,29,23,4,0,0,137,3,20,66,29,37,26,6,0,0,183,9,6,13,0,8,0,0,0,0,26
SAL80107,0,4,0,4,5,4,0,0,0,25,72,140,349,340,318,204,48,6,0,1473,0,0,0,0,0,6,0,0,0,11,0,0,0,0,0,0,0,0,0,0,6,0,17,11,11,9,0,0,0,53,0,0,14,0,3,0,0,0,0,23,3,22,78,61,30,26,8,3,0,221,0,0,4,8,3,0,0,0,0,19,36,54,34,35,21,26,11,3,0,215,54,39,40,16,16,14,4,0,0,181,0,22,14,8,25,14,4,5,0,89,0,4,7,20,11,8,0,0,0,48,0,5,9,9,8,6,0,0,0,43,4,5,15,7,3,3,0,0,0,43,0,23,75,90,71,50,17,0,0,321,0,6,16,22,8,20,6,0,0,90,0,33,162,245,229,133,9,0,0,815,13,16,72,95,73,41,8,0,0,317,6,31,92,65,61,48,14,0,0,312,6,9,5,8,10,12,6,0,0,52
SAL80108,0,0,0,0,0,0,0,0,0,0,0,0,0,0,0,0,0,0,0,0,0,0,0,0,0,0,0,0,0,0,0,0,0,0,0,0,0,0,0,0,0,0,0,0,0,0,0,0,0,0,0,0,0,0,0,0,0,0,0,0,0,0,0,0,0,0,0,0,0,0,0,0,0,0,0,0,0,0,0,0,0,0,0,0,0,0,0,0,0,0,0,0,0,0,0,0,0,0,0,0,0,0,0,0,0,0,0,0,0,0,0,0,0,0,0,0,0,0,0,0,0,0,0,0,0,0,0,0,0,0,0,0,0,0,0,0,0,0,0,0,0,0,0,0,0,0,0,0,0,0,0,0,0,0,0,0,0,0,0,0,0,0,0,0,0,0,0,0,0,0,0,0,0,0,0,0,0,0,0,0,0,0,0,0,0,0,0,0,0,0,0,0,0,0,0,0,0,0,0,0
SAL80109,0,0,0,3,3,0,0,0,0,8,31,71,114,152,181,113,24,4,0,683,0,0,0,4,0,0,0,0,0,4,0,0,0,0,0,0,0,0,0,3,5,0,3,5,5,4,0,0,0,22,0,0,3,0,3,0,0,0,0,4,8,9,14,32,23,11,0,0,0,97,0,0,0,0,0,0,0,0,0,9,10,20,12,8,4,7,0,0,0,65,35,22,21,0,12,9,0,0,0,106,0,0,7,3,0,3,0,0,0,18,0,3,11,5,3,0,0,0,0,20,0,0,3,0,5,3,3,0,0,19,0,5,6,6,0,11,0,4,0,26,5,11,19,35,42,29,11,3,0,155,0,0,5,7,7,3,0,0,0,31,5,8,56,106,146,76,17,0,0,411,0,10,14,21,32,25,6,0,0,107,0,22,50,40,46,30,15,0,0,208,5,3,0,6,3,3,3,0,0,21
SAL80110,0,7,15,0,0,0,0,0,0,26,24,221,874,344,203,132,24,0,0,1819,0,0,0,0,0,0,0,0,0,5,0,0,0,0,0,0,0,0,0,0,0,8,21,12,6,4,0,0,0,53,0,3,15,5,0,4,0,0,0,22,4,29,50,30,3,11,0,0,0,124,0,4,11,9,4,0,0,0,0,24,6,48,130,34,19,5,6,0,0,247,19,42,120,37,17,7,0,0,0,243,0,4,23,14,8,7,5,0,0,51,0,0,15,11,11,6,0,0,0,47,0,0,17,9,0,4,0,0,0,33,0,9,17,8,4,3,0,0,0,42,0,31,134,69,32,17,6,0,0,298,0,8,50,26,12,11,0,0,0,107,0,80,445,265,133,83,15,0,0,1025,0,19,83,36,20,23,4,0,0,186,0,65,424,182,99,48,10,0,0,835,3,10,13,13,6,0,0,0,0,47
SAL80111,0,0,0,0,0,0,0,0,0,0,4,4,3,5,10,12,0,0,0,33,0,0,0,0,3,3,0,3,0,11,0,0,0,0,0,0,0,0,0,0,0,0,0,0,0,0,0,0,0,0,0,0,0,0,0,0,0,0,0,0,0,5,0,0,5,3,0,0,0,13,0,0,0,0,0,0,0,0,0,5,4,0,0,0,0,0,0,0,0,3,4,0,0,0,0,0,0,0,0,4,0,0,0,0,0,3,0,0,0,3,0,0,0,0,0,0,0,0,0,0,0,0,0,0,0,0,0,0,0,0,0,0,0,0,0,0,0,0,0,7,0,0,0,0,4,4,0,5,0,9,0,0,0,0,0,0,0,0,0,4,0,0,0,0,0,0,0,0,0,0,0,3,0,0,0,0,0,0,0,9,0,4,0,0,7,4,0,0,0,12,0,0,0,0,0,0,0,0,0,0
SAL80112,4,0,4,0,0,0,0,0,0,12,68,52,105,168,199,151,35,4,3,786,0,0,0,0,3,5,0,0,0,4,0,0,0,0,0,0,0,0,0,0,4,0,3,4,6,6,4,0,0,31,0,0,0,4,0,0,0,0,0,7,0,12,13,19,20,10,0,0,0,83,0,0,3,0,5,7,0,0,0,13,27,18,18,5,15,10,6,0,0,98,46,16,13,15,7,14,3,0,0,107,0,4,0,7,3,3,0,0,0,17,4,0,3,6,8,4,3,0,0,31,0,0,4,3,10,3,0,0,0,21,0,4,4,8,7,14,6,0,0,41,3,25,35,54,83,52,20,3,0,271,0,4,10,3,0,3,0,0,0,23,0,24,45,102,150,84,19,0,0,423,13,14,19,22,32,24,8,4,0,143,10,7,24,52,55,58,12,4,0,224,7,6,0,0,5,4,5,0,0,21
SAL80113,0,0,5,0,0,0,0,0,0,8,14,75,110,60,58,71,19,0,0,406,0,0,0,0,0,0,0,0,0,0,0,0,0,0,0,0,0,0,0,0,0,4,3,0,3,0,0,0,0,11,0,0,3,0,0,0,0,0,0,4,0,0,12,5,0,3,5,0,0,27,0,0,4,0,0,0,4,0,0,6,4,13,5,3,5,0,0,0,0,32,6,32,25,9,5,6,0,0,0,81,4,0,6,0,0,3,0,0,0,16,0,3,10,0,0,5,0,0,0,15,0,0,0,5,6,4,0,0,0,11,0,5,0,0,0,10,3,0,0,16,0,24,36,15,17,27,10,0,0,135,0,0,3,0,5,7,4,0,0,19,0,32,90,59,56,46,8,0,0,297,10,10,26,14,12,22,5,0,0,97,0,13,17,6,4,13,5,0,0,60,0,4,8,0,10,7,7,0,0,28
SAL80114,0,5,5,0,0,0,0,0,0,18,45,53,177,155,172,126,22,0,0,749,0,0,6,0,0,0,0,0,0,9,0,0,0,0,0,0,0,0,0,0,0,7,11,6,10,3,0,0,0,46,0,0,0,0,8,7,0,0,0,15,7,25,61,39,39,25,4,0,0,211,0,5,3,3,3,4,8,0,0,23,18,18,25,22,13,19,3,0,0,124,26,16,11,12,8,5,0,0,0,74,3,5,13,16,29,20,11,0,0,100,0,3,8,3,5,0,0,0,0,11,0,0,0,4,5,0,0,0,0,10,0,0,8,3,4,0,0,0,0,21,0,4,36,26,15,12,0,0,0,92,0,3,9,4,10,8,0,0,0,40,0,14,88,97,83,60,8,0,0,351,8,4,38,28,29,18,0,0,0,121,11,17,53,41,46,41,9,0,0,211,5,4,4,0,5,5,0,0,0,22
SAL80115,0,0,0,0,0,0,0,0,0,8,39,61,178,214,178,101,32,3,0,814,0,0,0,0,0,0,0,0,0,0,0,0,0,0,0,0,0,0,0,0,7,4,9,9,5,0,0,0,0,34,0,0,4,4,4,3,0,0,0,15,3,14,39,23,30,18,0,0,0,126,0,0,0,8,8,4,0,0,0,15,15,12,14,13,11,10,3,4,0,89,25,14,19,8,6,9,0,0,0,75,0,0,3,4,5,6,4,0,0,27,0,0,3,5,10,0,0,0,0,16,0,0,7,9,3,0,0,0,0,20,0,0,4,0,4,4,0,0,0,13,0,9,36,57,31,22,8,0,0,163,7,3,9,10,13,14,3,0,0,48,0,14,96,142,130,62,12,3,0,460,6,12,30,53,38,26,9,0,0,169,4,15,67,54,48,24,17,0,0,228,10,4,10,6,5,0,0,0,0,39
SAL80116,0,0,0,0,0,0,0,0,0,0,0,0,0,0,0,0,0,0,0,0,0,0,0,0,0,0,0,0,0,0,0,0,0,0,0,0,0,0,0,0,0,0,0,0,0,0,0,0,0,0,0,0,0,0,0,0,0,0,0,0,0,0,0,0,0,0,0,0,0,0,0,0,0,0,0,0,0,0,0,0,0,0,0,0,0,0,0,0,0,0,0,0,0,0,0,0,0,0,0,0,0,0,0,0,0,0,0,0,0,0,0,0,0,0,0,0,0,0,0,0,0,0,0,0,0,0,0,0,0,0,0,0,0,0,0,0,0,0,0,0,0,0,0,0,0,0,0,0,0,0,0,0,0,0,0,0,0,0,0,0,0,0,0,0,0,0,0,0,0,0,0,0,0,0,0,0,0,0,0,0,0,0,0,0,0,0,0,0,0,0,0,0,0,0,0,0,0,0,0,0
SAL80117,0,0,6,5,0,0,0,0,0,8,36,72,193,213,151,63,20,5,0,755,0,0,3,0,0,0,0,0,0,4,0,0,0,0,0,0,0,0,0,0,0,0,4,8,5,0,3,0,0,13,0,3,5,0,3,0,0,0,0,20,6,11,45,34,13,9,6,0,0,122,0,0,6,3,5,0,0,0,0,17,14,19,31,10,9,7,9,0,0,93,25,17,27,10,16,8,0,0,0,110,0,3,7,6,5,9,0,0,0,27,3,0,0,5,6,4,0,0,0,19,0,0,3,9,5,0,0,0,0,14,0,3,9,0,4,0,0,0,0,14,0,9,42,54,33,7,9,4,0,166,0,0,7,14,9,3,0,0,0,43,0,15,73,141,109,48,10,0,0,398,10,5,47,59,36,9,5,3,0,185,4,23,60,49,30,19,5,0,0,182,8,6,10,7,5,4,0,0,0,37
SAL80118,0,0,4,3,5,0,0,0,0,8,50,55,131,179,143,77,27,0,0,658,0,0,0,4,0,0,0,0,0,8,0,0,0,0,0,0,0,0,0,0,0,0,4,10,4,0,0,0,0,25,0,0,0,0,3,0,0,0,0,12,7,17,41,48,16,11,3,0,0,138,0,0,0,6,0,0,0,0,0,5,31,15,7,12,8,4,4,3,0,88,25,17,8,3,4,0,0,0,0,62,0,0,0,3,15,5,0,0,0,21,0,0,4,11,9,3,0,0,0,23,0,0,4,4,0,0,0,0,0,14,0,0,0,6,0,3,0,0,0,16,0,12,19,39,27,18,6,0,0,119,0,6,9,5,13,9,3,0,0,44,5,9,66,99,101,42,15,0,0,329,14,8,21,47,40,10,5,0,0,145,6,16,32,38,37,29,6,0,0,163,11,0,0,3,3,6,0,0,0,24
SAL80119,0,0,0,0,0,0,0,0,0,0,29,32,85,103,126,78,15,0,0,471,0,0,0,0,0,0,0,0,0,0,0,0,0,0,0,0,0,0,0,0,4,0,0,0,7,0,0,0,0,10,0,0,0,0,0,0,0,0,0,3,4,7,12,13,11,9,5,0,0,69,0,5,0,0,0,0,0,0,0,0,12,15,9,6,12,3,0,0,0,53,28,8,8,12,8,0,0,0,0,57,0,0,5,0,6,3,3,0,0,18,0,3,3,4,0,0,0,0,0,10,0,0,0,5,4,0,0,0,0,19,0,0,0,7,3,9,0,0,0,17,0,5,17,13,24,16,7,0,0,88,0,0,5,7,0,3,3,0,0,25,10,11,47,88,96,48,3,0,0,304,5,3,20,20,17,22,4,0,0,90,5,10,28,26,21,14,5,0,0,110,6,0,0,0,0,7,0,0,0,19
SAL80120,0,0,4,0,0,0,0,0,0,6,12,27,97,68,18,7,0,0,0,221,0,0,0,0,0,0,0,0,0,0,0,0,0,0,0,0,0,0,0,0,0,0,0,0,0,0,0,0,0,3,0,0,0,0,0,0,0,0,0,3,0,0,12,7,0,0,0,0,0,27,0,0,0,0,0,0,0,0,0,0,3,8,12,11,0,0,0,0,0,37,8,0,13,6,0,0,0,0,0,24,0,0,5,9,0,0,0,0,0,12,0,0,8,0,0,0,0,0,0,10,0,0,3,4,0,0,0,0,0,11,0,0,5,8,6,0,0,0,0,17,0,4,18,12,5,0,0,0,0,44,0,0,6,6,0,0,0,0,0,12,0,3,31,34,7,6,0,0,0,86,0,0,15,12,7,4,0,0,0,37,0,9,38,28,11,4,0,0,0,87,0,3,0,0,0,0,0,0,0,4
SAL80121,0,0,0,0,0,0,0,0,0,0,7,9,15,7,16,14,11,0,0,75,0,0,0,0,0,0,4,0,0,3,0,0,0,0,0,0,0,0,0,0,0,0,0,0,4,5,0,0,0,7,0,0,0,0,0,4,0,0,0,9,0,0,3,7,3,8,0,0,0,18,0,0,0,0,0,0,0,0,0,0,0,0,3,0,7,6,0,0,0,16,3,5,4,0,0,3,0,0,0,20,0,0,0,0,7,5,0,0,0,10,0,0,0,0,0,0,0,0,0,0,0,0,0,0,0,0,0,0,0,0,0,0,0,0,0,0,0,0,0,3,0,0,3,0,0,0,5,0,0,13,3,0,0,3,0,7,0,0,0,21,0,0,3,3,11,10,3,0,0,32,0,3,0,0,0,8,0,0,0,7,0,0,0,4,0,5,7,0,0,20,0,0,0,0,0,0,0,0,0,0
SAL80122,0,5,6,6,0,0,0,0,0,11,18,44,223,177,60,14,0,0,0,539,0,0,0,0,0,0,0,0,0,0,0,0,0,0,0,0,0,0,0,0,0,0,7,9,3,4,0,0,0,15,0,4,0,4,0,0,0,0,0,4,0,9,37,30,4,4,0,0,0,85,0,0,5,4,0,0,0,0,0,12,8,8,48,23,3,3,0,0,0,98,9,11,31,10,4,0,0,0,0,70,0,3,25,19,8,0,0,0,0,55,0,0,6,8,0,0,0,0,0,17,0,0,7,11,0,0,0,0,0,22,0,0,7,4,0,0,0,0,0,12,0,6,46,55,18,6,0,0,0,123,0,3,0,12,5,3,0,0,0,23,0,7,92,119,27,5,0,0,0,262,0,4,31,26,13,3,0,0,0,79,3,14,76,66,27,6,0,0,0,188,4,0,0,0,0,0,0,0,0,10
SAL80123,0,0,0,0,0,0,0,0,0,0,0,0,9,4,0,0,0,0,0,18,0,0,0,0,0,0,0,0,0,0,0,0,0,0,0,0,0,0,0,0,0,0,0,0,0,0,0,0,0,3,0,0,0,0,0,0,0,0,0,0,0,0,0,0,0,6,0,0,0,11,0,0,0,0,0,0,0,0,0,0,0,0,0,0,0,0,0,0,0,0,0,0,0,0,0,0,0,0,0,0,0,0,0,0,0,0,0,0,0,0,0,0,0,0,0,0,0,0,0,0,0,0,0,0,0,0,0,0,0,0,0,0,0,0,0,0,0,0,0,0,0,0,6,0,0,0,0,0,0,6,0,0,0,0,0,0,0,0,0,3,0,0,4,0,0,0,0,0,0,10,0,0,0,0,0,0,0,0,0,5,0,0,0,0,0,0,0,0,0,0,0,0,4,0,0,0,0,0,0,9
SAL80124,0,0,0,7,8,3,0,0,0,22,77,103,245,217,244,186,28,0,0,1100,0,3,0,0,0,0,0,0,0,4,0,0,0,0,0,0,0,0,0,0,5,0,10,13,15,16,3,0,0,64,0,0,11,0,6,9,0,0,0,26,9,39,62,41,38,33,8,3,0,230,0,0,6,4,7,5,3,0,0,36,38,31,34,17,21,25,3,0,0,165,44,11,19,9,14,6,6,0,0,103,4,6,12,12,18,18,5,0,0,70,0,0,5,5,12,9,0,0,0,26,0,0,8,5,4,7,0,0,0,31,0,3,3,0,3,7,0,0,0,17,4,15,34,32,36,23,4,0,0,144,5,4,19,17,15,13,5,0,0,72,4,21,132,149,174,142,11,0,0,623,9,19,30,28,36,22,13,0,0,171,6,26,60,46,47,37,13,0,0,242,6,3,4,12,8,3,0,0,0,37
SAL80125,0,0,5,5,4,0,0,0,0,17,15,42,215,233,82,18,0,0,0,611,0,0,0,0,0,0,0,0,0,4,0,0,0,0,0,0,0,0,0,0,0,0,9,5,3,0,0,0,0,26,0,0,0,4,0,0,0,0,0,6,0,4,41,29,14,4,0,0,0,89,0,0,0,6,0,0,0,0,0,8,8,12,33,11,12,3,0,0,0,80,13,6,37,8,4,0,0,0,0,75,0,0,17,7,5,3,3,0,0,36,0,0,0,11,0,3,0,0,0,17,0,0,9,9,0,0,0,0,0,23,0,0,6,3,4,4,0,0,0,14,0,9,46,98,26,5,5,0,0,181,0,6,8,12,3,5,0,0,0,31,0,13,77,174,84,13,0,0,0,368,0,4,32,41,15,8,0,0,0,103,7,7,63,63,24,7,0,0,0,168,3,4,0,4,0,0,0,0,0,14
SAL80126,0,0,0,0,0,0,0,0,0,8,31,55,107,156,154,76,18,4,0,603,0,0,0,0,0,0,0,0,0,0,0,0,0,0,0,0,0,0,0,0,0,0,0,3,12,9,0,0,0,24,0,0,0,5,4,6,0,0,0,10,6,16,17,26,17,3,0,0,0,87,0,0,0,6,3,0,0,0,0,6,15,11,9,10,13,7,3,0,0,65,25,11,8,3,4,0,0,0,0,57,0,0,7,4,4,3,0,0,0,26,0,0,3,6,5,4,4,0,0,21,0,0,6,3,7,0,3,0,0,21,0,0,3,3,0,5,0,0,0,17,0,20,28,44,42,18,0,6,0,158,0,4,5,4,6,3,5,0,0,31,0,19,63,104,98,57,12,0,0,361,3,7,12,24,35,16,0,0,0,105,0,17,37,46,40,20,5,0,0,166,5,0,0,3,0,0,0,0,0,18
SAL80127,0,4,3,0,3,0,0,0,0,10,45,359,637,265,179,81,21,0,0,1593,0,0,3,0,0,0,0,0,0,0,0,0,0,0,0,0,0,0,0,0,6,8,9,7,0,0,0,0,0,32,0,3,12,0,6,0,0,0,0,24,0,9,44,17,14,0,0,0,0,93,0,5,8,6,4,0,0,0,0,17,15,40,50,15,3,5,0,0,0,133,15,65,57,18,3,4,3,0,0,171,0,3,6,11,0,5,0,0,0,30,0,10,19,8,3,0,0,0,0,46,0,10,28,11,4,5,0,0,0,56,0,11,12,10,9,0,0,0,0,35,0,115,201,83,46,31,16,0,0,492,0,4,24,12,6,5,0,0,0,57,8,162,516,250,155,77,9,0,0,1164,8,61,94,61,48,21,11,0,0,305,3,46,101,36,20,21,3,3,0,224,4,13,29,9,0,3,6,0,0,69
SAL80128,0,0,0,0,0,0,0,0,0,4,7,6,17,30,23,8,0,0,0,92,0,0,0,0,0,0,0,0,0,0,0,0,0,0,0,0,0,0,0,0,0,0,0,3,0,0,0,0,0,3,0,0,0,4,0,0,0,0,0,3,0,6,3,14,5,3,0,0,0,23,0,0,0,0,0,0,0,0,0,0,3,0,0,0,0,3,0,0,0,3,0,0,0,0,0,0,0,0,0,0,0,0,0,0,0,0,0,0,0,4,0,0,0,0,0,0,0,0,0,0,0,0,0,0,0,0,0,0,0,0,0,0,0,0,0,0,0,0,0,0,0,0,4,3,5,0,0,0,0,19,0,0,0,0,0,0,0,0,0,0,0,0,10,21,10,10,0,0,0,49,0,0,0,8,12,0,0,0,0,18,0,6,0,6,4,0,3,0,0,19,0,0,0,4,0,0,0,0,0,5
SAL80129,0,4,8,6,4,0,0,0,0,19,90,157,405,489,400,280,73,0,0,1892,0,0,0,0,0,3,0,0,0,16,0,0,0,0,0,0,0,0,0,4,0,10,18,8,20,5,13,0,0,80,5,0,12,6,5,5,5,0,0,39,16,35,90,61,59,28,13,0,0,299,0,3,10,8,3,16,3,0,0,37,40,49,49,48,35,34,19,0,0,264,83,40,44,30,21,11,8,0,0,227,4,4,24,20,18,12,11,0,0,95,0,0,13,15,14,8,0,0,0,57,0,3,8,18,13,4,3,3,0,46,0,3,12,10,5,0,0,0,0,32,3,12,102,97,56,48,20,0,0,339,3,10,25,30,18,17,3,0,0,110,4,29,220,351,315,189,42,3,0,1165,12,37,47,88,92,67,25,3,0,366,12,42,133,129,106,78,22,0,0,520,10,13,11,12,9,8,6,0,0,65
SAL80130,0,0,6,3,3,0,0,0,0,8,32,56,143,184,161,71,22,9,0,672,0,0,0,0,0,0,0,0,0,0,0,0,0,0,0,0,0,0,0,0,5,4,10,7,4,8,0,0,0,33,0,0,0,0,0,0,0,0,0,8,5,17,29,21,15,11,4,0,0,99,0,5,5,0,4,0,0,0,0,10,12,9,18,10,7,3,5,0,0,70,22,14,12,8,8,0,0,0,0,62,0,0,0,4,9,7,3,0,0,30,0,0,4,0,4,0,0,0,0,18,0,3,3,6,0,0,0,0,0,9,0,4,4,5,7,3,0,0,0,20,0,9,40,34,33,11,6,0,0,134,0,0,7,6,6,6,0,0,0,34,0,12,74,159,123,58,5,0,0,428,5,3,25,32,33,11,6,0,0,121,5,14,40,51,36,31,8,0,0,185,9,0,3,5,5,3,0,0,0,21
SAL80131,0,6,9,4,9,0,0,0,0,30,80,198,579,574,384,211,32,0,0,2064,0,0,0,0,0,0,0,0,0,9,0,0,0,0,0,0,0,0,0,3,3,5,15,10,10,9,0,0,0,60,0,0,7,11,3,0,0,0,0,25,5,25,65,42,22,9,0,0,0,169,5,3,4,7,7,5,0,0,0,27,25,49,62,30,16,13,6,0,0,197,64,40,55,31,9,0,0,0,0,201,0,0,15,12,8,5,0,0,0,50,0,4,40,17,13,6,0,0,0,93,0,6,15,13,11,4,0,0,0,44,0,0,13,8,7,0,3,0,0,37,3,46,137,163,92,48,13,0,0,498,3,9,49,27,19,9,3,0,0,125,5,54,294,449,308,129,11,0,0,1253,12,33,118,136,110,57,20,0,0,485,15,51,122,83,58,49,10,0,4,383,12,18,25,22,16,12,7,0,0,121
SAL80132,0,0,0,5,0,3,0,0,0,8,50,70,124,165,174,91,28,3,0,698,0,0,0,0,0,0,0,0,0,0,0,0,0,0,0,0,0,0,0,0,3,4,7,0,3,9,0,0,0,23,0,0,0,0,0,0,0,0,0,6,3,10,15,21,11,8,0,0,0,68,0,0,3,3,5,5,0,0,0,16,25,19,15,10,4,3,4,0,0,78,43,11,18,7,7,7,5,0,0,98,0,0,9,5,8,0,0,0,0,27,4,5,0,3,4,8,0,0,0,18,0,0,6,4,3,7,5,0,0,32,0,0,4,3,3,3,0,0,0,16,0,19,28,41,64,25,6,4,0,193,0,0,10,8,4,6,0,0,0,27,7,16,50,131,139,49,11,0,0,398,15,19,26,29,57,38,7,3,0,193,4,18,39,33,29,20,7,0,0,149,11,6,3,4,3,4,0,0,0,36
SAL80133,0,0,5,4,0,0,0,0,0,19,47,80,176,253,247,123,34,3,0,967,0,0,0,0,0,0,0,0,0,7,0,0,0,0,0,0,0,0,0,0,0,0,6,0,8,3,0,0,0,23,0,0,4,5,6,0,0,0,0,17,6,9,31,30,26,8,3,0,0,122,0,0,0,3,0,0,0,0,0,9,16,16,21,3,17,7,6,0,0,82,26,26,16,6,7,3,0,0,0,82,0,0,5,4,11,3,0,0,0,32,5,5,5,12,6,0,0,0,0,37,0,3,7,13,5,0,6,0,0,38,0,4,6,3,5,0,0,0,0,22,0,12,39,70,48,32,17,0,0,225,0,0,15,12,15,8,4,0,0,52,0,20,99,203,198,67,13,0,0,602,4,12,32,48,51,40,6,0,0,201,3,18,70,53,49,36,12,4,0,236,5,8,6,8,4,4,0,0,0,38
SAL80134,0,0,0,0,0,0,0,0,0,0,0,0,0,0,0,0,0,0,0,0,0,0,0,0,0,0,0,0,0,0,0,0,0,0,0,0,0,0,0,0,0,0,0,0,0,0,0,0,0,0,0,0,0,0,0,0,0,0,0,0,0,0,0,0,0,0,0,0,0,0,0,0,0,0,0,0,0,0,0,0,0,0,0,0,0,0,0,0,0,0,0,0,0,0,0,0,0,0,0,0,0,0,0,0,0,0,0,0,0,0,0,0,0,0,0,0,0,0,0,0,0,0,0,0,0,0,0,0,0,0,0,0,0,0,0,0,0,0,0,0,0,0,0,0,0,0,0,0,0,0,0,0,0,0,0,0,0,0,0,0,0,0,0,0,0,0,0,0,0,0,0,0,0,0,0,0,0,0,0,0,0,0,0,0,0,0,0,0,0,0,0,0,0,0,0,0,0,0,0,0
SAL80135,0,3,9,10,4,0,0,0,0,27,31,126,454,354,163,80,13,0,0,1227,0,0,5,0,0,0,0,0,0,5,0,0,0,0,0,0,0,0,0,0,5,9,17,7,4,0,0,0,0,37,0,5,3,5,0,0,0,0,0,10,4,16,43,27,11,4,0,0,0,108,0,0,5,6,0,0,0,0,0,17,15,24,63,15,5,4,6,0,0,127,15,19,45,21,8,9,0,0,0,119,0,7,10,11,9,3,0,0,0,37,0,0,8,11,6,0,0,0,0,25,0,4,13,18,8,0,0,0,0,40,0,0,17,7,3,0,0,0,0,27,0,25,120,107,33,16,4,0,0,305,0,6,23,10,4,4,0,0,0,48,3,44,227,261,128,69,11,0,0,743,3,28,75,61,42,11,0,0,0,223,4,34,163,130,54,33,5,0,0,415,3,13,11,4,3,3,0,0,0,35
SAL80136,0,3,0,0,3,0,0,0,0,19,41,55,87,154,164,159,52,8,0,726,0,0,0,0,0,5,4,0,0,12,0,0,0,0,0,0,0,0,0,0,0,0,3,0,0,9,4,0,0,12,0,0,3,3,5,4,0,0,0,13,3,9,3,12,17,17,8,0,0,68,0,0,0,0,4,0,0,0,0,7,27,13,4,8,9,20,4,0,0,84,14,15,6,7,0,8,5,0,0,61,0,3,0,0,10,10,0,0,0,19,0,0,3,6,7,9,3,0,0,23,0,0,3,9,11,4,3,0,0,30,0,0,3,3,8,7,6,3,0,25,0,17,26,73,71,50,26,4,0,270,0,3,4,8,9,5,3,0,0,28,5,22,53,102,109,73,24,5,0,390,4,11,14,14,15,36,13,4,0,109,3,8,27,42,51,61,22,0,0,213,3,9,7,3,6,13,4,0,0,42
SAL89494,0,0,0,0,0,0,0,0,0,3,14,23,31,16,13,16,0,0,0,111,0,0,0,0,0,0,0,0,0,3,0,0,0,0,0,0,0,0,0,0,0,0,0,0,0,0,0,0,0,5,0,0,0,0,0,0,0,0,0,0,3,3,4,3,3,0,0,0,0,16,0,0,0,0,0,0,0,0,0,0,5,7,8,0,0,0,0,0,0,22,10,6,0,8,0,0,0,0,0,22,0,0,0,0,0,0,0,0,0,4,0,0,0,0,0,0,0,0,0,5,0,0,0,0,0,0,0,0,0,0,0,0,0,0,0,0,0,0,0,0,0,0,6,4,5,0,0,0,0,15,0,0,0,4,0,0,0,0,0,4,0,7,15,10,11,5,0,0,0,40,0,4,5,0,5,3,0,0,0,19,0,3,8,7,3,4,0,0,0,30,0,0,0,0,0,5,3,0,0,11
SAL89797,0,0,0,0,0,0,0,0,0,0,0,0,0,0,0,0,0,0,0,0,0,0,0,0,0,0,0,0,0,0,0,0,0,0,0,0,0,0,0,0,0,0,0,0,0,0,0,0,0,0,0,0,0,0,0,0,0,0,0,0,0,0,0,0,0,0,0,0,0,0,0,0,0,0,0,0,0,0,0,0,0,0,0,0,0,0,0,0,0,0,0,0,0,0,0,0,0,0,0,0,0,0,0,0,0,0,0,0,0,0,0,0,0,0,0,0,0,0,0,0,0,0,0,0,0,0,0,0,0,0,0,0,0,0,0,0,0,0,0,0,0,0,0,0,0,0,0,0,0,0,0,0,0,0,0,0,0,0,0,0,0,0,0,0,0,0,0,0,0,0,0,0,0,0,0,0,0,0,0,0,0,0,0,0,0,0,0,0,0,0,0,0,0,0,0,0,0,0,0,0
