SA2_CODE_2021,A75_84_L_PinE_NS_19,A75_84_L_PinE_NS_20,A75_84_L_PinE_NS_21,A75_84_L_PinE_NS_YNS,A75_84_L_PinE_NS_T,A75_84_T_B_05,A75_84_T_05_10,A75_84_T_11_15,A75_84_T_16,A75_84_T_17,A75_84_T_18,A75_84_T_19,A75_84_T_20,A75_84_T_21,A75_84_T_YNS,A75_84_T_T,A85ov_SEO_B_05,A85ov_SEO_05_10,A85ov_SEO_11_15,A85ov_SEO_16,A85ov_SEO_17,A85ov_SEO_18,A85ov_SEO_19,A85ov_SEO_20,A85ov_SEO_21,A85ov_SEO_YNS,A85ov_SEO_T,A85ov_UOLSE_VWW_B_05,A85ov_UOLSE_VWW_05_10,A85ov_UOLSE_VWW_11_15,A85ov_UOLSE_VWW_16,A85ov_UOLSE_VWW_17,A85ov_UOLSE_VWW_18,A85ov_UOLSE_VWW_19,A85ov_UOLSE_VWW_20,A85ov_UOLSE_VWW_21,A85ov_UOLSE_VWW_YNS,A85ov_UOLSE_VWW_T,A85ov_UOLSE_NWNAA_B_05,A85ov_UOLSE_NWNAA_05_10,A85ov_UOLSE_NWNAA_11_15,A85ov_UOLSE_NWNAA_16,A85ov_UOLSE_NWNAA_17,A85ov_UOLSE_NWNAA_18,A85ov_UOLSE_NWNAA_19,A85ov_UOLSE_NWNAA_20,A85ov_UOLSE_NWNAA_21,A85ov_UOLSE_NWNAA_YNS,A85ov_UOLSE_NWNAA_T,A85ov_UOLSE_PinE_NS_B_05,A85ov_UOLSE_PinE_NS_05_10,A85ov_UOLSE_PinE_NS_11_15,A85ov_UOLSE_PinE_NS_16,A85ov_UOLSE_PinE_NS_17,A85ov_UOLSE_PinE_NS_18,A85ov_UOLSE_PinE_NS_19,A85ov_UOLSE_PinE_NS_20,A85ov_UOLSE_PinE_NS_21,A85ov_UOLSE_PinE_NS_YNS,A85ov_UOLSE_PinE_NS_T,A85ov_UOLSE_T_B_05,A85ov_UOLSE_T_05_10,A85ov_UOLSE_T_11_15,A85ov_UOLSE_T_16,A85ov_UOLSE_T_17,A85ov_UOLSE_T_18,A85ov_UOLSE_T_19,A85ov_UOLSE_T_20,A85ov_UOLSE_T_21,A85ov_UOLSE_T_YNS,A85ov_UOLSE_T_T,A85ov_L_PinE_NS_B_05,A85ov_L_PinE_NS_05_10,A85ov_L_PinE_NS_11_15,A85ov_L_PinE_NS_16,A85ov_L_PinE_NS_17,A85ov_L_PinE_NS_18,A85ov_L_PinE_NS_19,A85ov_L_PinE_NS_20,A85ov_L_PinE_NS_21,A85ov_L_PinE_NS_YNS,A85ov_L_PinE_NS_T,A85ov_T_B_05,A85ov_T_05_10,A85ov_T_11_15,A85ov_T_16,A85ov_T_17,A85ov_T_18,A85ov_T_19,A85ov_T_20,A85ov_T_21,A85ov_T_YNS,A85ov_T_T,T_SEO_B_05,T_SEO_05_10,T_SEO_11_15,T_SEO_16,T_SEO_17,T_SEO_18,T_SEO_19,T_SEO_20,T_SEO_21,T_SEO_YNS,T_SEO_T,T_UOLSE_VWW_B_05,T_UOLSE_VWW_05_10,T_UOLSE_VWW_11_15,T_UOLSE_VWW_16,T_UOLSE_VWW_17,T_UOLSE_VWW_18,T_UOLSE_VWW_19,T_UOLSE_VWW_20,T_UOLSE_VWW_21,T_UOLSE_VWW_YNS,T_UOLSE_VWW_T,T_UOLSE_NWNAA_B_05,T_UOLSE_NWNAA_05_10,T_UOLSE_NWNAA_11_15,T_UOLSE_NWNAA_16,T_UOLSE_NWNAA_17,T_UOLSE_NWNAA_18,T_UOLSE_NWNAA_19,T_UOLSE_NWNAA_20,T_UOLSE_NWNAA_21,T_UOLSE_NWNAA_YNS,T_UOLSE_NWNAA_T,T_UOLSE_PinE_NS_B_05,T_UOLSE_PinE_NS_05_10,T_UOLSE_PinE_NS_11_15,T_UOLSE_PinE_NS_16,T_UOLSE_PinE_NS_17,T_UOLSE_PinE_NS_18,T_UOLSE_PinE_NS_19,T_UOLSE_PinE_NS_20,T_UOLSE_PinE_NS_21,T_UOLSE_PinE_NS_YNS,T_UOLSE_PinE_NS_T,T_UOLSE_T_B_05,T_UOLSE_T_05_10,T_UOLSE_T_11_15,T_UOLSE_T_16,T_UOLSE_T_17,T_UOLSE_T_18,T_UOLSE_T_19,T_UOLSE_T_20,T_UOLSE_T_21,T_UOLSE_T_YNS,T_UOLSE_T_T,T_L_PinE_NS_B_05,T_L_PinE_NS_05_10,T_L_PinE_NS_11_15,T_L_PinE_NS_16,T_L_PinE_NS_17,T_L_PinE_NS_18,T_L_PinE_NS_19,T_L_PinE_NS_20,T_L_PinE_NS_21,T_L_PinE_NS_YNS,T_L_PinE_NS_T,T_T_B_05,T_T_05_10,T_T_11_15,T_T_16,T_T_17,T_T_18,T_T_19,T_T_20,T_T_21,T_T_YNS,T_T_T
801011001,0,0,0,0,0,55,3,0,0,0,0,0,0,0,0,60,13,0,0,0,0,0,0,0,0,0,12,6,0,0,0,0,0,0,0,0,0,6,6,0,0,0,0,0,0,0,0,0,6,0,0,0,0,0,0,0,0,0,0,0,6,0,0,0,0,0,0,0,0,0,6,0,0,0,0,0,0,0,0,0,0,0,20,0,0,0,0,0,0,0,0,0,20,264,45,26,3,5,7,11,0,3,0,364,76,43,63,18,16,26,17,13,0,0,270,14,3,0,0,0,0,3,0,3,0,29,0,0,0,0,0,0,0,0,0,0,0,87,46,69,18,16,25,22,10,3,0,302,0,0,0,0,0,0,0,0,0,0,3,351,95,90,19,19,38,31,15,4,0,669
801011002,0,0,0,0,0,90,8,9,3,0,0,0,0,0,0,100,34,0,0,0,0,0,0,0,0,0,36,15,0,0,0,0,0,0,0,0,0,20,10,0,0,0,0,0,0,0,0,0,10,0,0,0,0,0,0,0,0,0,0,0,21,0,0,0,0,0,0,0,0,0,29,0,0,0,0,0,0,0,0,0,0,0,54,0,0,0,0,0,0,0,0,3,65,400,103,103,53,23,26,29,13,9,13,769,363,356,820,350,438,417,298,108,22,40,3217,59,31,64,12,23,41,36,14,3,7,284,0,0,0,0,0,0,0,0,0,0,6,415,384,882,367,464,456,333,126,27,48,3505,0,0,0,0,0,0,0,0,0,0,5,823,490,982,417,484,485,360,142,33,73,4284
801011003,0,0,0,0,0,77,0,5,0,3,0,0,0,0,5,90,20,0,0,0,0,0,0,0,0,3,24,5,0,0,0,0,0,0,0,0,0,5,3,0,0,0,0,0,0,0,0,0,9,0,0,0,0,0,0,0,0,0,0,0,15,0,0,0,0,0,0,0,0,0,11,0,0,0,0,0,0,0,0,0,0,0,33,0,0,0,0,0,0,0,0,7,38,407,91,89,27,25,26,29,23,5,24,738,406,286,413,151,230,217,196,83,4,20,2001,37,7,41,4,17,15,22,4,0,3,164,0,0,0,0,0,0,0,0,0,0,8,447,300,455,158,246,232,216,84,3,23,2167,0,0,0,0,0,0,0,0,0,5,7,851,393,541,186,279,261,246,107,9,54,2916
801011004,0,0,0,0,0,44,3,0,0,0,0,0,0,0,3,52,3,0,0,0,0,0,0,0,0,0,3,3,0,0,0,0,0,0,0,0,0,8,5,0,0,0,0,0,0,0,0,0,5,0,0,0,0,0,0,0,0,0,0,0,11,0,0,0,0,0,0,0,0,0,8,0,0,0,0,0,0,0,0,0,0,0,16,0,0,0,0,0,0,0,0,0,16,185,20,26,5,3,0,0,0,0,7,244,129,74,77,13,19,13,4,0,0,5,339,27,12,10,3,9,5,6,0,0,4,84,0,0,0,0,0,0,0,0,0,0,0,156,90,82,19,24,23,16,5,0,10,420,0,0,0,0,0,0,0,0,0,3,3,338,104,109,22,26,19,12,5,0,18,660
801011005,0,0,0,0,0,82,0,4,0,0,0,0,0,0,0,87,20,0,0,0,0,0,0,0,0,0,24,5,0,0,0,0,0,0,0,0,0,3,0,0,0,0,0,0,0,0,0,0,0,0,0,0,0,0,0,0,0,0,0,0,10,0,0,0,0,0,0,0,0,0,9,0,0,0,0,0,0,0,0,0,0,0,28,0,0,0,0,0,0,0,0,4,30,312,23,30,3,3,5,9,0,0,8,391,134,22,38,18,30,25,17,6,0,3,294,17,7,3,5,0,0,7,0,0,3,35,0,0,0,0,0,0,0,0,0,0,0,150,28,44,18,27,25,16,6,0,7,324,0,0,0,0,0,0,0,0,0,0,0,460,46,73,23,32,28,23,4,0,13,711
801011006,0,0,0,0,0,53,0,0,4,0,3,0,0,0,0,60,8,0,0,0,0,0,0,0,0,0,8,6,0,0,0,0,0,0,0,0,0,6,3,0,0,0,0,0,0,0,0,0,3,0,0,0,0,0,0,0,0,0,0,0,5,0,0,0,0,0,0,0,0,0,5,0,0,0,0,0,0,0,0,0,0,0,14,0,0,0,0,0,0,0,0,0,14,395,55,41,8,9,9,0,0,0,15,528,396,221,129,29,30,20,20,0,0,5,859,48,39,35,8,3,6,0,3,0,5,144,0,0,0,0,0,0,0,0,0,0,0,446,261,160,37,31,27,20,3,3,10,998,0,0,0,0,0,0,0,0,0,0,0,836,309,200,41,42,36,27,3,3,23,1524
801011007,0,0,0,0,0,72,0,0,0,0,0,0,0,0,0,77,6,0,0,0,0,0,0,0,0,0,6,9,0,0,0,0,0,0,0,0,0,9,5,0,0,0,0,0,0,0,0,0,5,0,0,0,0,0,0,0,0,0,0,0,16,0,0,0,0,0,0,0,0,0,16,0,0,0,0,0,0,0,0,0,0,0,23,0,0,0,0,0,0,0,0,0,23,356,39,42,8,9,4,10,0,3,5,481,264,97,94,19,27,34,16,10,0,7,562,30,5,9,0,3,8,7,0,0,0,64,0,0,0,0,0,0,0,0,0,0,0,293,101,103,24,34,39,15,10,0,8,624,0,0,0,0,0,0,0,0,0,0,0,652,139,140,25,42,42,31,13,4,18,1110
801011008,0,0,0,0,0,108,0,0,0,0,0,3,0,0,5,120,10,0,0,0,0,0,0,0,0,0,14,8,3,0,0,0,0,0,0,0,0,8,12,0,0,0,0,0,0,0,0,0,10,0,0,0,0,0,0,0,0,0,0,0,20,0,0,0,0,0,0,0,0,0,18,0,0,0,0,0,0,0,0,0,0,0,28,0,0,0,0,0,0,0,0,0,37,328,34,38,8,12,10,7,0,0,13,451,385,145,159,44,40,47,43,15,4,20,896,91,16,22,7,4,4,15,0,0,10,172,0,0,0,0,0,0,0,0,0,0,0,476,158,179,51,40,51,57,12,5,30,1061,0,0,0,0,0,0,0,0,0,0,0,810,200,226,58,53,59,63,13,4,37,1521
801011009,0,0,0,0,0,62,0,0,0,0,0,0,0,0,0,64,4,0,0,0,0,0,0,0,0,0,7,8,0,0,0,0,0,0,0,0,0,8,0,0,0,0,0,0,0,0,0,0,0,0,0,0,0,0,0,0,0,0,0,0,11,0,0,0,0,0,0,0,0,0,11,0,0,0,0,0,0,0,0,0,0,0,12,0,0,0,0,0,0,0,0,0,16,286,21,39,7,4,4,7,5,0,4,363,136,57,47,18,21,21,13,5,0,6,322,11,7,6,0,4,5,0,3,0,3,41,0,0,0,0,0,0,0,0,0,0,0,143,57,54,18,28,24,13,13,3,7,363,0,0,0,0,0,0,0,0,0,0,0,427,80,93,21,31,32,18,9,3,20,729
801011010,0,0,0,0,0,34,0,0,0,0,0,0,0,0,0,34,11,0,0,0,0,0,0,0,0,0,11,0,0,0,0,0,0,0,0,0,0,0,0,0,0,0,0,0,0,0,0,0,0,0,0,0,0,0,0,0,0,0,0,0,0,0,0,0,0,0,0,0,0,0,0,0,0,0,0,0,0,0,0,0,0,0,10,0,0,0,0,0,0,0,0,0,10,204,15,13,0,0,0,0,0,0,0,239,48,20,18,0,4,6,9,0,4,0,109,0,0,3,0,5,0,0,0,5,0,11,0,0,0,0,0,0,0,0,0,0,0,49,24,19,5,6,6,9,0,4,0,120,0,0,0,0,0,0,0,0,0,0,0,252,40,30,5,10,3,9,0,5,0,359
801011011,0,0,0,0,0,67,0,0,0,0,0,0,0,0,0,76,8,0,0,0,0,0,0,0,0,0,8,4,0,0,0,0,0,0,0,0,0,3,10,0,0,0,0,0,0,0,0,0,10,0,0,0,0,0,0,0,0,0,0,0,10,0,0,0,0,0,0,0,0,0,11,0,0,0,0,0,0,0,0,0,0,0,14,0,0,0,0,0,0,0,0,0,14,210,26,22,0,5,0,12,0,0,13,286,193,47,60,9,9,28,19,11,0,8,400,23,6,7,0,0,3,9,0,0,0,51,0,0,0,0,0,0,0,0,0,0,0,223,54,69,14,9,32,27,8,0,7,446,4,0,0,0,0,0,0,0,0,0,4,437,77,90,22,15,32,36,8,0,21,739
801011012,0,0,0,0,0,0,0,0,0,0,0,0,0,0,0,0,0,0,0,0,0,0,0,0,0,0,0,0,0,0,0,0,0,0,0,0,0,0,0,0,0,0,0,0,0,0,0,0,0,0,0,0,0,0,0,0,0,0,0,0,0,0,0,0,0,0,0,0,0,0,0,0,0,0,0,0,0,0,0,0,0,0,0,0,0,0,0,0,0,0,0,0,0,0,0,0,0,0,0,0,0,0,0,0,0,0,0,0,0,0,0,0,0,0,0,0,0,0,0,0,0,0,0,0,0,0,0,0,0,0,0,0,0,0,0,0,0,0,0,0,0,0,0,0,0,0,0,0,0,0,0,0,0,0,0,0,0,0,0,0,0,0,0,0,0,0,0,0,0,0
801011013,0,0,0,3,3,79,0,0,0,0,0,0,0,0,3,88,11,0,0,0,0,0,0,0,0,0,11,12,0,0,0,0,0,0,0,0,0,12,0,0,0,0,0,0,0,0,0,0,3,0,0,0,0,0,0,0,0,0,0,0,7,0,0,0,0,0,0,0,0,0,11,0,0,0,0,0,0,0,0,0,0,0,23,0,0,0,0,0,0,0,0,0,20,272,27,14,3,10,0,3,0,0,3,343,123,53,83,20,46,25,12,17,0,4,383,15,3,5,0,0,0,9,5,0,0,45,0,0,0,0,0,0,0,0,0,0,0,142,58,89,23,48,25,22,18,0,4,425,0,0,0,0,0,0,0,0,0,3,3,414,84,103,24,54,29,28,19,0,10,769
801011014,0,0,0,0,0,94,0,0,0,0,0,0,0,0,0,94,15,0,0,0,0,0,0,0,0,0,15,5,0,0,0,0,0,0,0,0,0,5,9,0,0,0,0,0,0,0,0,0,12,0,0,0,0,0,0,0,0,0,0,0,10,0,0,0,0,0,0,0,0,0,12,0,0,0,0,0,0,0,0,0,0,0,30,0,0,0,0,0,0,0,0,0,28,249,26,28,3,3,0,9,11,0,4,328,163,61,68,9,11,17,11,4,3,7,358,45,10,12,3,5,3,0,6,0,0,75,0,0,0,0,0,0,0,0,0,0,0,204,68,80,18,15,18,11,9,7,5,436,0,0,0,0,0,0,0,0,0,0,0,456,95,109,21,17,18,21,18,7,15,768
801011015,0,0,0,0,0,117,0,0,0,0,0,0,0,0,0,125,32,3,0,0,0,0,0,0,0,0,34,18,0,0,0,0,0,0,0,0,0,18,6,0,0,0,0,0,0,0,0,0,6,0,0,0,0,0,0,0,0,0,0,0,23,0,0,0,0,0,0,0,0,0,23,0,0,0,0,0,0,0,0,0,0,0,56,3,0,0,0,0,0,0,0,0,59,424,51,47,17,14,7,4,0,0,5,567,200,175,167,52,63,32,37,27,0,10,756,34,14,17,4,0,8,10,3,0,6,101,0,0,0,0,0,0,0,0,0,0,0,237,185,188,61,63,38,50,27,6,9,857,0,0,0,0,0,0,0,0,0,3,3,653,243,235,71,70,46,57,32,5,19,1424
801011016,0,0,0,0,0,200,3,4,0,0,0,0,0,0,3,208,20,0,0,0,0,0,0,0,0,0,20,24,0,0,0,0,0,0,0,0,0,24,14,0,0,0,0,0,0,0,0,0,14,0,0,0,0,0,0,0,0,0,0,0,41,0,0,0,0,0,0,0,0,0,41,0,0,0,0,0,0,0,0,0,0,0,58,0,0,0,0,0,0,0,0,0,58,563,70,51,10,8,17,14,4,8,8,755,592,162,221,43,67,62,69,22,5,13,1255,91,22,30,10,24,13,19,3,0,6,219,4,0,0,0,0,0,0,0,0,0,4,689,182,253,53,89,77,87,25,11,24,1482,5,0,0,0,0,0,0,0,0,4,7,1254,255,304,59,102,92,102,30,15,33,2240
801011017,0,0,0,0,0,66,0,0,0,0,0,0,0,0,0,70,3,0,0,0,0,0,0,0,0,0,3,6,0,0,0,0,0,0,0,0,0,6,0,0,0,0,0,0,0,0,0,0,0,0,0,0,0,0,0,0,0,0,0,0,6,0,0,0,0,0,0,0,0,0,6,0,0,0,0,0,0,0,0,0,0,0,8,0,0,0,0,0,0,0,0,0,8,256,25,24,0,9,0,3,0,4,9,334,145,84,60,10,11,28,14,3,0,4,361,26,4,12,0,0,3,7,0,0,0,52,0,0,0,0,0,0,0,0,0,0,0,167,89,66,10,17,32,18,6,0,4,413,0,0,0,0,0,0,0,0,0,0,0,427,115,87,10,24,30,22,7,4,19,742
801011018,0,0,0,0,0,8,0,0,0,0,0,0,0,0,0,8,0,0,0,0,0,0,0,0,0,0,0,0,0,0,0,0,0,0,0,0,0,0,0,0,0,0,0,0,0,0,0,0,0,0,0,0,0,0,0,0,0,0,0,0,0,0,0,0,0,0,0,0,0,0,4,0,0,0,0,0,0,0,0,0,0,0,0,0,0,0,0,0,0,0,0,0,4,87,42,29,12,13,0,10,5,0,0,192,175,203,290,72,111,89,74,36,3,21,1077,16,9,17,3,18,9,10,0,0,7,89,0,0,0,0,0,0,0,0,0,0,0,186,215,307,81,128,95,90,40,3,28,1173,0,0,0,0,0,0,0,0,0,0,0,269,255,339,91,137,99,93,42,7,28,1361
801011019,0,0,0,0,0,72,0,0,0,0,0,0,0,0,3,77,8,0,0,0,0,0,0,0,0,0,8,7,0,0,0,0,0,0,0,0,0,10,3,0,0,0,0,0,0,0,0,0,3,0,0,0,0,0,0,0,0,0,0,0,8,0,0,0,0,0,0,0,0,0,14,0,0,0,0,0,0,0,0,0,0,0,18,0,0,0,0,0,0,0,0,0,19,399,72,60,9,6,7,4,8,0,15,579,325,365,246,73,52,34,42,10,3,9,1168,23,28,20,11,3,10,11,7,0,0,110,0,0,3,0,0,0,0,0,0,0,3,352,389,268,83,61,49,54,16,3,10,1282,0,0,0,0,0,0,0,0,0,0,4,748,468,330,90,62,56,51,23,3,24,1864
801011020,0,0,0,0,0,85,0,0,0,0,0,0,0,0,3,93,10,0,0,0,0,0,0,0,0,0,10,9,0,0,0,0,0,0,0,0,0,9,0,0,0,0,0,0,0,0,0,0,9,0,0,0,0,0,0,0,0,0,0,0,17,0,0,0,0,0,0,0,0,0,14,0,0,0,0,0,0,0,0,0,0,0,30,0,0,0,0,0,0,0,0,0,29,261,25,18,9,6,3,8,5,0,6,340,166,54,115,48,46,49,27,23,0,0,535,20,14,13,4,4,3,6,0,0,0,62,0,0,0,0,0,0,0,0,0,0,0,185,63,125,53,47,54,39,26,0,9,593,0,0,0,0,0,0,0,0,0,0,0,451,86,143,63,53,50,44,29,3,10,937
801011021,0,0,0,0,0,78,0,0,0,0,0,0,0,0,0,76,8,0,0,0,0,0,0,0,0,0,5,11,0,0,0,0,0,0,0,0,0,12,4,0,0,0,0,0,0,0,0,0,6,0,0,0,0,0,0,0,0,0,0,0,16,0,0,0,0,0,0,0,0,0,14,0,0,0,0,0,0,0,0,0,0,0,17,0,0,0,0,0,0,0,0,0,25,217,26,32,5,0,0,0,0,0,9,289,301,54,52,10,6,9,9,6,0,14,465,44,12,6,0,0,0,0,3,0,0,65,0,0,0,0,0,0,0,0,0,0,0,344,64,54,9,6,16,9,11,0,16,532,0,0,0,0,0,0,0,0,0,0,0,556,91,84,14,7,19,9,8,0,24,819
801011022,0,0,0,0,0,67,0,0,0,0,0,4,0,0,0,76,11,0,0,0,0,0,0,0,0,0,11,7,0,0,0,0,0,0,0,0,0,7,3,0,0,0,0,0,0,0,0,0,0,0,0,0,0,0,0,0,0,0,0,0,8,0,0,0,0,0,0,0,0,0,9,0,0,0,0,0,0,0,0,0,0,0,15,0,0,0,0,0,0,0,0,0,18,250,36,26,8,0,7,4,3,0,4,339,143,49,60,16,23,20,13,8,0,3,335,21,9,6,0,0,0,5,0,0,0,46,0,0,0,0,0,0,0,0,0,0,0,165,56,68,17,29,16,19,5,0,3,377,0,0,0,0,0,0,0,0,0,0,0,413,94,95,24,30,25,23,9,0,11,718
801011023,0,0,0,0,0,92,3,0,0,0,0,0,0,0,9,102,50,0,0,0,0,0,0,0,0,8,51,7,0,0,0,0,0,0,0,0,0,7,16,0,0,0,0,0,0,0,0,4,24,0,0,0,0,0,0,0,0,0,8,6,22,0,0,0,0,0,0,0,0,12,33,4,0,0,0,0,0,0,0,0,7,12,77,0,0,0,0,0,0,0,0,25,99,234,30,26,3,6,11,7,0,0,8,328,148,69,102,35,46,45,30,11,6,9,499,41,12,12,0,3,3,11,0,0,6,90,0,0,0,0,0,0,0,0,0,3,7,192,75,112,41,47,51,43,16,6,24,601,4,0,0,0,0,0,0,0,0,9,12,430,107,136,45,54,64,48,16,12,39,945
801011024,0,0,0,0,0,58,0,0,0,0,0,0,0,0,0,57,10,0,0,0,0,0,0,0,0,0,10,0,0,0,0,0,0,0,0,0,0,0,5,0,0,0,0,0,0,0,0,0,5,0,0,0,0,0,0,0,0,0,0,0,4,0,0,0,0,0,0,0,0,0,4,0,0,0,0,0,0,0,0,0,0,0,13,0,0,0,0,0,0,0,0,0,13,196,23,36,4,3,0,10,3,0,4,277,137,72,107,20,23,33,36,13,3,9,454,18,14,12,4,0,3,14,0,0,0,65,0,0,0,0,0,0,0,0,0,0,0,157,85,122,23,28,35,50,11,3,10,525,0,0,5,0,0,0,0,0,0,0,3,354,107,164,25,32,35,51,14,3,18,803
801011025,0,0,0,0,0,39,3,0,0,0,0,0,0,0,0,46,13,0,0,0,0,0,0,0,0,0,13,3,0,0,0,0,0,0,0,0,0,3,0,0,0,0,0,0,0,0,0,0,0,0,0,0,0,0,0,0,0,0,0,0,6,0,0,0,0,0,0,0,0,0,6,0,0,0,0,0,0,0,0,0,0,0,17,0,0,0,0,0,0,0,0,0,17,170,32,17,0,0,3,0,0,0,0,220,92,33,21,3,9,3,7,0,0,0,164,10,6,0,0,3,0,0,0,0,0,28,0,0,0,0,0,0,0,0,0,0,0,101,36,24,3,9,3,12,0,0,4,189,0,0,0,0,0,0,0,0,0,0,0,274,68,39,0,7,8,13,0,0,3,417
801011026,0,0,0,0,0,74,0,0,0,0,0,0,0,0,0,70,16,0,0,0,0,0,0,0,0,0,19,11,0,0,0,0,0,0,0,0,0,11,0,0,0,0,0,0,0,0,0,0,3,0,0,0,0,0,0,0,0,0,0,0,13,0,0,0,0,0,0,0,0,0,15,0,0,0,0,0,0,0,0,0,0,0,27,3,0,0,0,0,0,0,0,0,35,242,22,21,3,7,5,5,0,0,0,300,149,35,45,13,16,36,22,4,0,7,330,6,3,0,3,0,0,10,0,0,0,27,0,0,0,0,0,0,0,0,0,0,4,158,42,47,16,20,32,34,4,0,7,362,0,0,0,0,0,0,0,0,0,0,0,397,61,67,19,23,38,40,3,0,9,664
801011111,0,0,0,0,0,0,0,0,0,0,0,0,0,0,0,0,0,0,0,0,0,0,0,0,0,0,0,0,0,0,0,0,0,0,0,0,0,0,0,0,0,0,0,0,0,0,0,0,0,0,0,0,0,0,0,0,0,0,0,0,0,0,0,0,0,0,0,0,0,0,0,0,0,0,0,0,0,0,0,0,0,0,0,0,0,0,0,0,0,0,0,0,0,0,0,0,0,0,0,0,0,0,0,0,0,0,0,0,0,0,0,0,0,0,0,0,0,0,0,0,0,0,0,0,0,0,0,0,0,0,0,0,0,0,0,0,0,0,0,0,0,0,0,0,0,0,0,0,0,0,0,0,0,0,0,0,0,0,0,0,0,0,0,0,0,0,0,0,0,0
801011142,0,0,0,0,0,0,0,0,0,0,0,0,0,0,0,0,0,0,0,0,0,0,0,0,0,0,0,0,0,0,0,0,0,0,0,0,0,0,0,0,0,0,0,0,0,0,0,0,0,0,0,0,0,0,0,0,0,0,0,0,0,0,0,0,0,0,0,0,0,0,0,0,0,0,0,0,0,0,0,0,0,0,0,0,0,0,0,0,0,0,0,0,0,0,0,0,0,0,0,0,0,0,0,0,0,0,0,0,0,0,0,0,0,0,0,0,0,0,0,0,0,0,0,0,0,0,0,0,0,0,0,0,0,0,0,0,0,0,0,0,0,0,0,0,0,0,0,0,0,0,0,0,0,0,0,0,0,0,0,0,0,0,0,0,0,0,0,0,0,0
801011143,0,0,0,0,0,0,0,0,0,0,0,0,0,0,0,0,0,0,0,0,0,0,0,0,0,0,0,0,0,0,0,0,0,0,0,0,0,0,0,0,0,0,0,0,0,0,0,0,0,0,0,0,0,0,0,0,0,0,0,0,0,0,0,0,0,0,0,0,0,0,0,0,0,0,0,0,0,0,0,0,0,0,0,0,0,0,0,0,0,0,0,0,0,10,8,16,0,0,9,0,0,0,0,44,19,83,97,28,16,16,7,4,4,4,293,0,0,4,4,0,0,0,3,0,0,17,0,0,0,0,0,0,0,0,0,0,0,19,84,100,31,16,19,7,14,4,9,309,0,0,0,0,0,0,0,0,0,0,0,28,93,115,35,15,28,10,14,4,9,350
801011144,0,0,0,0,0,0,0,0,0,0,0,0,0,0,0,0,0,0,0,0,0,0,0,0,0,0,0,0,0,0,0,0,0,0,0,0,0,0,0,0,0,0,0,0,0,0,0,0,0,0,0,0,0,0,0,0,0,0,0,0,0,0,0,0,0,0,0,0,0,0,0,0,0,0,0,0,0,0,0,0,0,0,0,0,0,0,0,0,0,0,0,0,0,0,0,0,0,0,0,0,0,0,0,0,0,0,0,0,0,0,3,0,0,0,3,0,0,0,0,0,0,0,0,0,0,0,0,0,0,0,0,0,0,0,0,0,0,0,0,0,0,0,0,3,0,0,0,3,0,0,0,0,0,0,0,0,0,0,0,0,0,0,0,0,0,3,0,0,0,11
801031031,0,0,0,0,0,0,0,0,0,0,0,0,0,0,0,0,0,0,0,0,0,0,0,0,0,0,0,0,0,0,0,0,0,0,0,0,0,0,0,0,0,0,0,0,0,0,0,0,0,0,0,0,0,0,0,0,0,0,0,0,0,0,0,0,0,0,0,0,0,0,0,0,0,0,0,0,0,0,0,0,0,0,0,0,0,0,0,0,0,0,0,0,0,0,0,0,0,0,0,0,0,0,0,0,0,0,0,0,0,0,0,0,0,0,0,0,0,0,0,0,0,0,0,0,0,0,0,0,0,0,0,0,0,0,0,0,0,0,0,0,0,0,0,0,0,0,0,0,0,0,0,0,0,0,0,0,0,46,46,0,0,0,0,0,0,0,0,0,46,50
801031032,0,0,0,0,0,0,0,0,0,0,0,0,0,0,0,0,0,0,0,0,0,0,0,0,0,0,0,0,0,0,0,0,0,0,0,0,0,0,0,0,0,0,0,0,0,0,0,0,0,0,0,0,0,0,0,0,0,0,0,0,0,0,0,0,0,0,0,0,0,0,0,0,0,0,0,0,0,0,0,0,0,0,0,0,0,0,0,0,0,0,0,0,0,0,0,0,0,0,0,0,0,0,0,0,0,0,0,0,0,0,0,0,0,0,0,0,0,0,0,0,0,0,0,0,0,0,0,0,0,0,0,0,0,0,0,0,0,0,0,0,0,0,0,0,0,0,0,0,0,0,0,0,0,0,0,0,0,0,0,0,0,0,0,0,0,0,0,0,0,0
801031113,0,0,0,0,0,15,0,0,0,0,0,0,0,0,0,15,0,0,0,0,0,0,0,0,0,0,0,0,0,0,0,0,0,0,0,0,0,0,0,0,0,0,0,0,0,0,0,0,0,0,0,0,0,0,0,0,0,0,0,0,0,0,0,0,0,0,0,0,0,0,0,0,0,0,0,0,0,0,0,0,0,0,0,0,0,0,0,0,0,0,0,0,0,73,3,3,0,0,0,0,0,4,4,91,33,15,42,0,4,4,4,0,0,0,107,3,0,3,0,3,5,0,7,0,0,16,0,0,0,0,0,0,0,0,0,0,0,39,16,45,0,9,5,6,3,0,0,122,0,0,0,0,0,0,0,0,0,0,0,105,22,47,0,10,5,6,10,5,3,214
801031114,0,0,0,0,0,0,0,0,0,0,0,0,0,0,0,0,0,0,0,0,0,0,0,0,0,0,0,0,0,0,0,0,0,0,0,0,0,0,0,0,0,0,0,0,0,0,0,0,0,0,0,0,0,0,0,0,0,0,0,0,0,0,0,0,0,0,0,0,0,0,0,0,0,0,0,0,0,0,0,0,0,0,0,0,0,0,0,0,0,0,0,0,0,3,0,4,0,0,0,0,0,0,0,9,4,8,6,0,0,0,0,0,3,0,21,0,0,0,0,0,0,0,0,0,0,0,0,0,0,0,0,0,0,0,0,0,0,4,8,6,0,0,0,0,0,3,0,21,0,0,0,0,0,0,0,0,0,0,0,5,6,7,0,0,0,0,0,3,0,26
801031115,0,0,0,0,0,0,0,0,0,0,0,0,0,0,0,0,0,0,0,0,0,0,0,0,0,0,0,0,0,0,0,0,0,0,0,0,0,0,0,0,0,0,0,0,0,0,0,0,0,0,0,0,0,0,0,0,0,0,0,0,0,0,0,0,0,0,0,0,0,0,0,0,0,0,0,0,0,0,0,0,0,0,0,0,0,0,0,0,0,0,0,0,0,17,10,0,0,3,0,0,0,4,0,29,3,6,0,0,0,0,0,0,8,0,19,0,0,0,0,0,0,0,0,0,0,0,0,0,0,0,0,0,0,0,0,0,0,3,6,0,0,0,0,0,0,7,0,16,0,0,0,0,0,0,0,0,0,0,0,24,12,3,0,3,0,0,0,10,0,50
801041034,0,0,0,0,0,54,0,0,0,0,0,4,0,0,0,59,7,0,0,0,0,0,0,0,0,0,7,3,0,0,0,0,0,0,0,0,0,3,5,0,0,0,0,0,0,0,0,0,5,0,0,0,0,0,0,0,0,0,0,0,11,0,0,0,0,0,0,0,0,0,11,0,0,0,0,0,0,0,0,0,0,0,15,0,0,0,0,0,0,0,0,0,15,323,63,62,0,6,12,4,12,7,7,502,410,206,185,36,36,37,36,18,0,3,973,37,10,18,5,0,7,3,4,0,14,100,0,0,0,0,0,0,0,0,0,0,0,450,218,198,40,37,39,42,24,0,23,1067,0,0,0,0,0,0,0,0,0,0,0,775,282,266,45,43,53,45,35,10,27,1576
801041035,0,0,0,0,0,42,6,6,0,5,4,6,3,0,0,63,0,0,0,0,0,0,0,0,0,0,0,4,0,0,0,0,0,0,0,0,0,3,0,0,0,0,0,0,0,0,0,0,0,0,0,0,0,0,0,0,0,0,0,0,4,0,0,0,0,0,0,0,0,0,3,0,0,0,0,0,0,0,0,0,0,0,4,0,0,0,0,0,0,0,0,3,9,224,116,102,9,8,8,13,3,0,10,508,589,739,452,97,106,104,79,26,4,38,2220,48,54,40,5,9,10,26,7,0,11,209,4,0,0,0,0,0,0,0,0,0,4,647,790,488,104,116,115,102,35,4,46,2434,0,0,0,0,0,0,0,0,0,11,9,871,910,595,113,124,124,118,39,10,66,2963
801041036,0,0,0,0,0,19,0,3,0,0,0,0,0,0,0,28,0,0,0,0,0,0,0,0,0,0,0,6,0,0,0,0,0,0,0,0,0,6,0,0,0,0,0,0,0,0,0,0,0,0,0,0,0,0,0,0,0,0,0,0,5,0,0,0,0,0,0,0,0,0,3,0,0,0,0,0,0,0,0,0,0,0,8,0,0,0,0,0,0,0,0,0,3,251,98,61,15,8,11,18,0,0,7,464,350,413,358,62,66,72,55,19,4,17,1425,23,37,24,7,4,7,13,8,3,5,129,0,0,0,0,0,0,0,0,0,0,4,373,449,383,71,71,83,68,29,7,22,1555,0,4,0,0,0,0,0,0,0,0,3,629,547,443,84,81,96,85,29,10,26,2033
801041037,0,0,0,0,0,37,6,5,0,0,0,0,4,0,0,48,5,0,0,0,0,0,0,0,0,0,5,5,0,0,0,0,0,0,0,0,0,5,0,0,0,0,0,0,0,0,0,0,0,0,0,0,0,0,0,0,0,0,0,0,5,0,0,0,0,0,0,0,0,0,5,0,0,0,0,0,0,0,0,0,0,0,13,0,0,0,0,0,0,0,0,0,14,234,42,60,19,0,8,9,4,0,3,379,451,362,231,54,65,35,32,20,4,17,1267,13,36,28,3,4,6,19,7,0,0,116,0,0,0,0,0,0,0,0,0,0,7,468,394,255,55,70,42,47,26,4,16,1390,0,0,0,0,0,0,0,0,0,0,0,700,442,315,68,77,54,50,26,10,26,1771
801041038,0,0,0,0,0,26,0,3,0,0,0,0,0,0,0,27,0,0,0,0,0,0,0,0,0,0,0,0,0,0,0,0,0,0,0,0,0,0,3,0,0,0,0,0,0,0,0,0,3,0,0,0,0,0,0,0,0,0,0,0,3,0,0,0,0,0,0,0,0,0,3,0,0,0,0,0,0,0,0,0,0,0,4,0,0,0,0,0,0,0,0,0,4,235,53,65,6,17,14,10,0,0,4,405,393,232,116,24,35,31,17,4,0,9,871,24,19,13,0,8,6,3,3,0,10,85,0,0,0,0,0,0,0,0,0,5,5,418,249,138,26,39,35,23,6,0,22,966,0,0,0,0,0,0,0,0,0,0,3,651,300,204,34,60,51,32,6,0,26,1375
801041039,0,0,0,0,0,24,3,3,6,0,3,3,0,0,0,43,0,0,0,0,0,0,0,0,0,0,0,3,0,0,0,0,0,0,0,0,0,3,5,0,0,0,0,0,0,0,0,0,10,0,0,0,0,0,0,0,0,0,0,0,5,0,0,0,0,0,0,0,0,0,14,0,0,0,0,0,0,0,0,0,0,0,5,0,0,0,0,0,0,0,0,0,14,233,94,90,22,12,15,25,16,4,7,506,723,592,604,181,256,205,148,48,17,37,2815,71,58,84,8,25,28,60,15,6,14,369,0,0,0,0,0,0,0,0,0,0,5,800,648,697,190,283,232,208,62,18,56,3191,0,0,0,0,0,0,0,0,0,6,12,1030,739,786,210,295,249,228,73,23,67,3704
801041040,0,0,0,0,0,54,9,0,0,5,0,4,3,0,0,79,5,0,0,0,0,0,0,0,0,0,5,4,0,0,0,0,0,0,0,0,0,4,9,0,0,0,0,0,0,0,0,0,9,0,0,0,0,0,0,0,0,0,0,0,8,0,0,0,0,0,0,0,0,0,8,0,0,0,0,0,0,0,0,0,0,0,14,0,0,0,0,0,0,0,0,0,14,345,95,99,18,20,33,7,16,5,11,651,650,444,709,250,302,260,209,80,10,34,2952,86,59,106,24,49,64,83,22,8,14,515,0,0,0,0,0,0,0,0,0,0,4,735,507,818,275,351,319,289,103,19,46,3469,0,0,0,0,0,0,0,0,0,7,7,1076,598,919,290,368,359,302,123,24,64,4127
801041043,0,0,0,0,0,4,0,0,0,0,0,0,0,0,0,4,0,0,0,0,0,0,0,0,0,0,0,0,0,0,0,0,0,0,0,0,0,0,0,0,0,0,0,0,0,0,0,0,0,0,0,0,0,0,0,0,0,0,0,0,0,0,0,0,0,0,0,0,0,0,0,0,0,0,0,0,0,0,0,0,0,0,4,0,0,0,0,0,0,0,0,0,4,27,0,4,0,0,0,0,0,0,0,27,9,0,0,0,0,0,0,0,0,0,9,0,0,0,0,0,0,0,0,0,0,0,0,0,0,0,0,0,0,0,0,0,0,9,0,0,0,0,0,0,0,0,0,9,0,0,0,0,0,0,0,0,0,0,0,32,0,4,0,0,0,0,0,0,0,40
801041044,0,0,0,0,0,42,0,7,0,3,0,0,0,0,4,54,0,0,0,0,0,0,0,0,0,0,0,0,0,0,0,0,0,0,0,0,0,0,5,0,0,0,0,0,0,0,0,0,4,0,0,0,0,0,0,0,0,0,0,0,5,6,0,0,0,0,0,0,0,0,10,0,0,0,0,0,0,0,0,0,0,0,9,6,0,0,0,0,0,0,0,0,10,297,124,85,21,34,9,34,14,5,15,632,690,502,531,141,181,174,110,36,7,46,2413,58,70,63,19,34,27,44,20,8,21,358,0,0,0,0,0,0,0,0,0,0,0,756,573,594,158,211,201,150,58,8,63,2768,0,0,0,0,0,0,4,0,0,6,10,1049,693,684,178,245,205,188,70,14,81,3412
801041045,0,0,0,0,0,0,0,0,0,0,0,0,0,0,0,0,0,0,0,0,0,0,0,0,0,0,0,0,0,0,0,0,0,0,0,0,0,0,0,0,0,0,0,0,0,0,0,0,0,0,0,0,0,0,0,0,0,0,0,0,0,0,0,0,0,0,0,0,0,0,0,0,0,0,0,0,0,0,0,0,0,0,0,0,0,0,0,0,0,0,0,0,0,0,0,0,0,0,0,0,0,0,0,0,0,0,0,0,0,0,0,0,0,0,0,0,0,0,0,0,0,0,0,0,0,3,0,0,0,0,0,0,0,0,0,0,0,0,0,0,0,0,0,0,0,0,0,3,0,0,0,0,0,0,0,0,0,0,0,0,0,0,0,0,0,0,0,0,0,3
801041046,0,0,0,0,0,149,0,9,0,0,0,6,0,0,0,165,24,0,0,0,0,0,0,0,0,0,31,4,0,0,0,0,0,0,0,0,0,4,12,0,0,0,0,0,0,0,0,0,14,0,0,0,0,0,0,0,0,0,0,0,15,0,0,0,0,0,0,0,0,0,21,0,0,0,0,0,0,0,0,0,0,0,40,0,0,0,0,0,0,0,0,0,41,602,92,90,16,8,9,17,0,0,11,854,614,456,471,99,77,92,72,9,0,20,1918,97,42,46,4,9,16,30,11,0,7,266,0,0,0,0,0,0,0,0,0,0,3,714,496,518,107,86,111,103,22,0,32,2189,0,0,0,0,0,0,0,0,0,3,10,1321,590,613,115,97,119,117,27,0,52,3051
801041047,0,0,0,0,0,145,3,10,0,0,0,0,0,0,4,158,12,0,0,0,0,0,0,0,0,0,12,11,0,0,0,0,0,0,0,0,0,11,5,0,0,0,0,0,0,0,0,0,10,0,0,0,0,0,0,0,0,0,0,0,16,0,0,0,0,0,0,0,0,0,17,0,0,0,0,0,0,0,0,0,0,0,25,0,0,0,0,0,0,0,0,0,30,545,69,82,6,14,3,7,4,0,14,746,636,154,151,37,26,30,11,6,0,8,1068,55,24,33,0,4,0,9,4,0,0,134,0,0,0,0,0,0,0,0,0,0,4,693,177,187,43,31,30,19,11,0,12,1207,0,0,0,0,0,0,0,0,0,0,0,1240,248,269,46,50,34,23,14,0,25,1960
801041048,0,0,0,0,0,64,4,0,0,0,0,0,0,0,0,77,5,0,0,0,0,0,0,0,0,0,4,11,0,0,0,0,0,0,0,0,0,10,14,0,0,0,0,0,0,0,0,0,14,0,0,0,0,0,0,0,0,0,0,0,25,0,0,0,0,0,0,0,0,0,25,0,0,0,0,0,0,0,0,0,0,0,26,0,0,0,0,0,0,0,0,0,33,310,66,38,21,3,8,8,8,3,13,474,497,180,200,25,34,38,43,11,5,11,1050,104,34,26,5,7,0,29,3,0,7,218,0,0,0,0,0,0,0,0,0,0,8,604,213,233,28,41,44,73,14,5,22,1269,0,0,0,0,0,0,0,0,0,0,0,917,276,270,49,45,54,82,20,4,33,1744
801041116,0,0,0,0,0,0,0,0,0,0,0,0,0,0,0,0,0,0,0,0,0,0,0,0,0,0,0,0,0,0,0,0,0,0,0,0,0,0,0,0,0,0,0,0,0,0,0,0,0,0,0,0,0,0,0,0,0,0,0,0,0,0,0,0,0,0,0,0,0,0,0,0,0,0,0,0,0,0,0,0,0,0,0,0,0,0,0,0,0,0,0,0,0,0,0,0,0,0,0,0,0,0,0,0,0,0,0,0,0,0,0,0,0,0,0,0,0,0,0,0,0,0,0,0,0,0,0,0,0,0,0,0,0,0,0,0,0,0,0,0,0,0,0,0,0,0,0,0,0,0,0,0,0,0,0,0,0,0,0,0,0,0,0,0,0,0,0,0,0,0
801041117,0,0,0,0,0,0,0,0,0,0,0,0,0,0,0,0,0,0,0,0,0,0,0,0,0,0,0,0,0,0,0,0,0,0,0,0,0,0,0,0,0,0,0,0,0,0,0,0,0,0,0,0,0,0,0,0,0,0,0,0,0,0,0,0,0,0,0,0,0,0,0,0,0,0,0,0,0,0,0,0,0,0,0,0,0,0,0,0,0,0,0,0,0,0,0,0,0,0,0,0,0,0,0,0,0,0,0,0,0,0,0,0,0,0,0,0,0,0,0,0,0,0,0,0,0,0,0,0,0,0,0,0,0,0,0,0,0,0,0,0,0,0,0,0,0,0,0,0,0,0,0,0,0,0,0,0,0,0,0,0,0,0,0,0,0,0,0,0,0,0
801041118,0,0,0,0,0,0,0,0,0,0,0,0,0,0,0,5,0,0,0,0,0,0,0,0,0,0,0,0,0,0,0,0,0,0,0,0,0,0,0,0,0,0,0,0,0,0,0,0,0,0,0,0,0,0,0,0,0,0,0,0,0,0,0,0,0,0,0,0,0,0,0,0,0,0,0,0,0,0,0,0,0,0,0,0,0,0,0,0,0,0,0,0,0,19,12,9,0,0,0,0,0,0,0,44,38,93,65,7,7,15,7,6,0,0,245,10,7,10,0,0,0,0,8,0,0,31,0,0,0,0,0,0,0,0,0,0,0,47,103,68,14,7,16,7,12,0,6,277,0,0,0,0,0,0,0,0,0,0,0,68,108,78,8,7,15,7,12,0,6,321
801041119,0,0,0,0,0,0,0,0,0,0,0,0,0,0,0,0,0,0,0,0,0,0,0,0,0,0,0,0,0,0,0,0,0,0,0,0,0,0,0,0,0,0,0,0,0,0,0,0,0,0,0,0,0,0,0,0,0,0,0,0,0,0,0,0,0,0,0,0,0,0,0,0,0,0,0,0,0,0,0,0,0,0,0,0,0,0,0,0,0,0,0,0,0,0,0,0,0,0,0,0,0,0,0,0,0,0,0,0,0,0,0,0,0,0,0,0,0,0,0,0,0,0,0,0,0,0,0,0,0,0,0,0,0,0,0,0,0,0,0,0,0,0,0,0,0,0,0,0,0,0,0,0,0,0,0,0,0,0,0,0,0,0,0,0,0,0,0,0,0,0
801041120,0,0,0,0,0,8,0,5,0,0,0,0,0,0,0,14,0,0,0,0,0,0,0,0,0,0,0,0,0,0,0,0,0,0,0,0,0,0,0,0,0,0,0,0,0,0,0,0,0,0,0,0,0,0,0,0,0,0,0,0,0,0,0,0,0,0,0,0,0,0,0,0,0,0,0,0,0,0,0,0,0,0,0,0,0,0,0,0,0,0,0,0,0,141,76,108,19,6,6,6,0,4,7,377,312,533,561,79,90,77,67,9,4,15,1752,18,26,31,14,6,11,14,7,0,3,132,0,0,0,0,0,0,0,0,0,0,0,335,560,596,97,96,90,84,22,3,18,1891,0,0,0,0,0,0,0,0,0,0,4,470,635,700,117,110,95,86,19,6,26,2266
801041121,0,0,0,0,0,6,6,0,0,0,0,4,0,0,0,17,0,0,0,0,0,0,0,0,0,0,0,0,0,0,0,0,0,0,0,0,0,0,0,0,0,0,0,0,0,0,0,0,0,0,0,0,0,0,0,0,0,0,0,0,0,0,0,0,0,0,0,0,0,0,0,0,0,0,0,0,0,0,0,0,0,0,0,0,0,0,0,0,0,0,0,0,0,44,10,31,7,9,3,0,0,0,5,107,106,352,298,33,80,50,49,5,3,9,988,4,17,15,3,4,6,17,13,0,10,90,0,0,0,0,0,0,0,0,0,0,5,112,373,303,39,84,56,60,20,3,22,1078,0,0,0,0,0,0,0,0,0,0,6,156,385,335,49,92,60,61,20,3,25,1194
801041122,0,0,0,0,0,4,0,4,0,0,0,0,0,0,0,5,0,0,0,0,0,0,0,0,0,0,0,0,0,0,0,0,0,0,0,0,0,0,0,0,0,0,0,0,0,0,0,0,0,0,0,0,0,0,0,0,0,0,0,0,0,0,0,0,0,0,0,0,0,0,0,0,0,0,0,0,0,0,0,0,0,0,0,0,0,0,0,0,0,0,0,0,0,58,32,43,7,13,0,0,3,0,0,160,191,303,258,51,42,30,20,17,0,9,918,18,20,30,5,11,7,14,9,0,3,116,0,0,0,0,0,0,0,0,0,0,0,210,322,296,56,54,34,30,22,3,12,1042,0,0,0,0,0,0,0,0,0,0,0,271,357,337,59,59,40,30,25,3,17,1202
801051049,0,0,0,0,0,0,0,0,0,0,0,0,0,0,0,0,0,0,0,0,0,0,0,0,0,0,0,0,0,0,0,0,0,0,0,0,0,0,0,0,0,0,0,0,0,0,0,0,0,0,0,0,0,0,0,0,0,0,0,0,0,0,0,0,0,0,0,0,0,0,0,0,0,0,0,0,0,0,0,0,0,0,0,0,0,0,0,0,0,0,0,0,0,107,93,36,5,5,9,9,9,10,6,292,33,60,48,31,40,66,82,61,7,6,437,0,0,0,0,3,5,6,0,0,0,10,0,0,0,0,0,0,0,0,0,0,0,33,60,48,31,41,69,86,61,7,6,446,0,3,0,0,0,0,0,0,0,0,4,141,159,83,35,52,77,102,70,17,14,746
801051050,0,0,0,0,0,98,0,0,0,0,0,0,0,0,6,111,37,0,0,0,0,0,0,0,0,14,54,16,0,0,0,0,0,0,0,0,17,30,23,0,0,0,0,0,0,0,0,0,22,0,0,0,0,0,0,0,0,0,0,0,34,0,0,0,0,0,0,0,0,21,54,0,0,0,0,0,0,0,0,0,0,0,74,0,0,0,0,0,0,0,0,31,105,519,53,44,7,3,9,10,17,15,41,714,194,42,37,12,21,20,24,18,0,24,384,47,10,7,0,7,4,4,0,0,4,78,0,0,0,0,0,0,0,0,0,0,0,239,47,47,13,27,24,26,18,0,24,463,0,0,0,0,0,0,0,0,0,0,0,754,105,92,18,34,30,40,37,15,61,1182
801051051,0,0,0,0,0,64,0,0,0,0,0,0,0,0,0,69,8,0,0,0,0,0,0,0,0,0,11,8,0,0,0,0,0,0,0,0,0,8,3,0,0,0,0,0,0,0,0,0,3,0,0,0,0,0,0,0,0,0,0,0,9,0,0,0,0,0,0,0,0,0,11,0,0,0,0,0,0,0,0,0,0,0,20,0,0,0,0,0,0,0,0,0,22,490,96,105,17,15,20,33,23,14,20,831,277,145,279,110,131,105,115,28,6,15,1211,23,15,8,3,13,5,13,4,4,4,96,0,0,0,0,0,0,0,0,0,0,0,299,157,284,113,140,111,125,37,14,19,1313,0,0,0,0,0,0,0,0,0,0,5,791,254,391,132,156,124,158,60,30,37,2144
801051053,0,0,0,0,0,18,0,0,0,0,0,0,0,0,0,20,5,0,0,0,0,0,0,0,0,0,5,4,0,0,0,0,0,0,0,0,0,4,0,0,0,0,0,0,0,0,0,0,0,0,0,0,0,0,0,0,0,0,0,0,4,0,0,0,0,0,0,0,0,0,4,0,0,0,0,0,0,0,0,0,0,0,11,0,0,0,0,0,0,0,0,0,11,272,74,58,16,14,24,28,23,14,5,528,215,174,347,141,177,198,136,97,11,18,1518,7,7,11,6,14,17,20,10,4,3,95,0,0,0,0,0,0,0,0,0,0,0,221,183,358,151,190,214,154,110,15,23,1614,0,0,0,0,0,0,0,0,0,0,5,495,258,416,164,205,235,180,133,31,31,2144
801051054,0,0,0,0,0,33,0,0,0,0,0,0,0,0,0,33,8,0,0,0,0,0,0,0,0,0,8,0,0,0,0,0,0,0,0,0,0,0,6,0,0,0,0,0,0,0,0,0,6,0,0,0,0,0,0,0,0,0,0,0,11,0,0,0,0,0,0,0,0,0,11,0,0,0,0,0,0,0,0,0,0,0,15,0,0,0,0,0,0,0,0,0,15,213,39,32,8,10,13,15,4,12,6,348,126,71,116,49,50,62,43,17,3,8,546,26,5,20,4,14,13,16,0,0,0,101,0,0,0,0,0,0,0,0,0,0,0,151,80,134,52,60,74,57,17,9,8,644,0,0,0,0,0,0,0,0,0,0,0,366,116,163,58,72,86,67,21,17,19,989
801051055,0,0,0,0,0,66,0,0,0,0,0,0,0,0,0,69,14,0,0,0,0,0,0,0,0,0,18,13,0,0,0,0,0,0,0,0,0,13,5,0,0,0,0,0,0,0,0,0,5,0,0,0,0,0,0,0,0,0,0,0,21,0,0,0,0,0,0,0,0,0,21,0,0,0,0,0,0,0,0,0,0,0,36,0,0,0,0,0,0,0,0,0,35,327,46,44,18,3,4,5,5,0,15,462,184,84,140,38,67,56,46,25,0,13,663,40,15,26,3,8,5,4,5,0,0,112,0,0,0,0,0,0,0,0,0,0,0,230,100,166,40,77,61,55,31,0,16,776,0,0,0,0,0,0,0,0,0,0,0,552,141,208,61,81,63,65,34,3,25,1238
801051056,0,0,0,0,0,58,0,0,0,0,0,0,0,0,0,62,16,0,0,0,0,0,0,0,0,0,20,5,0,0,0,0,0,0,0,0,0,5,9,0,0,0,0,0,0,0,0,0,9,0,0,0,0,0,0,0,0,0,0,0,14,0,0,0,0,0,0,0,0,0,14,0,0,0,0,0,0,0,0,0,0,0,34,0,0,0,0,0,0,0,0,0,32,270,22,30,0,4,11,11,3,3,10,373,109,22,53,11,19,23,8,0,0,6,252,16,0,6,0,0,0,4,0,0,0,32,0,0,0,0,0,0,0,0,0,0,0,123,21,58,11,19,27,12,0,0,6,286,0,0,0,0,0,0,0,0,0,0,0,393,48,90,13,25,42,26,3,3,18,664
801051057,0,0,0,0,0,112,0,0,0,0,0,0,0,0,0,113,29,0,0,0,0,0,0,0,0,0,30,17,0,0,0,0,0,0,0,0,0,17,14,0,0,0,0,0,0,0,0,0,14,0,0,0,0,0,0,0,0,0,0,0,31,0,0,0,0,0,0,0,0,0,31,0,0,0,0,0,0,0,0,0,0,0,56,0,0,0,0,0,0,0,0,0,62,435,81,79,17,18,17,14,12,0,9,679,295,129,238,75,89,88,83,48,4,12,1064,63,15,9,0,12,4,12,3,0,4,124,0,0,0,0,0,0,0,0,0,0,3,353,138,251,75,102,98,88,54,4,17,1189,0,0,0,0,0,0,0,0,0,0,0,788,219,331,90,122,112,106,68,3,27,1868
801051058,0,0,0,0,0,79,0,0,0,0,0,0,0,0,0,79,16,0,0,0,0,0,0,0,0,0,17,14,0,0,0,0,0,0,0,0,0,11,0,0,0,0,0,0,0,0,0,0,4,0,0,0,0,0,0,0,0,0,0,0,10,0,0,0,0,0,0,0,0,0,13,0,0,0,0,0,0,0,0,0,0,0,34,0,0,0,0,0,0,0,0,3,39,530,72,81,8,19,14,17,10,4,6,756,249,66,96,25,52,57,59,24,5,18,641,29,4,14,0,6,3,7,3,0,0,67,0,0,0,0,0,0,0,0,0,0,3,280,73,104,30,57,63,64,21,5,16,713,0,0,0,0,0,0,0,0,0,6,3,808,146,185,38,76,77,80,33,5,28,1478
801051060,0,0,0,0,0,46,3,0,0,0,0,0,0,0,0,53,3,0,0,0,0,0,0,0,0,0,5,3,0,0,0,0,0,0,0,0,0,6,6,6,0,0,0,0,0,0,0,0,8,0,0,0,0,0,0,0,0,0,0,0,5,6,0,0,0,0,0,0,0,0,16,0,0,0,0,0,0,0,0,0,0,0,12,3,0,0,0,0,0,0,0,0,18,303,71,69,11,20,16,20,19,3,11,554,214,101,158,62,71,69,67,29,3,11,780,25,15,13,3,5,4,7,10,0,0,77,0,0,0,0,0,0,0,0,0,0,0,236,115,175,63,73,75,80,32,3,11,856,0,0,0,0,0,0,0,0,0,0,3,538,191,249,81,93,86,96,51,6,30,1414
801051061,0,0,0,0,0,77,0,4,0,0,0,0,0,0,0,85,13,0,0,0,0,0,0,0,0,0,13,8,0,0,0,0,0,0,0,0,0,8,4,0,0,0,0,0,0,0,0,0,4,0,0,0,0,0,0,0,0,0,0,0,16,0,0,0,0,0,0,0,0,0,16,0,0,0,0,0,0,0,0,0,0,0,26,0,0,0,0,0,0,0,0,0,26,501,91,88,19,9,16,19,8,3,19,778,247,122,212,56,61,77,69,39,0,14,900,24,11,16,0,0,6,11,7,0,0,74,0,0,0,0,0,0,0,0,0,0,5,266,133,234,60,62,89,85,41,0,17,974,0,0,0,0,0,0,0,0,0,0,0,766,222,323,80,75,106,101,47,3,33,1762
801051123,0,0,0,0,0,0,0,0,0,0,0,0,0,0,0,0,0,0,0,0,0,0,0,0,0,0,0,0,0,0,0,0,0,0,0,0,0,0,0,0,0,0,0,0,0,0,0,0,0,0,0,0,0,0,0,0,0,0,0,0,0,0,0,0,0,0,0,0,0,0,0,0,0,0,0,0,0,0,0,0,0,0,0,0,0,0,0,0,0,0,0,0,0,0,0,0,0,0,0,0,0,0,0,0,0,0,0,0,0,0,0,0,0,0,0,0,0,0,0,0,0,0,0,0,0,0,0,0,0,0,0,0,0,0,0,0,0,0,0,0,0,0,0,0,0,0,0,0,0,0,0,0,0,0,0,0,0,0,0,0,0,0,0,0,0,0,0,0,0,0
801051124,0,0,0,0,0,64,0,0,4,0,0,0,0,0,3,64,17,0,0,0,0,0,0,0,0,0,17,13,0,0,0,0,0,0,0,0,0,13,0,0,0,0,0,0,0,0,0,0,0,0,0,0,0,0,0,0,0,0,0,0,12,0,0,0,0,0,0,0,0,0,12,0,0,0,0,0,0,0,0,0,0,0,35,0,0,0,0,0,0,0,0,0,35,438,53,40,6,7,12,11,9,5,4,597,155,45,65,27,28,23,30,18,4,3,390,9,0,10,4,0,4,0,0,0,0,33,0,0,0,0,0,0,0,0,0,0,0,158,51,70,31,29,30,29,28,4,3,423,0,0,0,0,0,0,0,0,0,0,0,599,101,107,36,35,38,36,36,11,10,1021
801051125,0,0,0,0,0,0,0,0,0,0,0,0,0,0,0,0,0,0,0,0,0,0,0,0,0,0,0,0,0,0,0,0,0,0,0,0,0,0,0,0,0,0,0,0,0,0,0,0,0,0,0,0,0,0,0,0,0,0,0,0,0,0,0,0,0,0,0,0,0,0,0,0,0,0,0,0,0,0,0,0,0,0,0,0,0,0,0,0,0,0,0,0,0,68,50,21,5,3,10,4,10,4,7,176,26,34,13,3,11,9,25,9,15,3,130,0,0,0,0,0,0,0,0,0,0,7,0,0,0,0,0,0,0,0,0,0,0,26,34,14,3,11,9,26,4,19,3,141,0,0,0,0,0,0,0,0,0,0,0,92,85,31,3,11,17,30,13,19,10,314
801051126,0,0,0,0,0,0,0,0,0,0,0,0,0,0,0,0,0,0,0,0,0,0,0,0,0,0,0,0,0,0,0,0,0,0,0,0,0,0,0,0,0,0,0,0,0,0,0,0,0,0,0,0,0,0,0,0,0,0,0,0,0,0,0,0,0,0,0,0,0,0,0,0,0,0,0,0,0,0,0,0,0,0,0,0,0,0,0,0,0,0,0,0,0,0,0,0,0,0,0,0,0,0,0,0,0,0,0,0,0,0,0,0,0,0,0,0,0,0,0,0,0,0,0,0,0,0,0,0,0,0,0,0,0,0,0,0,0,0,0,0,0,0,0,0,0,0,0,0,0,0,0,0,0,0,0,0,0,0,0,0,0,0,0,0,0,0,0,0,0,0
801051127,0,0,0,0,0,23,0,0,0,0,0,0,0,0,0,24,4,0,0,0,0,0,0,0,0,0,4,0,0,0,0,0,0,0,0,0,0,0,0,0,0,0,0,0,0,0,0,0,0,0,0,0,0,0,0,0,0,0,0,0,0,0,0,0,0,0,0,0,0,0,3,0,0,0,0,0,0,0,0,0,0,0,5,0,0,0,0,0,0,0,0,0,4,160,27,16,8,7,6,0,3,3,0,226,58,20,44,4,26,9,19,15,5,5,204,6,5,4,0,0,5,0,0,0,0,25,0,0,0,0,0,0,0,0,0,0,0,62,30,54,4,24,17,22,21,5,5,232,0,0,0,0,0,0,0,0,0,0,0,219,52,70,8,33,17,21,24,0,5,458
801051128,0,0,0,0,0,0,0,0,0,0,0,0,0,0,0,0,0,0,0,0,0,0,0,0,0,0,0,0,0,0,0,0,0,0,0,0,0,0,0,0,0,0,0,0,0,0,0,0,0,0,0,0,0,0,0,0,0,0,0,0,0,0,0,0,0,0,0,0,0,0,0,0,0,0,0,0,0,0,0,0,0,0,0,0,0,0,0,0,0,0,0,0,0,0,0,0,0,0,0,0,0,0,0,0,0,0,0,0,0,0,0,0,0,0,0,0,0,0,0,0,0,0,0,0,0,0,0,0,0,0,0,0,0,0,0,0,0,0,0,0,0,0,0,0,0,0,0,0,0,0,0,0,0,0,0,0,0,0,0,0,0,0,0,0,0,0,0,0,0,0
801061062,0,0,0,0,0,90,0,0,0,0,0,4,0,0,0,100,27,0,0,0,0,0,0,0,0,0,33,12,0,0,0,0,0,0,0,0,0,12,3,0,0,0,0,0,0,0,0,0,3,0,0,0,0,0,0,0,0,0,0,0,19,0,0,0,0,0,0,0,0,0,19,0,0,0,0,0,0,0,0,0,0,0,46,0,0,0,0,0,0,0,0,0,47,353,32,23,4,0,0,3,19,7,3,447,169,49,55,9,19,4,29,10,0,4,341,12,8,0,0,0,5,0,8,0,7,30,0,0,0,0,0,0,0,0,0,0,0,178,56,55,9,19,7,27,15,0,9,376,3,0,0,0,0,0,0,0,0,0,0,532,88,78,18,25,7,36,30,3,13,827
801061063,0,0,0,0,0,39,0,4,0,0,0,0,0,0,0,45,7,0,0,0,0,0,0,0,0,0,7,6,0,0,0,0,0,0,0,0,0,6,0,0,0,0,0,0,0,0,0,0,0,0,0,0,0,0,0,0,0,0,0,0,4,0,0,0,0,0,0,0,0,0,4,0,0,0,0,0,0,0,0,0,0,0,9,0,0,0,0,0,0,0,0,0,9,182,29,23,0,5,0,3,7,0,0,257,104,37,28,5,11,8,9,0,0,0,196,0,0,0,0,3,0,0,0,0,0,10,0,0,0,0,0,0,0,0,0,0,0,105,37,34,5,13,8,9,0,0,0,204,0,0,0,0,0,0,0,0,0,0,0,291,64,56,12,16,8,9,4,0,0,460
801061064,0,0,0,0,0,89,0,3,6,0,0,0,0,0,5,103,19,0,0,0,0,0,0,0,0,0,23,12,0,0,0,0,0,0,0,0,5,13,5,0,0,0,0,0,0,0,0,0,5,0,0,0,0,0,0,0,0,0,0,0,19,0,0,0,0,0,0,0,0,5,22,0,0,0,0,0,0,0,0,0,0,0,38,0,0,0,0,0,0,0,0,4,45,488,69,70,11,6,13,11,9,7,11,696,236,93,147,41,38,48,30,16,7,6,664,23,8,5,4,4,5,6,5,3,0,61,0,0,0,0,0,0,0,0,0,0,0,263,104,149,47,47,49,37,20,11,6,727,0,0,0,0,0,0,0,0,0,0,0,754,172,220,57,53,62,50,26,18,19,1426
801061066,0,0,0,0,0,0,0,0,0,0,0,0,0,0,0,0,0,0,0,0,0,0,0,0,0,0,0,0,0,0,0,0,0,0,0,0,0,0,0,0,0,0,0,0,0,0,0,0,0,0,0,0,0,0,0,0,0,0,0,0,0,0,0,0,0,0,0,0,0,0,0,0,0,0,0,0,0,0,0,0,0,0,0,0,0,0,0,0,0,0,0,0,0,0,0,0,0,0,0,0,0,0,0,0,0,0,0,0,0,0,0,0,0,0,0,0,0,0,0,0,0,0,0,0,0,0,0,0,0,0,0,0,0,0,0,0,0,0,0,0,0,0,0,0,0,0,0,0,0,0,0,0,0,0,0,0,0,0,0,0,0,0,0,0,0,0,0,0,0,0
801061067,0,0,0,4,6,115,0,0,0,0,0,0,0,0,13,124,19,0,0,0,0,0,0,0,0,5,21,10,0,0,0,0,0,0,0,0,0,12,15,0,0,0,0,0,0,0,0,0,15,0,0,0,0,0,0,0,0,0,0,0,26,0,0,0,0,0,0,0,0,0,28,0,0,0,0,0,0,0,0,0,9,16,44,0,0,0,0,0,0,0,0,15,58,522,73,58,4,11,11,13,0,0,18,719,362,147,212,44,63,72,59,7,5,19,989,34,5,14,0,7,3,6,4,0,0,82,0,0,0,0,0,0,0,0,0,0,6,398,150,227,47,68,74,72,9,3,22,1071,6,0,0,0,0,0,0,0,0,19,28,926,226,289,51,87,88,84,15,3,66,1821
801061068,0,0,0,0,0,0,0,0,0,0,0,0,0,0,0,0,0,0,0,0,0,0,0,0,0,0,0,0,0,0,0,0,0,0,0,0,0,0,0,0,0,0,0,0,0,0,0,0,0,0,0,0,0,0,0,0,0,0,0,0,0,0,0,0,0,0,0,0,0,0,0,0,0,0,0,0,0,0,0,0,0,0,0,0,0,0,0,0,0,0,0,0,0,0,0,0,0,0,0,0,0,0,0,0,0,0,0,0,0,0,0,0,0,0,0,0,0,0,0,0,0,0,0,0,0,0,0,0,0,0,0,0,0,0,0,0,0,0,0,0,0,0,0,0,0,0,0,0,0,0,0,0,0,0,0,0,0,0,0,0,0,0,0,0,0,0,0,0,0,0
801061069,0,0,0,0,0,52,0,0,0,0,0,0,0,0,0,52,26,0,0,0,0,0,0,0,0,0,26,10,0,0,0,0,0,0,0,0,0,17,3,0,0,0,0,0,0,0,0,0,3,0,0,0,0,0,0,0,0,0,0,0,18,0,0,0,0,0,0,0,0,0,18,0,0,0,0,0,0,0,0,0,0,0,43,0,0,0,0,0,0,0,0,0,47,292,34,31,0,3,8,9,4,0,7,389,193,82,83,23,20,23,22,19,0,7,475,10,8,4,0,6,0,5,7,0,0,33,0,0,0,0,0,0,0,0,0,0,0,204,85,90,22,27,23,18,27,0,5,512,0,0,0,0,0,0,0,0,0,0,5,494,122,119,25,28,34,30,31,0,14,904
801061070,0,0,0,0,0,78,0,3,0,0,0,0,0,0,0,81,22,0,0,0,0,0,0,0,0,0,22,9,0,0,0,0,0,0,0,0,0,9,6,0,0,0,0,0,0,0,0,0,6,0,0,0,0,0,0,0,0,0,0,0,5,0,0,0,0,0,0,0,0,0,5,0,0,0,0,0,0,0,0,0,0,0,33,0,0,0,0,0,0,0,0,0,33,381,46,24,0,11,4,17,36,10,7,543,181,51,36,9,12,3,14,4,4,9,316,6,4,3,0,3,0,3,0,0,0,26,0,0,0,0,0,0,0,0,0,0,3,186,52,48,9,17,3,18,4,7,9,336,5,0,0,0,0,0,0,0,0,0,5,575,101,72,3,29,9,28,31,13,13,885
801061129,0,0,0,0,0,29,0,0,0,0,0,0,0,0,0,28,0,0,0,0,0,0,0,0,0,0,0,0,0,0,0,0,0,0,0,0,0,0,0,0,0,0,0,0,0,0,0,0,0,0,0,0,0,0,0,0,0,0,0,0,3,0,0,0,0,0,0,0,0,0,3,0,0,0,0,0,0,0,0,0,0,0,3,0,0,0,0,0,0,0,0,0,3,197,21,23,5,5,14,3,5,0,3,283,94,33,38,13,11,5,12,5,0,6,217,4,3,0,0,0,0,3,0,0,0,8,0,0,0,0,0,0,0,0,0,0,0,92,34,43,13,11,5,14,5,0,6,229,0,0,0,0,0,0,0,0,0,0,0,294,51,63,20,16,17,15,15,3,5,503
801061130,0,0,0,0,0,0,0,0,0,0,0,0,0,0,0,0,0,0,0,0,0,0,0,0,0,0,0,0,0,0,0,0,0,0,0,0,0,0,0,0,0,0,0,0,0,0,0,0,0,0,0,0,0,0,0,0,0,0,0,0,0,0,0,0,0,0,0,0,0,0,0,0,0,0,0,0,0,0,0,0,0,0,0,0,0,0,0,0,0,0,0,0,0,0,0,0,0,0,0,0,0,0,3,5,0,5,0,0,0,0,0,0,0,0,4,0,0,0,0,0,0,0,0,0,0,8,0,0,0,0,0,0,0,0,0,0,0,0,4,0,0,0,0,0,0,0,0,11,0,0,0,0,0,0,0,0,0,0,0,3,4,0,0,0,0,0,0,0,6,11
801061131,0,0,0,0,0,63,0,0,0,0,0,0,0,0,0,65,14,0,0,0,0,0,0,0,0,0,14,0,0,0,0,0,0,0,0,0,0,0,0,0,0,0,0,0,0,0,0,0,0,0,0,0,0,0,0,0,0,0,0,0,0,0,0,0,0,0,0,0,0,0,0,0,0,0,0,0,0,0,0,0,0,0,11,0,0,0,0,0,0,0,0,0,11,555,71,82,19,20,33,19,19,10,16,836,240,114,137,49,50,54,43,31,8,8,728,10,5,9,4,0,0,3,9,0,0,36,0,0,0,0,0,0,0,0,0,0,3,249,116,143,50,53,60,47,36,8,11,764,0,0,0,0,0,0,0,0,0,0,0,808,189,225,71,71,85,60,47,18,28,1603
801071071,0,0,0,0,0,55,3,0,0,0,0,0,0,0,0,55,4,0,0,0,0,0,0,0,0,0,4,4,0,0,0,0,0,0,0,0,0,4,6,0,0,0,0,0,0,0,0,0,6,0,0,0,0,0,0,0,0,0,0,0,5,0,0,0,0,0,0,0,0,0,5,0,0,0,0,0,0,0,0,0,0,0,13,0,0,0,0,0,0,0,0,0,13,301,35,20,6,0,4,3,0,5,8,382,249,85,87,20,17,11,12,0,0,11,488,25,9,9,0,0,0,0,0,0,3,53,3,0,0,0,0,0,0,0,0,0,3,275,98,94,22,16,17,12,3,0,9,541,0,0,0,0,0,0,0,0,0,0,0,580,127,111,26,18,16,13,3,7,19,927
801071072,0,0,0,0,0,70,0,0,0,0,0,0,0,0,0,74,12,0,0,0,0,0,0,0,0,0,12,0,0,0,0,0,0,0,0,0,0,0,4,0,0,0,0,0,0,0,0,0,4,0,0,0,0,0,0,0,0,0,0,0,3,0,0,0,0,0,0,0,0,0,3,0,0,0,0,0,0,0,0,0,0,0,18,0,0,0,0,0,0,0,0,0,18,264,18,25,4,3,4,3,10,0,5,344,254,78,126,10,12,16,15,6,0,7,530,40,9,10,4,5,5,3,3,0,0,70,0,0,0,0,0,0,0,0,0,0,0,289,88,136,17,23,20,13,10,0,7,604,0,0,0,0,0,0,0,0,0,0,0,555,106,166,16,23,23,19,15,0,15,942
801071073,0,0,0,0,0,70,0,0,0,0,4,0,0,0,5,80,14,0,0,0,0,0,0,0,0,0,14,6,0,0,0,0,0,0,0,0,0,10,7,0,0,0,0,0,0,0,0,0,4,0,0,0,0,0,0,0,0,0,0,0,10,0,0,0,0,0,0,0,0,3,15,0,0,0,0,0,0,0,0,0,0,0,28,0,0,0,0,0,0,0,0,3,33,404,40,41,4,0,3,0,7,0,19,512,245,88,78,23,11,9,11,4,3,12,488,25,6,8,0,4,3,4,0,0,3,56,0,0,0,0,0,0,0,0,0,0,0,271,95,88,24,14,17,19,3,4,12,542,0,0,0,0,0,0,0,0,0,0,3,676,131,122,29,14,19,19,12,5,34,1060
801071074,0,0,0,0,0,61,3,0,0,0,0,0,0,0,0,71,5,0,0,0,0,0,0,0,0,0,5,4,0,0,0,0,0,0,0,0,0,4,6,0,0,0,0,0,0,0,0,0,6,0,0,0,0,0,0,0,0,0,0,0,7,0,0,0,0,0,0,0,0,0,7,0,0,0,0,0,0,0,0,0,0,0,16,0,0,0,0,0,0,0,0,0,16,364,27,25,3,8,4,13,0,0,7,452,196,92,82,18,15,34,9,3,0,3,460,33,10,3,4,0,4,9,0,0,0,59,0,0,0,0,0,0,0,0,0,0,0,233,100,88,23,15,35,16,3,0,4,519,0,0,0,0,0,0,0,0,0,0,0,598,130,118,27,28,41,23,3,0,15,973
801071075,0,0,0,0,0,65,0,0,0,0,0,0,0,0,0,69,9,3,0,0,0,0,0,0,0,0,17,7,0,0,0,0,0,0,0,0,0,7,0,0,0,0,0,0,0,0,0,0,0,0,0,0,0,0,0,0,0,0,0,0,7,0,0,0,0,0,0,0,0,0,7,0,0,0,0,0,0,0,0,0,0,0,20,0,0,0,0,0,0,0,0,0,22,352,45,43,4,6,7,0,4,0,4,468,252,118,82,14,16,9,9,0,0,7,500,28,10,3,0,0,0,0,0,0,0,46,0,0,0,0,0,0,0,0,0,0,0,284,126,83,14,22,11,9,0,0,7,551,0,0,0,0,0,0,0,0,0,0,0,631,170,128,14,25,12,16,0,0,10,1015
801071076,0,0,0,0,0,59,0,0,0,0,0,0,0,0,0,59,0,0,0,0,0,0,0,0,0,0,0,0,0,0,0,0,0,0,0,0,0,7,4,0,0,0,0,0,0,0,0,0,4,0,0,0,0,0,0,0,0,0,0,0,9,0,0,0,0,0,0,0,0,0,7,0,0,0,0,0,0,0,0,0,0,0,12,0,0,0,0,0,0,0,0,0,9,308,34,17,0,9,9,0,0,0,3,388,173,45,40,6,8,15,7,0,0,4,289,20,6,6,0,0,0,0,0,0,0,32,0,0,0,0,0,0,0,0,0,0,0,190,47,46,6,8,15,8,0,0,9,319,0,0,0,0,0,0,0,0,0,4,4,497,80,62,12,13,20,8,0,0,14,707
801071077,0,0,0,0,0,23,4,0,0,0,0,0,0,0,3,26,3,0,0,0,0,0,0,0,0,0,3,0,0,0,0,0,0,0,0,0,0,3,3,0,0,0,0,0,0,0,0,0,3,0,0,0,0,0,0,0,0,0,0,0,10,0,0,0,0,0,0,0,0,0,6,0,0,0,0,0,0,0,0,0,0,0,12,0,0,0,0,0,0,0,0,0,13,180,20,17,0,0,0,0,0,0,6,227,104,58,42,4,9,3,3,0,0,6,221,23,13,8,0,0,0,4,0,3,0,38,0,0,0,0,0,0,0,0,0,0,0,124,65,52,4,9,3,5,0,0,6,263,0,0,0,0,0,0,0,0,0,0,0,304,83,69,7,9,4,11,0,5,5,488
801071078,0,0,0,0,0,126,3,0,0,0,0,0,0,0,3,141,31,0,0,0,0,0,0,0,0,0,31,6,0,0,0,0,0,0,0,0,0,11,0,0,0,0,0,0,0,0,0,0,0,0,0,0,0,0,0,0,0,0,0,0,13,0,0,0,0,0,0,0,0,0,11,0,0,0,0,0,0,0,0,0,0,0,46,0,0,0,0,0,0,0,0,0,49,601,55,44,12,0,3,6,0,0,15,736,429,128,130,28,44,18,17,0,3,6,812,35,14,17,9,0,5,11,3,0,3,92,0,0,0,0,0,0,0,0,0,4,0,465,141,146,38,44,24,23,0,5,11,900,0,0,0,0,0,0,0,0,0,0,4,1069,201,192,42,43,24,30,3,5,28,1643
801071079,0,0,0,0,0,66,0,0,0,0,0,0,0,0,0,67,7,0,0,0,0,0,0,0,0,0,7,3,0,0,0,0,0,0,0,0,0,3,3,0,0,0,0,0,0,0,0,0,3,0,0,0,0,0,0,0,0,0,0,0,6,0,0,0,0,0,0,0,0,0,6,0,0,0,0,0,0,0,0,0,0,0,10,0,0,0,0,0,0,0,0,0,10,235,41,22,0,3,3,0,0,6,4,317,142,55,66,6,6,5,3,3,4,4,299,13,0,3,0,0,0,0,0,0,0,25,0,0,0,0,0,0,0,0,0,0,0,159,60,71,6,13,7,3,3,8,4,323,0,0,0,0,0,0,0,0,0,0,0,399,98,94,6,16,9,3,3,10,7,638
801071080,0,0,0,0,0,70,0,0,0,0,0,0,0,0,3,77,21,0,0,0,0,0,0,0,0,0,21,6,0,0,0,0,0,0,0,0,0,6,0,0,0,0,0,0,0,0,0,0,0,0,0,0,0,0,0,0,0,0,0,0,10,0,0,0,0,0,0,0,0,0,10,0,0,0,0,0,0,0,0,0,0,0,25,0,0,0,0,0,0,0,0,0,25,331,56,52,10,8,7,6,0,0,12,486,159,121,218,78,56,51,34,13,0,10,747,12,7,11,0,0,7,8,0,0,0,50,0,0,3,0,0,0,0,0,0,0,0,177,129,227,78,59,60,37,13,3,18,800,0,0,0,0,0,0,0,0,0,0,7,503,181,278,85,73,71,49,19,3,24,1286
801071081,0,0,0,0,0,71,0,4,0,0,0,0,0,0,3,72,17,0,0,0,0,0,0,0,0,0,12,6,0,0,0,0,0,0,0,0,0,6,0,0,0,0,0,0,0,0,0,0,0,0,0,0,0,0,0,0,0,0,0,0,9,0,0,0,0,0,0,0,0,0,9,0,0,0,0,0,0,0,0,0,0,0,24,0,0,0,0,0,0,0,0,0,25,276,31,20,11,0,6,3,0,0,12,351,247,102,123,29,21,13,19,0,0,6,569,32,12,16,5,4,0,4,0,0,0,72,3,0,3,0,0,0,0,0,0,0,8,283,113,146,36,27,13,24,0,3,6,644,0,0,0,0,0,0,0,0,0,0,0,554,142,164,51,27,15,22,0,7,13,997
801071082,0,0,0,0,0,333,8,5,0,0,0,0,0,0,4,348,39,0,0,0,0,0,0,0,0,4,42,14,0,0,0,0,0,0,0,0,3,14,13,0,0,0,0,0,0,0,0,0,14,0,0,0,0,0,0,0,0,0,0,0,29,0,0,0,0,0,0,0,0,3,28,0,0,0,0,0,0,0,0,0,0,0,69,0,0,0,0,0,0,0,0,7,74,1312,128,131,13,15,11,11,3,0,35,1660,591,260,295,53,58,75,31,17,0,22,1402,74,27,29,6,7,4,11,6,0,9,173,0,0,0,0,0,0,0,0,0,0,0,666,282,322,59,66,77,41,21,0,29,1572,0,3,0,0,0,0,0,0,0,3,0,1980,417,455,74,81,95,51,26,0,64,3235
801071083,0,0,0,0,0,16,0,0,0,0,0,0,0,0,0,13,3,0,0,0,0,0,0,0,0,0,3,0,0,0,0,0,0,0,0,0,0,0,0,0,0,0,0,0,0,0,0,0,0,0,0,0,0,0,0,0,0,0,0,0,0,0,0,0,0,0,0,0,0,0,0,0,0,0,0,0,0,0,0,0,0,0,0,0,0,0,0,0,0,0,0,0,3,111,20,16,0,0,0,5,0,0,4,156,44,13,12,0,0,3,4,0,0,0,78,3,0,0,0,0,0,0,0,0,0,0,0,0,0,0,0,0,0,0,0,0,0,44,13,12,0,0,3,4,0,0,0,83,0,0,0,0,0,0,0,0,0,0,0,153,38,28,6,0,3,6,0,0,4,238
801071084,0,0,0,0,0,150,0,4,0,0,0,0,0,0,9,163,48,0,0,0,0,0,0,0,0,15,60,18,0,0,0,0,0,0,0,0,0,23,10,0,0,0,0,0,0,0,0,7,19,0,0,0,0,0,0,0,0,0,0,0,26,0,0,0,0,0,0,0,0,11,40,0,0,0,0,0,0,0,0,0,0,0,75,0,0,0,0,0,0,0,0,20,100,470,40,44,5,6,7,10,0,9,27,607,379,134,117,20,21,19,17,14,0,5,729,39,10,16,0,0,3,4,4,0,12,82,0,0,0,0,0,0,0,0,0,0,0,417,143,125,25,21,25,21,17,0,20,815,0,0,0,0,0,0,0,0,0,0,0,887,179,172,24,31,33,30,17,9,44,1420
801071085,0,0,0,0,0,0,0,0,0,0,0,0,0,0,0,0,0,0,0,0,0,0,0,0,0,0,0,0,0,0,0,0,0,0,0,0,0,0,0,0,0,0,0,0,0,0,0,0,0,0,0,0,0,0,0,0,0,0,0,0,0,0,0,0,0,0,0,0,0,0,0,0,0,0,0,0,0,0,0,0,0,0,0,0,0,0,0,0,0,0,0,0,0,0,0,0,0,0,0,0,0,0,0,0,0,0,0,0,0,0,0,0,0,0,0,0,0,0,0,0,0,0,0,0,0,0,0,0,0,0,0,0,0,0,0,0,0,0,0,0,0,0,0,0,0,0,0,0,0,0,0,0,0,0,0,0,0,0,0,0,0,0,0,0,0,0,0,0,0,0
801071086,0,0,0,0,0,14,0,0,0,0,0,0,0,0,0,14,4,0,0,0,0,0,0,0,0,0,4,4,0,0,0,0,0,0,0,0,0,4,0,0,0,0,0,0,0,0,0,0,0,0,0,0,0,0,0,0,0,0,0,0,4,0,0,0,0,0,0,0,0,0,4,0,0,0,0,0,0,0,0,0,0,0,8,0,0,0,0,0,0,0,0,0,8,118,12,3,0,0,3,0,0,0,0,146,96,19,28,4,0,9,6,0,0,0,159,3,6,0,0,0,0,4,0,0,0,15,0,0,0,0,0,0,0,0,0,0,0,98,22,28,4,3,9,4,4,0,0,169,0,0,0,0,0,0,0,0,0,0,0,215,35,29,3,3,7,6,7,0,0,316
801071087,0,0,0,0,0,45,0,0,0,0,0,0,0,0,0,45,5,0,0,0,0,0,0,0,0,0,5,3,0,0,0,0,0,0,0,0,0,3,0,0,0,0,0,0,0,0,0,0,0,0,0,0,0,0,0,0,0,0,0,0,3,0,0,0,0,0,0,0,0,0,3,0,0,0,0,0,0,0,0,0,0,0,15,0,0,0,0,0,0,0,0,0,15,221,21,17,0,0,0,0,4,0,9,268,108,82,80,9,18,18,10,8,0,10,332,18,6,7,3,0,0,0,0,0,3,45,0,0,0,0,0,0,0,0,0,0,0,129,86,90,14,18,19,16,4,0,6,377,0,0,0,0,0,0,0,0,0,3,3,342,106,99,17,18,22,15,10,0,17,644
801071088,0,0,0,0,0,30,0,0,0,0,0,0,0,0,0,30,7,0,0,0,0,0,0,0,0,0,7,3,0,0,0,0,0,0,0,0,0,3,3,0,0,0,0,0,0,0,0,0,3,0,0,0,0,0,0,0,0,0,0,0,6,0,0,0,0,0,0,0,0,0,6,0,0,0,0,0,0,0,0,0,0,0,10,0,0,0,0,0,0,0,0,0,10,245,27,25,0,4,4,4,0,0,3,320,170,64,52,14,11,5,3,3,0,5,322,18,6,4,3,0,0,0,0,0,0,34,0,0,0,0,0,0,0,0,0,0,0,187,70,60,19,11,5,5,7,3,5,356,0,0,0,0,0,0,0,0,0,0,0,431,96,90,15,7,10,5,4,3,11,671
801071089,0,0,0,0,0,0,0,0,0,0,0,0,0,0,0,0,0,0,0,0,0,0,0,0,0,0,0,0,0,0,0,0,0,0,0,0,0,0,0,0,0,0,0,0,0,0,0,0,0,0,0,0,0,0,0,0,0,0,0,0,0,0,0,0,0,0,0,0,0,0,0,0,0,0,0,0,0,0,0,0,0,0,0,0,0,0,0,0,0,0,0,0,0,5,0,0,0,0,0,0,0,0,0,5,0,0,0,0,0,0,0,0,0,0,0,0,0,0,0,0,0,0,0,0,0,0,0,0,0,0,0,0,0,0,0,0,0,0,0,0,0,0,0,0,0,0,0,0,0,0,0,0,0,0,0,0,0,0,0,5,0,0,0,0,0,0,0,0,0,5
801071090,0,0,0,0,0,139,0,0,0,0,0,0,0,0,5,147,16,0,0,0,0,0,0,0,0,0,19,11,0,0,0,0,0,0,0,0,0,11,15,0,0,0,0,0,0,0,0,0,12,0,0,0,0,0,0,0,0,0,0,0,27,0,0,0,0,0,0,0,0,0,27,0,0,0,0,0,0,0,0,0,0,0,42,0,0,0,0,0,0,0,0,0,49,638,56,47,13,7,3,8,3,0,12,786,348,160,184,32,44,56,27,10,0,16,878,53,9,5,3,3,3,13,4,0,0,94,0,0,0,0,0,0,0,0,0,0,0,401,169,194,38,49,63,36,14,0,18,974,0,0,0,0,0,0,0,0,0,3,3,1040,222,235,45,48,70,45,19,3,29,1760
801071132,0,0,0,0,0,0,0,0,0,0,0,0,0,0,0,0,0,0,0,0,0,0,0,0,0,0,0,0,0,0,0,0,0,0,0,0,0,0,0,0,0,0,0,0,0,0,0,0,0,0,0,0,0,0,0,0,0,0,0,0,0,0,0,0,0,0,0,0,0,0,0,0,0,0,0,0,0,0,0,0,0,0,0,0,0,0,0,0,0,0,0,0,0,4,0,0,0,0,0,0,0,0,0,4,0,0,0,0,0,0,0,0,0,0,0,0,0,0,0,0,0,0,0,0,0,0,0,0,0,0,0,0,0,0,0,0,0,0,0,0,0,0,0,0,0,0,0,0,0,0,0,0,0,0,0,0,0,0,0,4,0,0,0,0,0,0,0,0,0,4
801081091,0,0,0,4,0,87,0,0,0,0,0,0,0,0,3,91,17,0,0,0,0,0,0,0,0,0,20,10,0,0,0,0,0,0,0,0,0,10,3,0,0,0,0,0,0,0,0,0,3,0,0,0,0,0,0,0,0,0,0,0,10,0,0,0,0,0,0,0,0,0,10,0,0,0,0,0,0,0,0,0,0,0,26,0,0,0,0,0,0,0,0,0,28,314,24,39,3,0,0,0,0,0,12,389,143,18,22,7,13,3,3,0,0,3,223,12,0,6,5,0,0,0,0,0,0,22,0,0,0,0,0,0,0,0,0,0,0,162,23,28,9,13,3,3,0,0,0,242,0,0,0,0,0,0,0,0,0,4,3,474,46,64,9,11,6,0,0,0,15,638
801081092,0,0,0,0,0,73,0,0,0,0,0,0,0,0,3,74,14,0,0,0,0,0,0,0,0,0,14,4,0,0,0,0,0,0,0,0,0,4,0,0,0,0,0,0,0,0,0,0,3,0,0,0,0,0,0,0,0,0,0,0,9,0,0,0,0,0,0,0,0,0,8,0,0,0,0,0,0,0,0,0,0,0,18,0,0,0,0,0,0,0,0,0,19,307,35,15,11,0,0,8,0,0,0,377,125,53,60,14,12,12,14,5,4,4,303,11,0,7,0,0,0,0,0,0,0,20,0,0,0,0,0,0,0,0,0,0,0,132,58,65,14,12,12,14,5,4,9,322,0,0,0,0,0,0,0,0,0,0,0,445,86,76,28,16,14,22,6,4,8,702
801081093,0,0,0,0,0,91,0,0,0,0,0,0,0,0,4,92,23,0,0,0,0,0,0,0,0,0,23,9,0,0,0,0,0,0,0,0,0,9,5,0,0,0,0,0,0,0,0,0,5,0,0,0,0,0,0,0,0,0,0,0,12,0,0,0,0,0,0,0,0,0,12,0,0,0,0,0,0,0,0,0,0,0,36,0,0,0,0,0,0,0,0,0,36,273,26,27,4,0,0,7,14,0,6,354,106,59,79,20,20,12,14,4,11,3,335,21,0,0,0,5,0,0,4,4,0,32,0,0,0,0,0,0,0,0,0,0,0,122,59,82,23,23,12,8,13,11,8,361,0,0,0,0,0,0,0,0,0,0,0,395,82,109,30,25,12,18,25,12,11,720
801081094,0,0,0,0,0,49,0,0,0,0,0,0,0,0,0,50,9,0,0,0,0,0,0,0,0,0,9,7,0,0,0,0,0,0,0,0,0,7,10,0,0,0,0,0,0,0,0,0,10,0,0,0,0,0,0,0,0,0,0,0,10,0,0,0,0,0,0,0,0,0,10,0,0,0,0,0,0,0,0,0,0,0,26,0,0,0,0,0,0,0,0,0,26,249,30,25,0,0,3,0,0,0,3,320,94,40,75,16,28,7,13,9,8,0,283,8,4,8,0,4,0,0,0,0,3,39,0,0,0,0,0,0,0,0,0,0,0,107,42,80,17,35,7,16,11,8,4,323,0,0,0,0,0,0,0,0,0,0,0,355,78,108,21,33,11,16,11,8,10,641
801081095,0,0,0,0,0,61,0,5,0,0,0,0,0,0,0,61,22,0,0,0,0,0,0,0,0,0,22,8,0,0,0,0,0,0,0,0,0,8,3,0,0,0,0,0,0,0,0,0,4,0,0,0,0,0,0,0,0,0,0,0,14,0,0,0,0,0,0,0,0,0,16,0,0,0,0,0,0,0,0,0,0,0,33,0,0,0,0,0,0,0,0,0,35,289,33,18,6,0,4,5,3,0,6,365,128,61,49,14,12,5,9,12,0,8,295,15,0,6,0,3,3,0,0,0,0,31,0,0,0,0,0,0,0,0,0,0,0,145,61,59,12,7,9,10,12,0,8,328,0,0,0,0,0,0,0,0,0,0,0,436,93,76,19,15,12,19,10,0,14,697
801081096,0,0,0,0,0,83,0,3,0,0,0,0,0,0,0,86,29,0,0,0,0,0,0,0,0,0,29,20,0,0,0,0,0,0,0,0,0,22,6,0,0,0,0,0,0,0,0,0,9,0,0,0,0,0,0,0,0,0,0,0,28,0,0,0,0,0,0,0,0,0,34,0,0,0,0,0,0,0,0,0,0,0,57,0,0,0,0,0,0,0,0,4,63,185,13,23,5,6,0,0,0,0,4,234,145,41,63,4,4,5,3,0,3,8,271,24,0,8,0,0,0,0,0,0,4,39,3,0,0,0,0,0,0,0,0,0,3,171,46,66,4,8,5,3,0,3,9,314,0,0,0,0,0,0,0,0,0,0,3,359,54,90,8,13,5,3,5,3,15,553
801081097,0,0,0,0,0,78,0,0,0,0,0,0,0,0,0,83,15,0,0,0,0,0,0,0,0,0,15,7,0,0,0,0,0,0,0,0,0,7,5,0,0,0,0,0,0,0,0,0,5,0,0,0,0,0,0,0,0,0,0,0,12,0,0,0,0,0,0,0,0,0,12,0,0,0,0,0,0,0,0,0,0,0,24,0,0,0,0,0,0,0,0,0,24,235,17,13,6,0,0,5,6,0,11,290,97,48,56,13,20,12,13,14,3,3,276,18,4,0,0,0,0,5,0,0,0,38,3,0,0,0,0,0,0,0,0,0,3,121,50,56,13,20,16,12,17,3,3,312,0,0,0,0,0,0,0,0,0,0,0,354,67,68,14,19,20,20,20,4,20,603
801081098,0,0,0,0,0,99,0,0,0,0,0,0,0,0,20,117,24,0,0,0,0,0,0,0,0,8,35,18,0,0,0,0,0,0,0,0,0,15,3,0,0,0,0,0,0,0,0,9,6,0,0,0,0,0,0,0,0,0,0,0,16,0,0,0,0,0,0,0,0,10,25,0,0,0,0,0,0,0,0,0,0,0,43,0,0,0,0,0,0,0,0,18,58,324,44,32,5,6,3,0,10,8,28,459,228,68,60,10,17,25,18,10,34,32,508,16,3,0,0,0,0,3,0,3,17,47,0,0,0,0,0,0,0,0,0,0,0,244,73,67,8,17,25,24,9,37,48,552,0,0,0,0,0,0,0,0,0,0,0,569,117,95,15,18,29,21,18,44,77,1011
801081133,0,0,0,0,0,0,0,0,0,0,0,0,0,0,0,0,0,0,0,0,0,0,0,0,0,0,0,0,0,0,0,0,0,0,0,0,0,0,0,0,0,0,0,0,0,0,0,0,0,0,0,0,0,0,0,0,0,0,0,0,0,0,0,0,0,0,0,0,0,0,0,0,0,0,0,0,0,0,0,0,0,0,0,0,0,0,0,0,0,0,0,0,0,0,0,0,0,0,0,0,0,0,0,0,0,0,0,0,0,0,0,0,0,0,0,0,0,0,0,0,0,0,0,0,0,0,0,0,0,0,0,0,0,0,0,0,0,0,0,0,0,0,0,0,0,0,0,0,0,0,0,0,0,0,0,0,0,0,0,0,0,0,0,0,0,0,0,0,0,0
801091099,0,0,0,0,6,58,0,0,3,0,0,0,0,0,0,61,19,0,0,0,0,0,0,0,0,0,19,5,0,0,0,0,0,0,0,0,0,5,3,0,0,0,0,0,0,0,0,0,3,0,0,0,0,0,0,0,0,0,0,0,10,0,0,0,0,0,0,0,0,0,11,0,0,0,0,0,0,0,0,0,0,0,28,0,0,0,0,0,0,0,0,0,26,207,24,26,7,0,4,5,3,7,5,274,123,66,88,43,53,62,46,12,0,5,490,8,6,3,0,0,0,0,0,0,0,33,0,0,0,0,0,0,0,0,0,0,0,138,70,91,46,53,65,48,12,0,4,525,6,0,0,0,0,0,0,0,0,4,4,345,93,114,50,54,66,48,14,12,16,806
801091100,0,0,0,0,0,141,0,0,0,0,0,0,0,0,0,136,36,0,0,0,0,0,0,0,0,0,38,26,0,0,0,0,0,0,0,0,0,26,4,0,0,0,0,0,0,0,0,0,4,0,0,0,0,0,0,0,0,0,0,0,27,0,0,0,0,0,0,0,0,0,34,0,0,0,0,0,0,0,0,0,0,0,69,0,0,0,0,0,0,0,0,5,73,524,46,58,8,12,17,18,4,0,15,700,207,65,107,36,60,45,38,18,5,4,589,25,9,5,0,4,0,5,0,0,0,53,0,0,0,0,0,0,0,0,0,0,0,231,70,112,36,62,48,44,19,8,13,634,0,0,0,0,0,0,0,0,0,0,0,753,115,169,43,78,62,61,20,5,26,1335
801091101,0,0,0,0,0,117,0,0,0,0,0,0,0,0,3,118,37,0,0,0,0,0,0,0,0,0,41,15,0,0,0,0,0,0,0,0,0,16,9,0,0,0,0,0,0,0,0,0,9,0,0,0,0,0,0,0,0,0,0,0,25,0,0,0,0,0,0,0,0,0,25,0,0,0,0,0,0,0,0,0,0,0,66,0,0,0,0,0,0,0,0,3,66,394,22,42,13,11,10,9,0,0,17,520,179,62,75,13,24,32,21,6,0,7,422,16,0,5,3,0,0,3,0,0,0,36,0,0,0,0,0,0,0,0,0,0,0,196,69,79,17,23,31,24,10,0,7,458,0,0,0,0,0,0,0,0,0,5,7,595,88,119,30,31,41,34,7,4,22,980
801091102,0,0,0,0,0,107,3,4,0,0,0,0,0,0,4,121,29,0,0,0,0,0,0,0,0,0,29,26,0,0,0,0,0,0,0,0,0,26,0,0,0,0,0,0,0,0,0,0,0,0,0,0,0,0,0,0,0,0,0,0,29,0,0,0,0,0,0,0,0,0,29,0,0,0,0,0,0,0,0,0,0,0,57,0,0,0,0,0,0,0,0,0,57,321,53,49,9,3,8,3,8,0,19,471,236,147,148,44,49,35,39,29,0,5,729,8,8,12,6,0,3,13,7,0,0,48,0,0,0,0,0,0,0,0,0,0,3,243,155,164,49,51,41,43,35,0,5,782,0,0,0,0,0,0,3,0,0,0,4,565,207,211,55,53,51,50,40,4,24,1261
801091103,0,0,0,0,0,60,0,0,0,0,0,0,0,0,10,67,30,0,0,0,0,0,0,0,0,8,41,14,0,0,0,0,0,0,0,0,3,16,7,0,0,0,0,0,0,0,0,0,9,0,0,0,0,0,0,0,0,0,0,0,18,0,0,0,0,0,0,0,0,9,24,0,0,0,0,0,0,0,0,0,0,0,49,0,0,0,0,0,0,0,0,11,65,326,32,35,6,4,7,3,4,3,15,440,126,34,51,21,19,38,30,10,5,10,341,18,0,0,0,0,0,0,3,0,0,35,0,0,0,0,0,0,0,0,0,0,3,145,32,52,21,24,44,30,10,5,11,380,0,0,0,0,0,0,0,0,0,0,3,468,67,88,26,30,49,32,16,11,33,819
801091104,0,0,0,0,0,113,0,3,0,0,0,0,0,0,5,122,12,0,0,0,0,0,0,0,0,0,12,6,0,0,0,0,0,0,0,0,0,9,5,0,0,0,0,0,0,0,0,0,7,0,0,0,0,0,0,0,0,0,0,0,16,0,0,0,0,0,0,0,0,0,17,0,0,0,0,0,0,0,0,0,0,0,24,0,0,0,0,0,0,0,0,3,24,237,14,24,0,8,0,0,0,0,7,293,327,67,53,6,16,12,13,6,0,4,504,34,9,0,6,0,0,0,0,0,0,44,0,0,0,0,0,0,0,0,0,0,0,364,69,53,3,22,12,13,6,0,6,552,0,0,0,0,0,0,0,0,0,0,0,597,83,78,3,31,14,13,6,0,14,846
801091105,0,0,0,0,0,91,0,0,0,0,0,0,0,0,0,92,22,0,0,0,0,0,0,0,0,0,22,18,0,0,0,0,0,0,0,0,0,18,5,0,0,0,0,0,0,0,0,0,5,0,0,0,0,0,0,0,0,0,0,0,17,0,0,0,0,0,0,0,0,0,17,0,0,0,0,0,0,0,0,0,0,0,46,0,0,0,0,0,0,0,0,0,44,236,34,25,13,5,8,11,7,0,11,353,152,81,180,40,68,111,76,32,0,4,744,20,3,9,5,0,8,3,0,0,3,59,0,0,0,0,0,0,0,0,0,0,0,175,86,186,43,76,118,81,31,0,4,798,0,0,0,0,0,0,0,0,0,3,3,411,125,211,58,82,127,88,39,0,14,1152
801091106,0,0,0,0,0,78,3,3,0,0,0,0,0,0,0,90,13,0,0,0,0,0,0,0,0,0,17,10,0,0,0,0,0,0,0,0,0,10,5,0,0,0,0,0,0,0,0,0,5,0,0,0,0,0,0,0,0,0,0,0,13,0,0,0,0,0,0,0,0,0,18,0,0,0,0,0,0,0,0,0,0,0,28,0,0,0,0,0,0,0,0,0,30,254,25,42,8,8,5,5,11,0,0,356,188,111,151,81,81,62,60,23,5,6,766,14,7,15,3,8,3,4,0,0,0,55,0,0,0,0,0,0,0,0,0,0,0,203,118,166,82,85,64,65,26,5,8,820,0,0,0,0,0,0,0,0,0,0,0,462,142,203,89,91,68,69,35,5,11,1175
801091107,0,0,0,0,0,50,8,0,0,0,0,0,0,0,5,56,5,0,0,0,0,0,0,0,0,0,5,0,0,0,0,0,0,0,0,0,0,0,0,0,0,0,0,0,0,0,0,0,0,0,0,0,0,0,0,0,0,0,0,0,5,0,0,0,0,0,0,0,0,0,5,0,0,0,0,0,0,0,0,0,0,0,10,0,0,0,0,0,0,0,0,0,15,93,9,7,0,7,0,0,0,0,0,124,177,38,10,7,10,0,7,0,8,4,264,12,5,4,0,0,0,0,0,0,0,16,0,0,0,0,0,0,0,0,0,0,0,189,44,18,7,10,0,7,0,6,4,283,0,0,0,0,0,0,0,0,0,0,0,283,49,21,4,18,6,7,0,8,3,405
801091108,0,0,0,0,0,79,0,0,0,0,0,0,0,0,4,78,11,0,0,0,0,0,0,0,0,0,11,11,4,0,0,0,0,0,0,0,0,14,3,0,0,0,0,0,0,0,0,0,3,0,0,0,0,0,0,0,0,0,0,0,13,4,0,0,0,0,0,0,0,0,17,0,0,0,0,0,0,0,0,0,0,0,25,4,0,0,0,0,0,0,0,0,29,231,33,26,0,0,5,4,9,3,7,309,156,45,44,18,15,15,10,9,0,3,316,17,4,0,0,0,0,4,0,0,0,27,0,0,0,0,0,0,0,0,0,0,0,176,45,48,18,22,15,18,8,0,4,344,0,0,0,0,0,0,0,0,0,0,0,403,79,68,18,23,18,23,12,4,10,659
801091109,0,0,0,0,0,45,0,5,0,0,0,0,0,0,0,55,13,0,0,0,0,0,0,0,0,0,13,6,0,0,0,0,0,0,0,0,0,6,0,0,0,0,0,0,0,0,0,0,0,0,0,0,0,0,0,0,0,0,0,0,6,0,0,0,0,0,0,0,0,0,6,0,0,0,0,0,0,0,0,0,0,0,19,0,0,0,0,0,0,0,0,0,23,304,63,74,27,12,11,12,4,9,10,530,209,196,440,139,227,208,133,52,12,19,1641,9,13,21,7,8,7,11,13,5,7,97,0,0,4,0,0,4,0,0,0,0,7,226,207,460,144,234,216,141,66,16,24,1743,0,0,0,0,0,0,0,0,0,3,3,530,272,538,172,246,236,160,68,27,38,2276
801091110,0,0,0,0,0,48,0,0,0,0,0,0,0,0,0,50,6,0,0,0,0,0,0,0,0,0,6,12,0,0,0,0,0,0,0,0,0,12,8,0,0,0,0,0,0,0,0,0,5,0,0,0,0,0,0,0,0,0,0,0,15,0,0,0,0,0,0,0,0,0,17,0,0,0,0,0,0,0,0,0,0,0,19,0,0,0,0,0,0,0,0,0,25,185,22,15,0,8,3,0,0,5,4,249,142,38,55,9,22,15,11,15,0,6,304,18,9,0,0,0,0,0,0,0,0,30,0,0,0,0,0,0,0,0,0,0,0,158,39,55,11,25,15,11,17,0,6,332,0,0,0,0,0,0,0,0,0,3,7,343,63,75,11,30,18,9,17,4,9,589
801101134,0,0,0,0,0,0,0,0,0,0,0,0,0,0,0,0,0,0,0,0,0,0,0,0,0,0,0,0,0,0,0,0,0,0,0,0,0,0,0,0,0,0,0,0,0,0,0,0,0,0,0,0,0,0,0,0,0,0,0,0,0,0,0,0,0,0,0,0,0,0,0,0,0,0,0,0,0,0,0,0,0,0,0,0,0,0,0,0,0,0,0,0,0,0,0,0,0,0,0,0,0,0,0,5,0,0,0,0,0,0,0,0,0,0,0,0,0,0,0,0,0,0,0,0,0,0,0,0,0,0,0,0,0,0,0,0,0,0,0,0,0,0,0,0,0,0,0,0,0,0,0,0,0,0,0,0,0,0,0,0,0,0,0,0,0,0,0,0,0,5
801101135,0,0,0,0,0,7,0,4,0,4,4,4,0,0,3,25,0,0,0,0,0,0,0,0,0,0,0,3,0,0,0,0,0,0,0,0,0,3,4,0,0,0,0,0,0,0,0,0,4,0,0,0,0,0,0,0,0,0,0,0,7,0,0,0,0,0,0,0,0,0,7,0,0,0,0,0,0,0,0,0,0,0,10,0,0,0,0,0,0,0,0,0,10,173,41,62,13,7,7,8,5,3,3,324,324,383,515,121,98,78,64,25,9,15,1628,15,12,23,12,8,9,14,14,4,4,108,0,0,0,0,0,0,0,0,0,0,6,336,402,534,138,102,84,80,42,7,18,1741,0,0,0,0,0,0,0,0,0,0,0,511,434,595,149,114,94,88,54,9,25,2065
801101136,0,0,0,0,0,8,0,0,0,0,0,0,0,0,0,11,0,0,0,0,0,0,0,0,0,0,0,0,0,0,0,0,0,0,0,0,0,0,0,0,0,0,0,0,0,0,0,0,0,0,0,0,0,0,0,0,0,0,0,0,0,0,0,0,0,0,0,0,0,0,0,0,0,0,0,0,0,0,0,0,0,0,0,0,0,0,0,0,0,0,0,0,0,109,33,54,8,3,0,4,5,8,6,226,202,243,253,43,41,35,27,18,0,12,861,9,8,9,4,0,8,17,9,0,3,61,0,0,0,0,0,0,0,0,0,0,0,209,251,258,43,35,41,43,28,0,14,926,0,0,0,0,0,0,0,0,0,0,0,319,282,315,48,44,41,46,33,8,18,1152
801101137,0,0,0,0,0,0,0,0,0,0,0,0,0,0,0,0,0,0,0,0,0,0,0,0,0,0,0,0,0,0,0,0,0,0,0,0,0,0,0,0,0,0,0,0,0,0,0,0,0,0,0,0,0,0,0,0,0,0,0,0,0,0,0,0,0,0,0,0,0,0,0,0,0,0,0,0,0,0,0,0,0,0,0,0,0,0,0,0,0,0,0,0,0,0,0,0,0,0,0,0,0,0,0,0,0,0,0,0,0,0,0,0,0,0,0,0,0,0,0,0,0,0,0,0,0,0,0,0,0,0,0,0,0,0,0,0,0,0,0,0,0,0,0,0,0,0,0,0,0,0,0,0,0,0,0,0,0,0,0,0,0,0,0,0,0,0,0,0,0,0
801101139,0,0,0,0,0,14,0,0,0,0,0,0,0,0,0,10,0,0,0,0,0,0,0,0,0,0,0,4,0,0,0,0,0,0,0,0,0,4,0,0,0,0,0,0,0,0,0,0,0,0,0,0,0,0,0,0,0,0,0,0,4,0,0,0,0,0,0,0,0,0,4,0,0,0,0,0,0,0,0,0,0,0,9,0,0,0,0,0,0,0,0,0,9,191,46,66,9,12,25,5,16,7,3,383,245,235,257,71,51,65,62,13,10,7,1024,12,9,7,0,0,0,6,7,4,0,53,0,0,0,0,0,0,0,0,0,0,3,260,247,266,72,53,65,67,18,18,8,1073,0,0,0,0,0,0,0,0,0,0,0,450,290,335,79,70,94,79,33,24,17,1456
801101145,0,0,0,0,0,0,0,0,0,0,0,0,0,0,0,0,0,0,0,0,0,0,0,0,0,0,0,0,0,0,0,0,0,0,0,0,0,0,0,0,0,0,0,0,0,0,0,0,0,0,0,0,0,0,0,0,0,0,0,0,0,0,0,0,0,0,0,0,0,0,0,0,0,0,0,0,0,0,0,0,0,0,0,0,0,0,0,0,0,0,0,0,0,0,0,0,0,0,0,0,0,0,0,0,0,0,0,0,0,0,0,0,0,0,0,0,0,0,0,0,0,0,0,0,0,0,0,0,0,0,0,0,0,0,0,0,0,0,0,0,0,0,0,0,0,0,0,0,0,0,0,0,0,0,0,0,0,0,0,0,0,0,0,0,0,0,0,0,0,0
801101146,0,0,0,0,0,0,0,0,0,0,0,0,0,0,0,0,0,0,0,0,0,0,0,0,0,0,0,0,0,0,0,0,0,0,0,0,0,0,0,0,0,0,0,0,0,0,0,0,0,0,0,0,0,0,0,0,0,0,0,0,0,0,0,0,0,0,0,0,0,0,0,0,0,0,0,0,0,0,0,0,0,0,0,0,0,0,0,0,0,0,0,0,0,0,0,0,0,0,0,0,0,0,0,0,0,0,0,0,0,0,4,0,0,0,4,0,0,0,0,0,0,0,0,0,0,0,0,0,0,0,0,0,0,0,0,0,0,0,0,0,0,0,0,4,0,0,0,4,0,0,0,0,0,0,0,0,0,0,0,0,0,0,0,0,0,4,0,0,0,4
801111140,0,0,0,0,0,0,0,0,0,0,0,0,0,0,0,0,0,0,0,0,0,0,0,0,0,0,0,0,0,0,0,0,0,0,0,0,0,0,0,0,0,0,0,0,0,0,0,0,0,0,0,0,0,0,0,0,0,0,0,0,0,0,0,0,0,0,0,0,0,0,0,0,0,0,0,0,0,0,0,0,0,0,0,0,0,0,0,0,0,0,0,0,0,26,5,3,0,0,0,4,0,0,0,42,5,0,0,0,0,0,0,0,0,0,12,0,0,0,0,0,0,0,0,0,0,0,0,0,0,0,0,0,0,0,0,0,0,5,0,0,0,0,0,0,0,0,0,12,0,0,0,0,0,0,0,0,0,0,0,35,7,3,0,0,0,6,0,0,0,53
801111141,0,0,0,0,0,0,0,0,0,0,0,0,0,0,0,0,0,0,0,0,0,0,0,0,0,0,0,0,0,0,0,0,0,0,0,0,0,0,0,0,0,0,0,0,0,0,0,0,0,0,0,0,0,0,0,0,0,0,0,0,0,0,0,0,0,0,0,0,0,0,0,0,0,0,0,0,0,0,0,0,0,0,0,0,0,0,0,0,0,0,0,0,0,0,0,0,0,0,0,0,0,0,0,0,0,0,0,0,0,0,0,0,0,0,0,0,0,0,0,0,0,0,0,0,0,0,0,0,0,0,0,0,0,0,0,0,0,0,0,0,0,0,0,0,0,0,0,0,0,0,0,0,0,0,0,0,0,0,0,0,0,0,0,0,0,0,0,0,0,0
897979799,0,0,0,0,0,0,0,0,0,0,0,0,0,0,0,0,0,0,0,0,0,0,0,0,0,0,0,0,0,0,0,0,0,0,0,0,0,0,0,0,0,0,0,0,0,0,0,0,0,0,0,0,0,0,0,0,0,0,0,0,0,0,0,0,0,0,0,0,0,0,0,0,0,0,0,0,0,0,0,0,0,0,0,0,0,0,0,0,0,0,0,0,0,0,0,0,0,0,0,0,0,0,0,0,0,0,0,0,0,0,0,0,0,0,0,0,0,0,0,0,0,0,0,0,0,0,0,0,0,0,0,0,0,0,0,0,0,0,0,0,0,0,0,0,0,0,0,0,0,0,0,0,0,0,0,0,0,0,0,0,0,0,0,0,0,0,0,0,0,0
899999499,0,0,0,0,0,0,0,0,0,0,0,0,0,0,0,5,0,0,0,0,0,0,0,0,0,0,0,0,0,0,0,0,0,0,0,0,0,0,0,0,0,0,0,0,0,0,0,0,0,0,0,0,0,0,0,0,0,0,0,0,0,0,0,0,0,0,0,0,0,0,0,0,0,0,0,0,0,0,0,0,0,0,0,0,0,0,0,0,0,0,0,0,0,35,3,15,0,0,0,5,0,5,0,58,14,9,4,0,0,3,8,0,3,3,50,0,0,0,0,0,0,0,3,0,0,4,0,0,0,0,0,0,0,0,0,0,0,12,8,4,6,0,6,8,3,3,3,50,0,0,0,0,0,0,0,0,0,3,3,45,15,18,6,0,3,9,3,5,13,121
