SA2_CODE_2021,SH_FHs_CF_no_C,SH_FHs_CF_C,SH_FHs_OnePF,SH_FHs_Oth_fam,SH_FHs_Tot,SH_Lone_P_H,SH_Group_H,SH_Tot,SDRTHT_1_S_FHs_CF_no_C,SDRTHT_1_S_FHs_CF_C,SDRTHT_1_S_FHs_OnePF,SDRTHT_1_S_FHs_Oth_fam,SDRTHT_1_S_FHs_Tot,SDRTHT_1_S_Lone_P_H,SDRTHT_1_S_Group_H,SDRTHT_1_S_Tot,SDRTHT_2more_S_FHs_CF_no_C,SDRTHT_2more_S_FHs_CF_C,SDRTHT_2more_S_FHs_OnePF,SDRTHT_2more_S_FHs_Oth_fam,SDRTHT_2more_S_FHs_Tot,SDRTHT_2more_S_Lone_P_H,SDRTHT_2more_S_Group_H,SDRTHT_2more_S_Tot,SDRTHT_Tot_FHs_CF_no_C,SDRTHT_Tot_FHs_CF_C,SDRTHT_Tot_FHs_OnePF,SDRTHT_Tot_FHs_Oth_fam,SDRTHT_Tot_FHs_Tot,SDRTHT_Tot_Lone_P_H,SDRTHT_Tot_Group_H,SDRTHT_Tot_Tot,FoA_1_or_2_SB_FHs_CF_no_C,FoA_1_or_2_SB_FHs_CF_C,FoA_1_or_2_SB_FHs_OnePF,FoA_1_or_2_SB_FHs_Oth_fam,FoA_1_or_2_SB_FHs_Tot,FoA_1_or_2_SB_Lone_P_H,FoA_1_or_2_SB_Group_H,FoA_1_or_2_SB_Tot,FoA_3SB_FHs_CF_no_C,FoA_3SB_FHs_CF_C,FoA_3SB_FHs_OnePF,FoA_3SB_FHs_Oth_fam,FoA_3SB_FHs_Tot,FoA_3SB_Lone_P_H,FoA_3SB_Group_H,FoA_3SB_Tot,FoA_4_to_8_SB_FHs_CF_no_C,FoA_4_to_8_SB_FHs_CF_C,FoA_4_to_8_SB_FHs_OnePF,FoA_4_to_8_SB_FHs_Oth_fam,FoA_4_to_8_SB_FHs_Tot,FoA_4_to_8_SB_Lone_P_H,FoA_4_to_8_SB_Group_H,FoA_4_to_8_SB_Tot,FoA_9moSB_FHs_CF_no_C,FoA_9moSB_FHs_CF_C,FoA_9moSB_FHs_OnePF,FoA_9moSB_FHs_Oth_fam,FoA_9moSB_FHs_Tot,FoA_9moSB_Lone_P_H,FoA_9moSB_Group_H,FoA_9moSB_Tot,FoA_Att_to_hous_FHs_CF_no_C,FoA_Att_to_hous_FHs_CF_C,FoA_Att_to_hous_FHs_OnePF,FoA_Att_to_hous_FHs_Oth_fam,FoA_Att_to_hous_FHs_Tot,FoA_Att_to_hous_Lone_P_H,FoA_Att_to_hous_Group_H,FoA_Att_to_hous_Tot,FoA_Tot_FHs_CF_no_C,FoA_Tot_FHs_CF_C,FoA_Tot_FHs_OnePF,FoA_Tot_FHs_Oth_fam,FoA_Tot_FHs_Tot,FoA_Tot_Lone_P_H,FoA_Tot_Group_H,FoA_Tot_Tot,OD_C_FHs_CF_no_C,OD_C_FHs_CF_C,OD_C_FHs_OnePF,OD_C_FHs_Oth_fam,OD_C_FHs_Tot,OD_C_Lone_P_H,OD_C_Group_H,OD_C_Tot,OD_CH_FHs_CF_no_C,OD_CH_FHs_CF_C,OD_CH_FHs_OnePF,OD_CH_FHs_Oth_fam,OD_CH_FHs_Tot,OD_CH_Lone_P_H,OD_CH_Group_H,OD_CH_Tot,OD_Imp_home_T_SO_FHs_CF_no_C,OD_Imp_home_T_SO_FHs_CF_C,OD_Imp_home_T_SO_FHs_OnePF,OD_Imp_home_T_SO_FHs_Oth_fam,OD_Imp_home_T_SO_FHs_Tot,OD_Imp_home_T_SO_Lone_P_H,OD_Imp_home_T_SO_Group_H,OD_Imp_home_T_SO_Tot,OD_HorF_at_to_S_O_FHs_CF_no_C,OD_HorF_at_to_S_O_FHs_CF_C,OD_HorF_at_to_S_O_FHs_OnePF,OD_HorF_at_to_S_O_FHs_Oth_fam,OD_HorF_at_to_S_O_FHs_Tot,OD_HorF_at_to_S_O_Lone_P_H,OD_HorF_at_to_S_O_Group_H,OD_HorF_at_to_S_O_Tot,OD_Tot_FHs_CF_no_C,OD_Tot_FHs_CF_C,OD_Tot_FHs_OnePF,OD_Tot_FHs_Oth_fam,OD_Tot_FHs_Tot,OD_Tot_Lone_P_H,OD_Tot_Group_H,OD_Tot_Tot,DS_NS_FHs_CF_no_C,DS_NS_FHs_CF_C,DS_NS_FHs_OnePF,DS_NS_FHs_Oth_fam,DS_NS_FHs_Tot,DS_NS_Lone_P_H,DS_NS_Group_H,DS_NS_Tot,Tot_FHs_CF_no_C,Tot_FHs_CF_C,Tot_FHs_OnePF,Tot_FHs_Oth_fam,Tot_FHs_Tot,Tot_Lone_P_H,Tot_Group_H,Tot_Tot
801011001,237,325,61,3,633,119,31,785,4,6,0,0,9,11,0,20,24,22,3,0,51,11,7,70,24,28,4,0,59,25,7,91,3,4,0,0,13,0,6,16,0,0,0,0,0,0,0,0,0,0,0,0,0,0,0,0,0,0,0,0,0,0,0,0,7,0,0,0,4,0,0,8,11,6,0,0,19,0,0,23,0,0,0,0,0,0,0,0,0,0,0,0,0,0,0,0,0,0,0,0,0,0,0,0,0,0,0,0,0,0,0,0,0,0,0,0,0,0,0,0,0,0,0,0,0,0,0,0,271,356,74,7,706,146,44,897
801011002,0,0,8,0,11,11,3,20,113,58,47,9,221,163,29,414,141,92,84,11,332,195,57,583,257,151,128,21,552,355,87,999,45,26,5,0,77,50,8,133,133,37,22,9,200,195,63,453,541,130,51,24,750,611,137,1497,349,84,30,14,478,360,94,938,0,0,0,0,0,0,0,0,1059,276,112,48,1498,1215,306,3026,0,0,0,0,0,0,0,0,0,0,0,0,0,0,0,0,0,0,0,0,0,0,0,0,0,0,0,0,0,0,0,0,0,0,0,0,0,0,0,0,0,0,0,0,0,0,0,7,1319,429,245,68,2063,1587,393,4042
801011003,184,234,45,8,468,49,40,554,81,39,13,4,138,105,19,260,313,190,74,26,600,192,164,960,392,232,88,23,739,297,183,1226,27,13,4,3,54,24,15,93,62,10,12,6,85,120,11,213,180,35,16,10,240,323,20,590,0,0,0,0,0,0,0,0,0,0,0,0,0,0,0,0,271,58,31,17,381,471,48,895,0,0,0,0,0,0,0,0,0,0,0,0,0,0,0,0,0,0,0,0,0,0,0,0,0,0,0,0,0,0,0,0,0,0,0,0,0,0,0,0,0,0,0,0,0,3,0,3,852,518,168,56,1592,810,279,2679
801011004,215,313,186,9,730,256,36,1021,26,26,21,0,81,64,6,147,0,0,0,0,0,0,0,0,29,26,21,0,78,64,6,148,0,0,0,0,0,4,0,4,0,0,0,0,0,0,0,0,0,0,0,0,0,0,0,0,0,0,0,0,0,0,0,0,0,0,0,0,0,0,0,0,0,0,0,0,0,4,0,3,0,0,0,0,0,0,0,0,0,0,0,0,0,0,0,0,0,0,0,0,0,0,0,0,0,0,0,0,0,0,0,0,0,0,0,0,0,0,0,0,0,0,0,0,0,0,0,0,245,343,211,14,809,321,38,1167
801011005,222,262,82,12,571,144,32,746,95,66,34,4,202,201,15,416,13,10,0,0,22,14,4,34,110,72,37,4,222,210,20,448,8,0,4,0,8,28,0,35,0,0,0,0,0,0,0,0,0,0,0,0,0,0,0,0,0,0,0,0,0,0,0,0,0,0,0,0,0,0,0,0,8,0,4,0,8,28,0,35,0,0,0,0,0,0,0,0,0,0,0,0,0,0,0,0,0,0,0,0,0,0,0,0,0,0,0,0,0,0,0,0,0,0,0,0,0,0,0,0,0,0,0,0,0,0,0,0,334,334,121,13,806,384,44,1237
801011006,514,1038,279,23,1852,333,45,2233,29,33,22,0,93,53,4,154,0,14,4,0,16,0,0,13,32,43,29,0,103,59,4,168,4,3,5,0,10,18,0,29,0,0,0,0,0,0,0,0,0,0,0,0,0,0,0,0,0,0,0,0,0,0,0,0,0,0,0,0,0,0,0,0,4,3,5,0,10,18,4,28,0,0,0,0,0,0,0,0,0,0,0,0,0,0,0,0,0,0,0,0,0,0,0,0,0,0,0,0,0,0,0,0,0,0,0,0,0,0,0,0,0,0,0,0,0,0,0,0,546,1087,312,23,1966,406,49,2424
801011007,545,723,239,22,1518,318,67,1899,4,0,0,0,4,0,0,5,11,11,7,3,26,6,5,37,8,12,7,3,33,6,3,41,4,0,0,0,7,8,0,21,0,0,0,0,0,0,0,0,0,0,0,0,0,0,0,0,0,0,0,0,0,0,0,0,0,0,0,0,0,0,0,0,10,0,6,0,10,9,0,23,0,0,0,0,0,0,0,0,0,0,0,0,0,0,0,0,0,0,0,0,0,0,0,0,0,0,0,0,0,0,0,0,0,0,0,0,0,0,0,0,0,0,0,0,0,0,0,0,558,741,244,22,1558,338,65,1964
801011008,407,480,174,11,1078,278,47,1403,99,80,42,6,224,168,20,413,0,0,0,0,0,0,0,0,96,80,42,6,220,168,20,415,7,0,0,0,5,3,0,8,0,0,0,0,0,0,0,0,0,0,0,0,0,0,0,0,0,0,0,0,0,0,0,0,0,0,0,0,0,0,0,0,7,0,0,0,5,3,0,8,0,0,0,0,0,0,0,0,0,0,0,0,0,0,0,0,0,0,0,0,0,0,0,0,0,0,0,0,0,0,0,0,0,0,0,0,0,0,0,0,0,0,0,0,0,0,0,0,505,559,217,19,1310,456,68,1835
801011009,324,505,115,14,963,183,28,1174,4,8,4,0,22,12,5,34,0,3,0,0,4,0,0,4,7,11,9,0,25,11,7,42,0,0,0,0,0,0,0,0,0,0,0,0,0,0,0,0,0,0,0,0,0,0,0,0,0,0,0,0,0,0,0,0,0,0,0,0,0,0,0,0,0,0,0,0,0,0,0,0,0,0,0,0,0,0,0,0,0,0,0,0,0,0,0,0,0,0,0,0,0,0,0,0,0,0,0,0,0,0,0,0,0,0,0,0,0,0,0,0,0,0,0,0,0,0,0,0,340,510,123,17,984,194,36,1214
801011010,221,283,78,6,580,105,10,700,6,4,9,0,22,3,0,24,0,0,0,0,3,0,0,3,8,5,9,0,24,3,0,27,0,0,0,0,0,5,0,6,0,0,0,0,0,0,0,0,0,0,0,0,0,0,0,0,0,0,0,0,0,0,0,0,0,0,0,0,0,0,0,0,0,0,0,0,0,5,0,4,0,0,0,0,0,0,0,0,0,0,0,0,0,0,0,0,0,0,0,0,0,0,0,0,0,0,0,0,0,0,0,0,0,0,0,0,0,0,0,0,0,0,0,0,0,0,0,0,228,289,85,6,608,108,11,730
801011011,318,419,130,13,882,195,35,1115,19,15,9,0,42,27,0,63,0,0,0,0,0,0,0,0,19,15,9,0,42,27,0,63,5,3,0,0,7,0,0,8,0,0,0,0,0,0,0,0,0,0,0,0,0,0,0,0,0,0,0,0,0,0,0,0,0,0,0,0,0,0,0,3,9,5,0,0,12,4,0,11,0,0,0,0,0,0,0,0,0,0,0,0,0,0,0,0,0,0,0,0,0,0,0,0,0,0,0,0,0,0,0,0,0,0,0,0,0,0,0,0,0,0,0,0,0,0,0,3,348,436,129,13,932,222,35,1196
801011012,0,0,0,0,0,0,0,0,0,0,0,0,0,0,0,0,0,0,0,0,0,0,0,0,0,0,0,0,0,0,0,0,0,0,0,0,0,0,0,0,0,0,0,0,0,0,0,0,0,0,0,0,0,0,0,0,0,0,0,0,0,0,0,0,0,0,0,0,0,0,0,0,0,0,0,0,0,0,0,0,0,0,0,0,0,0,0,0,0,0,0,0,0,0,0,0,0,0,0,0,0,0,0,0,0,0,0,0,0,0,0,0,0,0,0,0,0,0,0,0,0,0,0,0,0,0,0,0,0,0,0,0,0,0,0,0
801011013,266,301,71,6,649,132,8,788,23,22,9,0,63,59,5,129,0,3,3,0,8,12,0,24,30,27,17,0,74,77,5,146,39,38,25,3,106,98,21,225,4,0,0,0,5,4,4,17,0,0,0,0,0,0,0,0,0,0,0,0,0,0,0,0,0,0,0,0,0,0,0,0,48,40,25,3,112,106,23,237,0,0,0,0,0,0,0,0,0,0,0,0,0,0,0,0,0,0,0,0,0,0,0,0,0,0,0,0,0,0,0,0,0,0,0,0,0,0,0,0,0,0,0,0,0,0,0,0,340,365,115,12,829,309,39,1181
801011014,339,405,131,12,895,249,40,1189,6,3,0,0,11,11,0,23,5,0,0,0,6,0,0,10,12,6,0,0,23,11,0,30,5,0,0,0,8,11,0,18,0,0,0,0,0,0,0,0,0,0,0,0,0,0,0,0,0,0,0,0,0,0,0,0,0,0,0,0,0,0,0,0,5,4,0,0,5,11,0,23,0,0,0,0,0,0,0,0,0,0,0,0,0,0,0,0,0,0,0,0,0,0,0,0,0,0,0,0,0,0,0,0,0,0,0,0,0,0,0,0,0,0,0,0,4,0,0,4,353,422,141,14,927,267,43,1236
801011015,378,507,143,15,1044,278,36,1354,148,82,68,9,303,333,25,661,24,33,21,0,75,31,4,112,163,112,90,12,378,359,33,771,4,3,9,0,16,14,3,29,31,14,8,3,53,65,11,129,0,0,0,0,0,0,0,0,0,0,0,0,0,0,0,0,0,0,0,0,0,0,0,0,37,16,14,3,68,84,15,157,0,0,0,0,0,0,0,0,0,0,0,0,0,0,0,0,0,0,0,0,0,0,0,0,0,0,0,0,0,0,0,0,0,0,0,0,0,0,0,0,0,0,0,0,0,0,0,0,583,630,249,23,1493,717,78,2289
801011016,729,920,248,24,1916,412,106,2442,18,12,8,5,33,62,3,97,6,20,10,4,40,8,11,64,26,24,18,7,73,66,19,154,0,5,0,0,5,0,7,10,0,0,0,0,0,0,0,0,11,0,14,3,25,26,0,53,0,0,0,0,0,0,0,0,9,3,0,0,6,3,0,14,13,8,14,3,42,30,9,81,0,0,0,0,0,0,0,0,0,0,0,0,0,0,0,0,0,0,0,0,0,0,0,0,0,0,0,0,0,0,0,0,0,0,0,0,0,0,0,0,0,0,0,0,0,3,0,3,770,957,280,28,2035,512,134,2677
801011017,333,436,159,11,936,259,35,1234,19,26,12,0,55,54,3,117,6,4,3,0,14,11,8,35,22,26,21,0,68,64,14,148,0,0,4,0,7,17,0,22,0,0,0,0,0,0,0,0,0,0,0,0,0,0,0,0,0,0,0,0,0,0,0,0,0,0,0,0,0,0,0,0,0,5,4,0,4,17,0,22,0,0,0,0,0,0,0,0,0,0,0,0,0,0,0,0,0,0,0,0,0,0,0,0,0,0,0,0,0,0,0,0,0,0,0,0,0,0,0,0,0,0,0,0,0,0,0,0,360,464,183,10,1016,337,46,1401
801011018,43,97,11,5,159,9,29,194,0,0,0,0,0,0,0,0,217,87,38,23,367,135,120,622,217,87,38,23,367,140,120,623,41,18,6,6,72,32,27,131,10,0,0,0,17,17,0,32,0,0,0,0,0,0,0,0,0,0,0,0,0,0,0,0,0,0,0,0,0,0,0,0,49,24,12,6,85,50,32,170,0,0,0,0,0,0,0,0,0,0,0,0,0,0,0,0,0,0,0,0,0,0,0,0,0,0,0,0,0,0,0,0,0,0,0,0,0,0,0,0,0,0,0,0,0,0,0,0,312,213,58,29,618,194,173,990
801011019,560,938,295,26,1811,396,54,2266,38,41,32,0,109,100,9,214,0,0,0,0,4,0,3,12,42,41,29,0,112,102,12,226,0,4,0,0,4,3,0,6,0,0,0,0,0,0,0,0,0,0,0,0,0,0,0,0,0,0,0,0,0,0,0,0,0,0,0,0,0,0,0,0,0,4,0,0,4,3,0,6,0,0,0,0,0,0,0,0,0,0,0,0,0,0,0,0,0,0,0,0,0,0,0,0,0,0,0,0,0,0,0,0,0,0,0,0,0,0,0,0,0,0,0,0,0,0,0,0,596,979,323,32,1926,506,67,2502
801011020,214,251,83,8,556,176,46,776,24,15,15,0,53,53,3,113,13,9,18,0,47,15,10,66,36,27,33,4,97,73,13,181,14,12,6,0,31,59,0,88,15,0,0,0,18,27,4,50,48,14,9,0,78,79,9,166,0,0,0,0,0,0,0,0,0,0,0,0,0,0,0,0,81,24,18,0,129,170,17,309,0,0,0,0,0,0,0,0,0,0,0,0,0,0,0,0,0,0,0,0,0,0,0,0,0,0,0,0,0,0,0,0,0,0,0,0,0,0,0,0,0,0,0,0,0,3,0,3,324,302,135,15,773,416,70,1260
801011021,302,337,93,3,742,141,29,905,12,4,9,0,20,31,4,57,4,0,0,0,4,0,0,3,13,4,9,0,27,34,4,58,0,0,0,0,0,0,0,0,0,0,0,0,0,0,0,0,0,0,0,0,0,0,0,0,0,0,0,0,0,0,0,0,0,0,0,0,0,0,0,0,0,0,0,0,0,0,0,3,0,0,0,0,0,0,0,0,0,0,0,0,0,0,0,0,0,0,0,0,0,0,0,0,0,0,0,0,0,0,0,0,0,0,0,0,0,0,0,0,0,0,0,0,0,0,0,0,318,345,103,3,765,170,28,963
801011022,278,414,101,9,800,149,18,961,41,24,23,0,85,94,6,190,6,3,0,0,10,4,0,20,49,29,22,0,103,95,7,210,6,5,0,0,15,12,0,19,0,0,0,0,0,0,0,0,0,0,0,0,0,0,0,0,0,0,0,0,0,0,0,0,0,0,0,0,0,0,0,0,6,5,0,0,15,12,0,19,0,0,0,0,0,0,0,0,0,0,0,0,0,0,0,0,0,0,0,0,0,0,0,0,0,0,0,0,0,0,0,0,0,0,0,0,0,0,0,0,0,0,4,0,4,0,0,6,332,444,134,9,916,253,32,1198
801011023,207,265,102,5,573,194,57,830,53,12,13,0,79,187,9,277,11,9,0,0,18,9,4,25,60,16,14,0,95,194,12,306,8,0,3,0,15,16,5,37,3,0,0,0,3,4,0,13,0,0,0,0,0,0,0,0,0,0,0,0,0,0,0,0,0,0,0,0,0,0,0,0,11,4,3,0,20,21,4,46,0,0,0,0,0,0,0,0,0,0,0,0,0,0,0,0,0,0,0,0,0,0,0,0,0,0,0,0,0,0,0,0,0,0,0,0,0,0,0,0,0,0,0,0,0,0,0,0,279,284,118,5,689,413,80,1180
801011024,221,330,104,14,675,211,29,917,17,22,13,4,58,40,4,97,14,7,16,0,38,24,3,66,30,27,30,6,94,59,11,162,12,14,0,0,25,33,3,68,0,0,0,0,0,0,0,0,0,0,0,0,0,0,0,0,0,0,0,0,0,0,0,0,0,0,0,0,0,0,0,0,13,14,0,0,30,33,3,68,0,0,0,0,0,0,0,0,0,0,0,0,0,0,0,0,0,0,0,0,0,0,0,0,0,0,0,0,0,0,0,0,0,0,0,0,0,0,0,0,0,0,0,0,0,0,0,0,263,374,138,18,791,312,44,1147
801011025,242,320,92,14,673,158,24,860,0,0,0,0,3,6,0,10,5,9,14,0,25,31,4,60,10,6,14,0,29,34,6,70,0,0,0,0,0,0,0,0,0,0,0,0,0,0,0,0,0,0,0,0,0,0,0,0,0,0,0,0,0,0,0,0,0,0,0,0,0,0,0,0,0,0,0,0,0,0,0,0,0,0,0,0,0,0,0,0,0,0,0,0,0,0,0,0,0,0,0,0,0,0,0,0,0,0,0,0,0,0,0,0,0,0,0,0,0,0,0,0,0,0,0,0,0,0,0,0,252,330,102,14,700,195,26,926
801011026,253,376,64,7,702,124,22,851,11,9,5,0,26,12,4,40,7,5,0,0,15,5,0,14,18,15,5,0,38,17,4,55,7,3,0,0,12,10,0,22,0,0,0,0,0,0,0,0,0,0,0,0,0,0,0,0,0,0,0,0,0,0,0,0,0,0,0,0,0,0,0,0,7,3,0,0,12,10,0,22,0,0,0,0,0,0,0,0,0,0,0,0,0,0,0,0,0,0,0,0,0,0,0,0,0,0,0,0,0,0,0,0,0,0,0,0,0,0,0,0,0,0,0,0,0,0,0,0,278,398,71,7,750,153,24,930
801011111,0,0,0,0,0,0,0,0,0,0,0,0,0,0,0,0,0,0,0,0,0,0,0,0,0,0,0,0,0,0,0,0,0,0,0,0,0,0,0,0,0,0,0,0,0,0,0,0,0,0,0,0,0,0,0,0,0,0,0,0,0,0,0,0,0,0,0,0,0,0,0,0,0,0,0,0,0,0,0,0,0,0,0,0,0,0,0,0,0,0,0,0,0,0,0,0,0,0,0,0,0,0,0,0,0,0,0,0,0,0,0,0,0,0,0,0,0,0,0,0,0,0,0,0,0,0,0,0,0,0,0,0,5,0,0,5
801011142,0,0,0,0,0,0,0,0,0,0,0,0,0,0,0,0,0,0,0,0,0,0,0,0,0,0,0,0,0,0,0,0,0,0,0,0,0,0,0,0,0,0,0,0,0,0,0,0,0,0,0,0,0,0,0,0,0,0,0,0,0,0,0,0,0,0,0,0,0,0,0,0,0,0,0,0,0,0,0,0,0,0,0,0,0,0,0,0,0,0,0,0,0,0,0,0,0,0,0,0,0,0,0,0,0,0,0,0,0,0,0,0,0,0,0,0,0,0,0,0,0,0,0,0,0,0,0,0,0,0,0,0,0,0,0,0
801011143,56,93,14,0,166,27,5,199,3,0,0,0,3,0,0,4,12,10,7,0,21,17,0,39,15,10,7,0,22,15,0,39,0,0,0,0,0,0,0,0,0,0,0,0,0,0,0,0,0,0,0,0,0,0,0,0,0,0,0,0,0,0,0,0,0,0,0,0,0,0,0,0,0,0,0,0,0,0,0,0,0,0,0,0,0,0,0,0,0,0,0,0,0,0,0,0,0,0,0,0,0,0,0,0,0,0,0,0,0,0,0,0,0,0,0,0,0,0,0,0,0,0,0,0,0,0,0,0,66,103,17,0,187,44,8,239
801011144,0,0,0,0,0,0,0,3,0,0,0,0,0,0,0,0,0,0,0,0,0,0,0,0,0,0,0,0,0,0,0,0,0,0,0,0,0,0,0,0,0,0,0,0,0,0,0,0,0,0,0,0,0,0,0,0,0,0,0,0,0,0,0,0,0,0,0,0,0,0,0,0,0,0,0,0,0,0,0,0,0,0,0,0,0,0,0,0,0,0,0,0,0,0,0,0,0,0,0,0,0,0,0,0,0,0,0,0,0,0,0,0,0,0,0,0,0,0,0,0,0,0,0,0,0,0,0,0,0,0,0,0,0,0,0,3
801031031,0,0,0,0,0,0,0,0,0,0,0,0,0,0,0,0,0,0,0,0,0,0,0,0,0,0,0,0,0,0,0,0,0,0,0,0,0,0,0,0,0,0,0,0,0,0,0,0,0,0,0,0,0,0,0,0,0,0,0,0,0,0,0,0,0,0,0,0,0,0,0,0,0,0,0,0,0,0,0,0,0,0,0,0,0,0,0,3,0,0,0,0,0,0,0,0,0,0,0,0,0,0,0,0,0,0,0,0,0,0,0,0,0,0,0,0,0,0,0,3,0,0,0,0,0,0,0,0,0,0,0,0,0,0,0,7
801031032,4,4,0,0,5,0,0,5,0,0,0,0,0,0,0,0,0,0,0,0,0,0,0,0,0,0,0,0,0,0,0,0,0,0,0,0,0,0,0,0,0,0,0,0,0,0,0,0,0,0,0,0,0,0,0,0,0,0,0,0,0,0,0,0,0,0,0,0,0,0,0,0,0,0,0,0,0,0,0,0,0,0,0,0,0,0,0,0,0,0,0,0,0,0,0,0,0,0,0,0,0,0,0,0,0,0,0,0,0,0,0,0,0,0,0,0,0,0,0,0,0,0,0,0,0,0,0,0,4,4,0,0,5,0,0,5
801031113,35,26,8,0,75,68,4,143,3,0,0,0,6,13,3,21,4,3,0,0,15,8,3,22,9,3,0,0,15,25,3,46,3,3,0,0,9,51,0,61,0,0,0,0,0,3,0,3,0,0,0,0,0,0,0,0,0,0,0,0,0,0,0,0,0,0,0,0,0,0,0,0,3,3,0,0,9,53,0,66,5,0,5,0,13,27,0,39,17,8,13,5,37,63,6,105,0,0,0,0,0,0,0,0,0,0,0,0,0,3,0,3,22,12,14,6,49,90,6,147,0,0,0,0,4,0,0,3,67,49,27,8,158,230,20,404
801031114,8,6,4,0,20,10,0,30,4,0,0,0,4,3,0,12,0,0,0,0,0,0,0,0,4,0,0,0,4,3,0,12,0,0,0,0,0,0,0,0,0,0,0,0,0,0,0,0,0,0,0,0,0,0,0,0,0,0,0,0,0,0,0,0,0,0,0,0,0,0,0,0,0,0,0,0,0,0,0,0,0,0,0,0,0,0,0,0,0,0,0,0,0,0,0,0,0,0,0,0,0,0,0,0,0,0,0,0,0,0,0,0,0,0,0,0,0,0,0,0,0,0,0,0,0,0,0,0,10,8,4,0,23,19,0,44
801031115,12,25,3,0,41,7,0,52,0,0,0,0,0,0,0,0,0,0,0,0,0,0,0,0,0,0,0,0,0,0,0,0,0,0,0,0,0,0,0,0,0,0,0,0,0,0,0,0,0,0,0,0,0,0,0,0,0,0,0,0,0,0,0,0,0,0,0,0,0,0,0,0,0,0,0,0,0,0,0,0,0,0,0,0,0,0,0,0,0,0,0,0,0,0,0,0,0,0,0,0,0,0,0,0,0,0,0,0,0,0,0,0,0,0,0,0,0,0,0,0,4,0,0,0,3,0,0,5,16,25,5,0,45,10,0,56
801041034,332,865,150,12,1361,210,32,1605,40,38,28,0,99,44,4,149,22,43,20,0,94,20,0,118,63,84,45,0,197,64,5,267,0,0,0,0,6,0,0,6,0,0,0,0,0,0,0,0,52,23,13,5,93,66,6,162,0,0,0,0,0,0,0,0,0,0,0,0,0,0,0,0,56,26,13,5,97,67,6,172,0,0,0,0,0,0,0,0,0,0,0,0,0,0,0,0,0,0,0,0,0,0,0,0,0,0,0,0,0,0,0,0,0,0,0,0,0,0,0,0,0,0,0,0,0,0,0,0,452,971,216,14,1651,344,42,2039
801041035,315,1087,207,24,1628,175,38,1841,21,24,10,0,57,18,3,85,34,70,26,6,137,34,8,188,62,97,38,6,202,59,18,268,0,0,0,0,0,0,0,0,0,0,0,0,0,0,0,0,0,0,0,0,0,0,0,0,0,0,0,0,0,0,0,0,0,0,0,0,0,0,0,0,0,0,0,0,0,5,0,4,0,0,0,0,0,0,0,0,0,0,0,0,0,0,0,0,0,0,0,0,0,0,0,0,0,0,0,0,0,0,0,0,0,0,0,0,0,0,0,0,0,0,0,0,0,0,0,0,380,1185,245,27,1830,239,52,2116
801041036,325,890,161,14,1387,244,39,1665,29,22,9,0,53,33,6,93,99,119,55,4,273,111,12,398,128,143,65,6,334,141,19,496,0,0,0,0,0,0,0,0,12,8,8,0,28,11,9,37,0,0,0,0,0,0,0,0,0,0,0,0,0,0,0,0,0,0,0,0,0,0,0,0,12,7,8,0,23,14,9,42,0,0,0,0,0,0,0,0,0,0,0,0,0,0,0,0,0,0,0,0,0,0,0,0,0,0,0,0,0,0,0,0,0,0,0,0,0,0,0,0,0,0,0,0,0,0,0,0,456,1035,232,18,1746,395,64,2202
801041037,269,664,85,12,1033,104,34,1172,5,8,0,0,14,4,0,20,62,67,21,0,156,64,18,244,66,75,29,0,174,69,18,261,9,3,4,0,22,23,4,45,28,9,6,0,40,45,0,89,35,0,0,0,39,82,0,119,0,0,0,0,0,0,0,0,5,0,0,0,4,0,0,6,76,16,6,0,103,145,6,250,0,0,0,0,0,0,0,0,0,0,0,0,0,0,0,0,0,0,0,0,0,0,0,0,0,0,0,0,0,0,0,0,0,0,0,0,0,0,0,0,0,0,0,0,0,0,0,0,419,756,117,17,1303,323,56,1686
801041038,231,701,97,3,1036,105,23,1163,4,0,0,0,8,0,0,6,48,64,18,4,136,33,7,179,53,64,18,4,140,38,7,182,3,0,7,0,9,5,0,6,0,5,0,0,8,7,0,16,0,0,0,0,0,0,0,0,0,0,0,0,0,0,0,0,0,0,0,0,0,0,0,0,4,8,6,0,20,9,0,25,0,0,0,0,0,0,0,0,0,0,0,0,0,0,0,0,0,0,0,0,0,0,0,0,0,0,0,0,0,0,0,0,0,0,0,0,0,0,0,0,0,0,0,0,0,0,0,0,288,775,122,11,1195,154,26,1373
801041039,264,734,111,17,1118,119,69,1299,3,7,6,0,18,7,0,25,84,105,26,6,227,63,40,327,93,116,28,7,247,64,40,350,17,3,0,0,20,18,11,55,163,82,32,8,291,227,30,553,125,51,19,8,202,115,32,350,0,0,0,0,0,0,0,0,0,0,0,0,0,0,0,0,305,139,62,19,517,362,74,955,0,0,0,0,0,0,0,0,0,0,0,0,0,0,0,0,0,0,0,0,0,0,0,0,0,0,0,0,0,0,0,0,0,0,0,0,0,0,0,0,0,0,0,0,4,0,0,5,662,991,194,42,1887,544,181,2609
801041040,234,569,121,16,937,116,89,1144,9,13,6,0,31,9,0,41,152,159,46,8,368,103,53,522,163,174,56,10,397,109,54,559,4,0,6,0,7,18,0,21,57,19,9,0,92,105,5,196,231,99,47,8,386,267,29,687,223,81,40,20,357,194,43,593,0,0,0,0,0,0,0,0,507,210,99,30,843,576,75,1498,0,0,0,0,0,0,0,0,0,0,0,0,0,0,0,0,0,0,0,0,0,0,0,0,0,0,0,0,0,0,0,0,0,0,0,0,0,0,0,0,5,0,0,0,9,5,0,17,908,953,279,51,2188,809,222,3219
801041043,34,46,11,0,83,15,0,91,0,0,0,0,0,5,0,13,0,0,0,0,0,0,0,3,4,0,0,0,4,11,0,14,0,0,0,0,0,0,0,0,0,0,0,0,0,0,0,0,0,0,0,0,0,0,0,0,0,0,0,0,0,0,0,0,0,0,0,0,0,0,0,0,0,0,0,0,0,0,0,0,0,0,0,0,0,0,0,0,0,0,0,0,0,0,0,0,0,0,0,0,0,0,0,0,0,0,0,0,0,0,0,0,0,0,0,0,0,0,0,0,0,0,0,0,0,0,0,0,32,46,8,0,86,23,0,105
801041044,301,884,153,17,1348,113,70,1535,9,20,8,0,42,16,6,63,70,103,41,10,220,99,34,354,78,126,53,13,262,116,40,418,0,0,0,0,0,7,0,13,109,77,23,4,211,122,44,379,152,66,17,4,242,161,24,431,0,0,0,0,0,0,0,0,0,0,0,0,0,0,0,0,258,144,45,13,458,291,70,820,0,0,0,0,0,0,0,0,0,0,0,0,0,0,0,0,0,0,0,0,0,0,0,0,0,0,0,0,0,0,0,0,0,0,0,0,0,0,0,0,0,0,0,0,0,0,0,0,636,1154,248,32,2068,521,172,2768
801041045,0,0,0,0,0,0,0,0,0,0,0,0,0,0,0,0,0,0,0,0,0,0,0,0,0,0,0,0,0,0,0,0,0,0,0,0,0,0,0,0,0,0,0,0,0,0,0,0,0,0,0,0,0,0,0,0,0,0,0,0,0,0,0,0,0,0,0,0,0,0,0,0,0,0,0,0,0,0,0,0,0,0,0,0,0,0,0,0,0,0,0,0,0,0,0,0,0,0,0,0,0,0,0,0,0,0,0,0,0,0,0,0,0,0,0,0,0,0,0,0,0,0,0,0,0,0,0,0,0,0,0,0,0,0,0,4
801041046,639,1147,321,25,2134,513,85,2728,218,217,129,7,573,380,29,987,85,89,43,0,223,98,14,333,301,304,177,7,789,480,46,1321,0,0,0,0,0,0,0,0,0,0,0,0,0,0,0,0,0,0,0,0,0,0,0,0,0,0,0,0,0,0,0,0,0,0,0,0,0,0,0,6,0,0,0,0,0,0,0,0,0,0,0,0,0,0,0,0,0,0,0,0,0,0,0,0,0,0,0,0,0,0,0,0,0,0,0,0,0,0,0,0,0,0,0,0,0,0,0,0,0,0,0,0,0,0,0,0,941,1456,496,35,2932,990,124,4053
801041047,644,962,139,11,1760,241,33,2033,25,19,21,3,67,43,3,111,28,42,18,0,90,30,3,120,60,59,36,4,159,71,5,237,0,0,0,0,0,0,0,0,0,0,0,0,0,0,0,0,0,0,0,0,0,0,0,0,0,0,0,0,0,0,0,0,0,0,0,0,0,0,0,0,0,0,0,0,0,0,0,0,0,0,0,0,0,0,0,0,0,0,0,0,0,0,0,0,0,0,0,0,0,0,0,0,0,0,0,0,0,0,0,0,0,0,0,0,0,0,0,0,0,0,0,0,0,0,0,0,703,1025,175,16,1923,311,41,2276
801041048,346,533,133,17,1027,174,27,1226,138,150,113,5,407,234,30,664,37,35,14,5,89,40,13,137,175,184,128,11,493,267,40,808,0,0,0,0,0,0,0,0,0,0,0,0,0,0,0,0,0,0,0,0,0,0,0,0,0,0,0,0,0,0,0,0,0,0,0,0,0,0,0,0,0,0,0,0,0,0,0,0,0,0,0,0,0,0,0,0,0,0,0,0,0,0,0,0,0,0,0,0,0,0,0,0,0,0,0,0,0,0,0,0,0,0,0,0,0,0,0,0,0,0,0,0,0,0,0,0,521,718,265,22,1522,444,66,2038
801041116,0,0,0,0,0,0,0,0,0,0,0,0,0,0,0,0,0,0,0,0,0,0,0,0,0,0,0,0,0,0,0,0,0,0,0,0,0,0,0,0,0,0,0,0,0,0,0,0,0,0,0,0,0,0,0,0,0,0,0,0,0,0,0,0,0,0,0,0,0,0,0,0,0,0,0,0,0,0,0,0,0,0,0,0,0,0,0,0,0,0,0,0,0,0,0,0,0,0,0,0,0,0,0,0,0,0,0,0,0,0,0,0,0,0,0,0,0,0,0,0,0,0,0,0,0,0,0,0,0,0,0,0,0,0,0,0
801041117,0,0,0,0,0,0,0,0,0,0,0,0,0,0,0,0,0,0,0,0,0,0,0,0,0,0,0,0,0,0,0,0,0,0,0,0,0,0,0,0,0,0,0,0,0,0,0,0,0,0,0,0,0,0,0,0,0,0,0,0,0,0,0,0,0,0,0,0,0,0,0,0,0,0,0,0,0,0,0,0,0,0,0,0,0,0,0,0,0,0,0,0,0,0,0,0,0,0,0,0,0,0,0,0,0,0,0,0,0,0,0,0,0,0,0,0,0,0,0,0,0,0,0,0,0,0,0,0,0,0,0,0,0,0,0,0
801041118,5,66,12,0,88,12,3,106,9,19,4,0,37,15,4,53,19,21,11,0,49,20,4,74,23,44,16,6,87,32,7,129,0,0,0,0,0,0,0,3,0,0,0,0,0,0,0,0,0,0,0,0,0,0,0,0,0,0,0,0,0,0,0,0,0,0,0,0,0,0,0,0,0,0,0,0,0,0,0,3,0,0,0,0,0,0,0,0,0,0,0,0,0,0,0,0,0,0,0,0,0,0,0,0,0,0,0,0,0,0,0,0,0,0,0,0,0,0,0,0,0,0,0,0,0,0,0,0,34,114,29,3,178,45,9,237
801041119,0,0,0,0,0,0,0,0,0,0,0,0,0,0,0,0,0,0,0,0,0,0,0,0,0,0,0,0,0,0,0,0,0,0,0,0,0,0,0,0,0,0,0,0,0,0,0,0,0,0,0,0,0,0,0,0,0,0,0,0,0,0,0,0,0,0,0,0,0,0,0,0,0,0,0,0,0,0,0,0,0,0,0,0,0,0,0,0,0,0,0,0,0,0,0,0,0,0,0,0,0,0,0,0,0,0,0,0,0,0,0,0,0,0,0,0,0,0,0,0,0,0,0,0,0,0,0,0,0,0,0,0,3,0,0,3
801041120,124,625,67,9,823,35,19,879,13,35,8,0,58,19,0,78,136,206,84,8,435,79,29,536,150,235,92,14,490,98,31,617,10,20,7,0,31,9,0,45,13,14,8,0,34,24,0,60,0,0,0,0,0,0,0,0,0,0,0,0,0,0,0,0,0,0,0,0,0,0,0,0,17,28,18,0,62,37,0,98,0,0,0,0,0,0,0,0,0,0,0,0,0,0,0,0,0,0,0,0,0,0,0,0,0,0,0,0,0,0,0,0,0,0,0,0,0,0,0,0,0,0,0,0,8,4,0,7,301,889,174,24,1382,173,50,1604
801041121,88,327,42,3,464,41,11,521,4,8,10,5,21,4,0,26,23,19,9,0,62,11,3,68,29,34,23,5,83,16,0,101,0,0,0,0,0,0,0,0,0,0,0,0,0,0,0,5,0,0,0,0,0,0,0,0,0,0,0,0,0,0,0,0,0,0,0,0,0,0,0,0,0,0,0,0,0,5,0,3,0,0,0,0,0,0,0,0,0,0,0,0,0,0,0,0,0,0,0,0,0,0,0,0,0,0,0,0,0,0,0,0,0,0,0,0,0,0,0,0,0,3,3,0,10,0,0,7,117,361,64,11,555,59,16,629
801041122,129,406,46,0,580,38,18,640,0,6,0,0,10,0,0,10,15,20,7,0,43,17,3,64,15,25,7,3,54,17,3,68,0,0,0,0,0,0,0,0,0,0,0,0,0,0,0,0,0,0,0,0,0,0,0,0,0,0,0,0,0,0,0,0,0,0,0,0,0,0,0,0,0,0,0,0,0,0,0,0,0,0,0,0,0,0,0,0,0,0,0,0,0,0,0,0,0,0,0,0,0,0,0,0,0,0,0,0,0,0,0,0,0,0,0,0,0,0,0,0,0,0,0,0,0,5,0,5,143,427,55,5,635,61,23,713
801051049,0,0,0,0,0,0,0,0,0,0,0,0,0,0,0,0,0,0,0,0,0,0,0,0,0,0,0,0,0,0,0,0,0,0,0,0,0,0,0,0,0,0,0,0,0,0,0,0,0,0,0,0,0,0,0,0,0,0,0,0,0,0,0,0,0,0,0,0,0,0,0,0,0,0,0,0,0,0,0,0,0,0,0,0,0,0,0,0,0,0,0,0,0,0,0,0,0,0,0,0,0,0,0,0,0,0,0,0,0,0,0,0,0,0,0,0,0,0,0,0,0,0,0,0,0,0,0,0,0,0,0,0,0,0,0,0
801051050,357,535,149,13,1057,309,105,1464,52,30,15,6,99,102,14,222,25,25,16,0,66,48,8,122,74,58,26,4,160,152,24,339,9,0,3,0,15,56,3,73,0,0,0,0,0,0,0,0,35,0,0,0,34,80,0,119,0,0,0,0,0,0,0,0,0,4,0,0,3,7,4,13,43,3,5,0,59,143,5,204,0,0,0,0,0,0,0,0,0,0,0,0,0,0,0,0,0,0,0,0,0,0,0,0,0,0,0,0,0,0,0,0,0,0,0,0,0,0,0,0,0,0,4,0,4,3,0,5,473,599,189,20,1277,604,136,2018
801051051,50,48,5,0,102,20,44,165,18,9,4,0,31,41,12,82,117,40,17,3,176,148,75,398,137,52,22,3,207,188,79,478,112,18,10,3,143,197,58,400,198,37,31,12,270,289,121,692,362,57,33,6,461,523,116,1095,163,29,9,5,198,271,74,539,0,0,0,0,0,0,0,0,838,144,75,26,1076,1285,372,2728,0,0,0,0,0,0,0,0,0,0,0,0,0,0,0,0,0,0,0,0,0,0,0,0,0,0,0,0,0,0,0,0,0,0,0,0,0,0,0,0,3,0,0,0,3,0,0,8,1024,233,104,25,1393,1494,499,3380
801051053,0,0,0,0,0,0,0,0,0,0,0,0,0,0,0,0,0,0,0,0,0,0,0,0,0,0,0,0,0,0,0,0,58,7,6,0,68,61,27,155,6,0,0,0,6,0,0,6,91,6,0,0,97,83,24,209,481,84,50,19,638,648,137,1416,0,0,0,0,0,0,0,0,635,102,52,16,810,794,189,1788,0,0,0,0,0,0,0,0,0,0,0,0,0,0,0,0,0,0,0,0,0,0,0,0,0,0,0,0,0,0,0,0,0,0,0,0,0,0,0,0,0,0,0,0,0,0,0,6,637,105,52,16,809,798,184,1796
801051054,87,131,40,8,267,82,68,423,5,0,3,0,9,7,7,22,70,63,37,0,172,68,45,284,73,63,33,5,179,80,50,308,53,10,0,0,66,106,14,188,15,7,5,0,24,22,11,61,149,36,19,7,217,187,55,456,0,0,0,0,0,0,0,0,0,0,0,0,3,0,0,6,226,58,20,7,316,312,76,704,0,0,0,0,0,0,0,0,0,0,0,0,0,0,0,0,0,0,0,0,0,0,0,0,0,0,0,0,0,0,0,0,0,0,0,0,0,0,0,0,0,0,0,0,0,0,0,0,393,252,97,20,763,478,197,1431
801051055,262,394,107,20,775,207,115,1092,26,23,13,0,62,48,9,125,36,34,12,4,81,39,18,137,64,59,23,4,147,85,26,261,52,16,12,0,81,97,12,188,0,4,0,0,5,16,0,20,15,0,4,0,20,27,0,47,0,0,0,0,0,0,0,0,3,3,0,0,10,7,0,19,70,18,20,0,110,151,12,274,0,0,0,0,0,0,0,0,0,0,0,0,0,0,0,0,0,0,0,0,0,0,0,0,0,0,0,0,0,0,0,0,0,0,0,0,0,0,0,0,0,0,0,0,0,0,0,0,395,472,146,25,1034,442,152,1626
801051056,220,391,83,9,703,164,31,900,24,24,11,0,58,72,7,138,7,13,10,0,28,8,0,35,26,35,21,0,88,80,12,170,9,7,5,0,19,25,0,43,12,6,0,0,32,36,3,62,0,0,0,0,0,0,0,0,0,0,0,0,0,0,0,0,0,0,0,0,0,0,0,0,20,19,7,0,46,59,3,109,0,0,0,0,0,0,0,0,0,0,0,0,0,0,0,0,0,0,0,0,0,0,0,0,0,0,0,0,0,0,0,0,0,0,0,0,0,0,0,0,0,0,0,0,0,0,0,0,270,439,110,13,833,304,46,1181
801051057,194,198,76,9,471,147,57,675,46,43,27,0,119,136,22,275,188,117,42,15,364,208,65,628,235,156,72,17,484,339,84,903,34,18,12,0,72,141,20,233,45,24,3,3,79,88,16,182,65,7,3,3,81,103,30,213,106,20,13,4,140,126,34,296,0,0,0,0,0,0,0,4,255,68,39,9,366,463,91,921,0,0,0,0,0,0,0,0,0,0,0,0,0,0,0,0,0,0,0,0,0,0,0,0,0,0,0,0,0,0,0,0,0,0,0,0,0,0,0,0,0,0,0,0,0,4,0,3,681,427,183,38,1321,950,237,2514
801051058,362,540,138,21,1062,263,164,1486,46,33,19,0,99,93,27,209,43,18,10,0,79,49,10,134,94,49,30,0,173,135,33,353,57,15,19,0,96,91,28,217,44,18,7,0,74,95,28,195,0,0,0,0,0,0,0,0,0,0,0,0,0,0,0,0,0,0,0,0,4,4,0,9,104,37,25,4,171,190,51,416,0,0,0,0,0,0,0,0,0,0,0,0,0,0,0,0,0,0,0,0,0,0,0,0,0,0,0,0,0,0,0,0,0,0,0,0,0,0,0,0,0,0,0,0,0,0,0,0,563,625,193,26,1407,592,258,2253
801051060,81,90,18,3,188,43,34,268,17,21,5,0,46,24,15,76,72,48,10,0,131,50,34,216,91,63,19,0,171,75,52,295,47,13,0,0,59,93,16,174,173,32,24,9,236,287,93,615,80,23,12,4,115,100,41,253,168,32,18,9,231,217,85,526,0,0,0,0,0,4,0,4,459,95,59,22,635,698,232,1565,0,0,0,0,0,0,0,0,0,0,0,0,0,0,0,0,0,0,0,0,0,0,0,0,0,0,0,0,0,0,0,0,0,0,0,0,0,0,0,0,0,0,0,0,0,4,0,5,631,246,90,24,1003,824,315,2138
801051061,360,592,171,15,1142,318,76,1539,16,15,5,0,30,32,4,71,217,143,69,8,437,213,62,713,228,162,74,14,478,248,68,784,41,15,13,0,72,96,11,183,20,10,5,0,40,59,9,108,8,3,0,0,11,8,3,19,0,0,0,0,0,0,0,0,13,0,4,0,15,4,0,18,76,34,26,5,132,167,21,327,0,0,0,0,0,0,0,0,0,0,0,0,0,0,0,0,0,0,0,0,0,0,0,0,0,0,0,0,0,0,0,0,0,0,0,0,0,0,0,0,7,0,0,0,5,0,0,7,665,785,267,34,1759,730,165,2658
801051123,0,0,0,0,0,0,0,0,0,0,0,0,0,0,0,0,0,0,0,0,0,0,0,0,0,0,0,0,0,0,0,0,0,0,0,0,0,0,0,0,0,0,0,0,0,0,0,0,0,0,0,0,0,0,0,0,0,0,0,0,0,0,0,0,0,0,0,0,0,0,0,0,0,0,0,0,0,0,0,0,0,0,0,0,0,0,0,0,0,0,0,0,0,0,0,0,0,0,0,0,0,0,0,0,0,0,0,0,0,0,0,0,0,0,0,0,0,0,0,0,0,0,0,0,0,0,0,0,0,0,0,0,0,0,0,0
801051124,270,334,49,4,664,142,65,871,14,5,3,0,20,45,5,68,49,30,14,0,91,40,12,146,61,32,16,0,115,84,14,213,5,0,0,0,7,13,0,24,24,5,0,0,26,73,6,110,81,22,8,0,109,104,22,233,137,58,15,3,212,153,31,387,0,0,0,0,0,0,0,0,243,86,25,4,351,343,56,755,0,0,0,0,0,0,0,0,0,0,0,0,0,0,0,0,0,0,0,0,0,0,0,0,0,0,0,0,0,0,0,0,0,0,0,0,0,0,0,0,0,0,0,0,0,3,0,3,572,458,90,13,1136,567,134,1838
801051125,53,63,5,0,123,12,6,137,4,3,0,0,7,0,0,7,0,0,0,0,0,0,0,0,4,3,0,0,7,0,0,7,0,0,0,0,0,0,0,0,0,0,0,0,0,0,0,0,0,0,0,0,0,0,0,0,0,0,0,0,0,0,0,0,0,0,0,0,0,0,0,0,0,0,0,0,0,0,0,0,0,0,0,0,0,0,0,0,0,0,0,0,0,0,0,0,0,0,0,0,0,0,0,0,0,0,0,0,0,0,0,0,0,0,0,0,0,0,0,0,0,0,0,0,0,0,0,0,56,66,5,0,126,12,6,144
801051126,0,0,0,0,0,0,0,0,0,0,0,0,0,0,0,0,0,0,0,0,0,0,0,0,0,0,0,0,0,0,0,0,0,0,0,0,0,0,0,0,0,0,0,0,0,0,0,0,0,0,0,0,0,0,0,0,0,0,0,0,0,0,0,0,0,0,0,0,0,0,0,0,0,0,0,0,0,0,0,0,0,0,0,0,0,0,0,0,0,0,0,0,0,0,0,0,0,0,0,0,0,0,0,0,0,0,0,0,0,0,0,0,0,0,0,0,0,0,0,0,0,0,0,0,0,0,0,0,0,0,0,0,0,0,0,0
801051127,102,67,12,0,186,48,25,252,5,0,0,0,0,5,0,7,36,24,13,6,76,48,23,145,40,23,13,6,76,50,23,153,12,4,0,0,14,61,4,84,0,0,0,0,4,19,3,24,20,8,4,0,33,63,12,106,20,5,0,0,23,37,6,66,0,0,0,0,0,0,0,0,47,14,7,3,77,183,32,288,0,0,0,0,0,0,0,0,0,0,0,0,0,0,0,0,0,0,0,0,0,0,0,0,0,0,0,0,0,0,0,0,0,0,0,0,0,0,0,0,0,0,0,0,0,0,0,0,191,106,31,7,334,285,75,697
801051128,0,0,0,0,0,0,0,0,0,0,0,0,0,0,0,0,0,0,0,0,0,0,0,0,0,0,0,0,0,0,0,0,0,0,0,0,0,0,0,0,0,0,0,0,0,0,0,0,0,0,0,0,0,0,0,0,0,0,0,0,0,0,0,0,0,0,0,0,0,0,0,0,0,0,0,0,0,0,0,0,0,0,0,0,0,0,0,0,0,0,0,0,0,0,0,0,0,0,0,0,0,0,0,0,0,0,0,0,0,0,0,0,0,0,0,0,0,0,0,0,0,0,0,0,0,0,0,0,0,0,0,0,0,0,0,0
801061062,241,339,72,5,659,141,30,821,11,8,3,0,24,28,3,58,37,21,14,0,65,85,0,158,47,27,20,0,97,118,3,218,13,3,4,0,20,20,4,37,13,9,0,0,15,23,0,38,33,4,0,0,37,49,0,89,0,0,0,0,0,0,0,0,0,0,0,0,0,0,0,0,57,16,4,0,75,86,5,168,0,0,0,0,0,0,0,0,0,0,0,0,0,0,0,0,0,0,0,0,0,0,0,0,0,0,0,0,0,0,0,0,0,0,0,0,0,0,0,0,0,0,0,0,0,0,0,0,341,388,95,5,826,345,40,1209
801061063,103,128,17,0,259,30,5,287,10,0,3,0,15,14,0,29,42,21,5,0,65,27,0,97,54,19,10,0,82,45,0,133,3,0,0,0,3,3,0,4,81,25,7,3,116,82,14,209,47,12,10,0,72,67,14,154,0,0,0,0,0,0,0,0,0,0,0,0,0,0,0,0,133,35,19,4,187,152,22,366,0,0,0,0,0,0,0,0,0,0,0,0,0,0,0,0,0,0,0,0,0,0,0,0,0,0,0,0,0,0,0,0,0,0,0,0,0,0,0,0,0,0,0,0,3,0,0,7,292,187,39,7,528,231,34,786
801061064,251,366,66,4,684,126,17,826,14,12,5,0,36,36,4,70,50,27,10,4,91,81,13,183,63,33,18,4,126,110,14,249,65,17,9,4,97,96,9,204,114,32,25,6,181,210,30,425,171,67,30,3,269,290,54,612,0,0,0,0,0,0,0,0,0,0,0,0,0,0,0,0,354,119,65,11,548,596,95,1238,0,0,0,0,0,0,0,0,0,0,0,0,0,0,0,0,0,0,0,0,0,0,0,0,0,0,0,0,0,0,0,0,0,0,0,0,0,0,0,0,0,0,0,0,0,4,0,5,667,517,150,20,1359,828,130,2319
801061066,0,0,0,0,0,0,0,0,0,0,0,0,0,0,0,0,0,0,0,0,0,0,0,0,0,0,0,0,0,0,0,0,0,0,0,0,0,0,0,0,0,0,0,0,0,0,0,0,0,0,0,0,0,0,0,0,0,0,0,0,0,0,0,0,0,0,0,0,0,0,0,0,0,0,0,0,0,0,0,0,0,0,0,0,0,0,0,0,0,0,0,0,0,0,0,0,0,0,0,0,0,0,0,0,0,0,0,0,0,0,0,0,0,0,0,0,0,0,0,0,0,0,0,0,0,0,0,0,0,0,0,0,0,0,0,0
801061067,363,602,183,19,1165,426,78,1669,65,22,16,0,105,58,3,166,34,29,17,0,78,56,3,141,98,49,36,0,180,113,7,311,106,76,43,4,226,181,31,431,3,0,9,0,10,23,0,34,0,0,0,0,0,0,0,0,0,0,0,0,0,0,0,0,0,0,0,0,0,0,0,0,103,75,50,4,239,198,29,467,0,0,0,0,0,0,0,0,0,0,0,0,0,0,0,0,0,0,0,0,0,0,0,0,0,0,0,0,0,0,0,0,0,0,0,0,0,0,0,0,0,0,0,0,0,0,0,0,569,734,265,24,1586,743,119,2446
801061068,0,0,0,0,0,0,0,0,0,0,0,0,0,0,0,0,0,0,0,0,0,0,0,0,0,0,0,0,0,0,0,0,0,0,0,0,0,0,0,0,0,0,0,0,0,0,0,0,0,0,0,0,0,0,0,0,0,0,0,0,0,0,0,0,0,0,0,0,0,0,0,0,0,0,0,0,0,0,0,0,0,0,0,0,0,0,0,0,0,0,0,0,0,0,0,0,0,0,0,0,0,0,0,0,0,0,0,0,0,0,0,0,0,0,0,0,0,0,0,0,0,0,0,0,0,0,0,0,0,0,0,0,0,0,0,0
801061069,218,390,58,9,673,113,23,800,5,0,0,0,4,3,0,12,8,25,3,0,41,15,6,62,9,23,8,0,43,19,6,74,22,20,8,0,54,48,10,107,4,5,4,0,11,17,0,29,0,0,0,0,0,0,0,0,0,0,0,0,0,0,0,0,0,0,0,0,0,0,0,0,29,22,13,0,69,62,11,135,0,0,0,0,0,0,0,0,0,0,0,0,0,0,0,0,0,0,0,0,0,0,0,0,0,0,0,0,0,0,0,0,0,0,0,0,0,0,0,0,0,0,0,0,0,0,0,0,254,435,81,6,784,195,40,1011
801061070,276,296,50,7,624,160,23,803,29,13,0,0,44,43,0,87,103,42,20,0,164,68,9,245,133,56,25,0,213,114,9,337,12,5,0,0,14,24,0,48,0,0,0,0,0,3,0,7,10,10,0,0,18,22,0,36,0,0,0,0,0,0,0,0,0,0,0,0,0,0,0,0,22,10,0,0,35,50,4,92,0,0,0,0,0,0,0,0,0,0,0,0,0,0,0,0,0,0,0,0,0,0,0,0,0,0,0,0,0,0,0,0,0,0,0,0,0,0,0,0,3,4,0,0,7,0,0,7,433,368,73,7,881,328,32,1233
801061129,25,23,3,0,45,7,4,59,4,0,0,0,4,0,0,4,9,4,0,0,17,11,4,25,11,4,0,0,19,11,4,28,5,0,0,0,8,10,0,24,37,9,4,3,52,49,3,102,141,34,11,4,193,218,19,432,57,13,5,0,77,68,4,148,45,7,3,0,62,75,12,143,286,71,26,10,386,424,45,857,0,0,0,0,0,0,0,0,0,0,0,0,0,0,0,0,0,0,0,0,0,0,0,0,0,0,0,0,0,0,0,0,0,0,0,0,0,0,0,0,0,0,0,0,0,0,0,0,322,99,30,10,452,437,49,943
801061130,3,0,0,0,7,6,0,10,0,0,0,0,0,0,0,0,0,0,0,0,0,0,0,0,0,0,0,0,0,0,0,0,0,0,0,0,0,0,0,0,0,0,0,0,0,0,0,0,0,0,0,0,0,0,0,0,0,0,0,0,0,0,0,0,0,0,0,0,0,0,0,0,0,0,0,0,0,0,0,0,0,0,0,0,0,0,0,0,0,0,0,0,0,0,0,0,0,0,0,0,0,0,0,0,0,0,0,0,0,0,0,0,0,0,0,0,0,0,0,0,0,0,0,0,0,4,0,4,3,0,0,0,7,4,0,11
801061131,26,25,22,0,70,20,0,99,4,4,3,0,11,11,0,16,72,41,11,6,126,58,10,196,76,48,17,6,132,66,10,212,21,6,6,0,34,26,3,64,212,91,55,7,364,285,87,737,695,178,105,4,983,1057,135,2180,0,0,0,0,0,0,0,0,0,0,0,0,0,0,0,0,920,282,160,16,1380,1374,224,2980,0,0,0,0,0,0,0,0,0,0,0,0,0,0,0,0,0,0,0,0,0,0,0,0,0,0,0,0,0,0,0,0,0,0,0,0,0,0,0,0,0,0,0,0,0,0,0,0,1019,354,202,20,1591,1462,238,3293
801071071,333,619,194,6,1160,232,12,1404,57,80,34,0,181,82,9,267,3,13,4,0,26,9,3,34,62,95,48,0,206,95,11,307,10,11,10,0,35,24,0,63,0,0,0,0,0,0,0,0,0,0,0,0,0,0,0,0,0,0,0,0,0,0,0,0,0,0,0,0,0,0,0,0,14,11,10,0,37,24,0,65,0,0,0,0,0,0,0,0,0,0,0,0,0,0,0,0,0,0,0,0,0,0,0,0,0,0,0,0,0,0,0,0,0,0,0,0,0,0,0,0,0,0,0,0,0,0,0,0,415,726,249,6,1396,350,25,1772
801071072,216,361,110,16,700,140,18,856,11,5,11,0,35,67,0,94,61,77,69,0,211,106,17,328,72,82,82,4,242,164,17,428,38,33,19,0,93,67,3,157,0,0,0,0,0,0,0,0,0,0,0,0,0,0,0,0,0,0,0,0,0,0,0,0,0,0,0,0,0,0,0,0,38,33,19,0,93,71,3,162,0,0,0,0,0,0,0,0,0,0,0,0,0,0,0,0,0,0,0,0,0,0,0,0,0,0,0,0,0,0,0,0,0,0,0,0,0,0,0,0,0,0,0,0,0,0,0,0,323,475,215,22,1035,370,37,1443
801071073,478,730,196,23,1426,290,38,1751,38,32,38,0,119,76,14,198,0,0,0,0,8,6,3,12,44,33,41,6,123,76,13,213,9,11,11,0,31,19,0,53,0,0,0,0,0,0,0,0,0,0,0,0,0,0,0,0,0,0,0,0,0,0,0,0,0,0,0,0,0,0,0,0,9,11,11,0,31,19,0,53,0,0,0,0,0,0,0,0,0,0,0,0,0,0,0,0,0,0,0,0,0,0,0,0,0,0,0,0,0,0,0,0,0,0,0,0,0,0,0,0,0,0,0,0,0,0,0,0,529,777,246,21,1577,386,50,2018
801071074,487,682,220,17,1399,347,38,1784,5,6,4,0,10,27,0,32,4,0,3,0,10,8,4,24,7,8,4,0,20,41,4,59,0,0,0,0,0,9,0,11,0,0,0,0,0,0,0,0,0,0,0,0,0,0,0,0,0,0,0,0,0,0,0,0,3,0,0,0,6,0,0,6,4,0,0,0,10,9,0,18,0,0,0,0,0,0,0,0,0,0,0,0,0,0,0,0,0,0,0,0,0,0,0,0,0,0,0,0,0,0,0,0,0,0,0,0,0,0,0,0,0,0,0,0,0,0,0,0,491,688,231,19,1427,390,40,1862
801071075,361,661,185,8,1224,173,16,1415,26,12,23,0,57,65,6,128,22,18,9,0,45,13,0,56,46,24,33,0,102,78,3,185,34,29,20,0,84,65,4,154,0,0,0,0,0,0,0,0,0,0,0,0,0,0,0,0,0,0,0,0,0,0,0,0,0,0,0,0,0,0,0,0,34,29,20,0,84,65,4,154,0,0,0,0,0,0,0,0,0,0,0,0,0,0,0,0,0,0,0,0,0,0,0,0,0,0,0,0,0,0,0,0,0,0,0,0,0,0,0,0,0,0,0,0,0,0,0,0,441,722,238,9,1411,318,21,1753
801071076,332,456,81,8,872,119,14,1005,0,0,0,0,0,0,0,0,7,4,0,0,13,3,0,19,7,4,0,0,13,3,0,19,6,0,0,0,9,5,0,14,0,0,0,0,0,0,0,0,0,0,0,0,0,0,0,0,0,0,0,0,0,0,0,0,0,0,0,0,0,0,0,0,6,0,0,0,9,5,0,14,0,0,0,0,0,0,0,0,0,0,0,0,0,0,0,0,0,0,0,0,0,0,0,0,0,0,0,0,0,0,0,0,0,0,0,0,0,0,0,0,0,0,0,0,0,0,0,0,347,461,85,8,894,133,13,1039
801071077,248,351,116,3,722,146,11,878,8,9,12,0,27,22,5,53,8,4,0,0,10,6,0,17,13,12,12,0,39,25,3,68,0,0,0,0,0,0,0,0,0,0,0,0,0,0,0,0,0,0,0,0,0,0,0,0,0,0,0,0,0,0,0,0,0,3,0,0,3,0,0,0,0,3,0,0,3,0,0,0,0,0,0,0,0,0,0,0,0,0,0,0,0,0,0,0,0,0,0,0,0,0,0,0,0,0,0,0,0,0,0,0,0,0,0,0,0,0,0,0,0,0,0,0,0,0,0,0,265,368,129,3,765,177,11,948
801071078,540,906,231,17,1696,263,31,1987,176,119,139,4,434,308,12,752,17,20,16,0,52,34,10,92,196,132,157,8,485,336,19,846,3,4,0,0,7,32,0,36,0,0,0,0,0,0,0,0,0,0,0,0,0,0,0,0,0,0,0,0,0,0,0,0,0,0,0,0,0,0,0,0,3,4,0,0,7,32,0,36,0,0,0,0,0,0,0,0,0,0,0,0,0,0,0,0,0,0,0,0,0,0,0,0,0,0,0,0,0,0,0,0,0,0,0,0,0,0,0,0,0,0,0,0,0,5,0,5,739,1040,385,29,2191,633,50,2874
801071079,335,427,131,6,908,168,18,1092,0,0,0,0,0,0,0,0,0,0,5,0,8,9,0,11,0,0,5,0,8,6,0,8,0,0,0,0,0,0,0,0,0,0,0,0,0,0,0,0,0,0,0,0,0,0,0,0,0,0,0,0,0,0,0,0,0,0,0,0,0,0,0,0,0,0,0,0,0,0,0,0,0,0,0,0,0,0,0,0,0,0,0,0,0,0,0,0,0,0,0,0,0,0,0,0,0,0,0,0,0,0,0,0,0,0,0,0,0,0,0,0,0,0,0,0,0,0,0,4,342,427,134,6,911,171,22,1106
801071080,25,11,0,0,35,19,0,54,98,43,54,5,195,136,10,349,111,81,50,4,248,90,25,364,207,121,104,8,444,231,39,709,57,32,17,0,110,38,8,157,42,17,12,3,73,73,8,157,140,51,42,3,237,295,17,549,119,40,30,8,196,255,13,459,0,0,0,0,0,0,0,0,355,144,103,10,616,663,45,1320,0,0,0,0,0,0,0,0,0,0,0,0,0,0,0,0,0,0,0,0,0,0,0,0,0,0,0,0,0,0,0,0,0,0,0,0,0,0,0,0,0,0,0,0,0,0,0,0,585,280,218,21,1102,907,81,2088
801071081,303,506,163,13,985,198,24,1211,93,62,45,4,208,177,11,394,0,0,0,0,0,0,0,0,93,62,45,4,208,177,11,394,0,0,0,0,0,0,0,0,0,0,0,0,0,0,0,0,0,0,0,0,0,0,0,0,0,0,0,0,0,0,0,0,0,0,0,0,0,0,0,0,0,0,0,0,0,0,0,0,0,0,0,0,0,0,0,0,0,0,0,0,0,0,0,0,0,0,0,0,0,0,0,0,0,0,0,0,0,0,0,0,0,0,0,0,0,0,0,0,0,0,0,0,0,0,0,0,394,573,213,15,1198,376,37,1613
801071082,1460,1771,640,53,3921,921,105,4953,143,78,84,5,314,330,29,662,19,16,16,3,58,50,8,111,163,97,103,13,367,380,32,777,6,0,7,0,15,62,0,80,0,0,0,0,0,18,0,15,0,0,0,0,0,0,0,0,0,0,0,0,0,0,0,0,3,5,4,0,7,6,0,19,12,4,8,4,28,85,3,114,0,0,0,0,0,0,0,0,0,0,0,0,0,0,0,0,0,0,0,0,0,0,0,0,0,0,0,0,0,0,0,0,0,0,0,0,0,0,0,0,0,0,0,0,0,0,0,4,1630,1868,752,70,4321,1387,146,5852
801071083,145,226,45,0,415,53,3,475,4,3,0,0,3,8,0,14,0,0,0,0,0,0,0,0,4,3,0,0,3,8,0,14,0,0,0,0,0,0,0,0,0,0,0,0,0,0,0,0,0,0,0,0,0,0,0,0,0,0,0,0,0,0,0,0,0,0,0,0,0,0,0,0,0,0,0,0,0,0,0,0,0,0,0,0,0,0,0,0,0,0,0,0,0,0,0,0,0,0,0,0,0,0,0,0,0,0,0,0,0,0,0,0,0,0,0,0,0,0,0,0,0,0,0,0,0,0,0,0,148,225,44,0,417,64,3,488
801071084,522,640,193,24,1378,420,31,1826,39,15,20,0,75,84,3,162,19,21,21,0,66,28,0,98,51,40,45,0,138,116,10,259,0,0,0,0,0,0,0,0,3,3,0,0,8,20,0,29,0,0,0,0,0,0,0,0,0,0,0,0,0,0,0,0,0,0,0,0,0,0,0,0,4,4,0,0,13,20,0,29,0,0,0,0,0,0,0,0,0,0,0,0,0,0,0,0,0,0,0,0,0,0,0,0,0,0,0,0,0,0,0,0,0,0,0,0,0,0,0,0,3,0,0,0,3,4,0,8,582,685,239,21,1531,552,39,2122
801071085,0,0,0,0,0,0,0,0,0,0,0,0,0,0,0,0,0,0,0,0,0,0,0,0,0,0,0,0,0,0,0,0,0,0,0,0,0,0,0,0,0,0,0,0,0,0,0,0,0,0,0,0,0,0,0,0,0,0,0,0,0,0,0,0,0,0,0,0,0,0,0,0,0,0,0,0,0,0,0,0,0,0,0,0,0,0,0,0,0,0,0,0,0,0,0,0,0,0,0,0,0,0,0,0,0,0,0,0,0,0,0,0,0,0,0,0,0,0,0,0,0,0,0,0,0,0,0,0,0,0,0,0,0,0,0,0
801071086,173,210,63,8,456,93,9,554,8,8,11,0,25,21,0,45,0,0,0,0,0,0,0,0,8,8,11,0,25,21,0,45,0,0,0,0,0,0,0,0,0,0,0,0,0,0,0,0,0,0,0,0,0,0,0,0,0,0,0,0,0,0,0,0,0,0,0,0,0,0,0,0,0,0,0,0,0,0,0,0,0,0,0,0,0,0,0,0,0,0,0,0,0,0,0,0,0,0,0,0,0,0,0,0,0,0,0,0,0,0,0,0,0,0,0,0,0,0,0,0,0,0,0,0,0,0,0,0,180,216,73,8,480,121,10,606
801071087,258,359,170,20,804,236,21,1065,0,6,12,0,22,10,0,31,4,3,0,0,9,6,0,13,5,9,7,0,25,19,0,45,0,0,0,0,0,0,0,0,0,0,0,0,0,0,0,0,0,0,0,0,0,0,0,0,0,0,0,0,0,0,0,0,0,0,0,0,0,0,0,3,0,0,0,0,0,0,0,3,0,0,0,0,0,0,0,0,0,0,0,0,0,0,0,0,0,0,0,0,0,0,0,0,0,0,0,0,0,0,0,0,0,0,0,0,0,0,0,0,0,0,0,0,0,0,0,0,260,371,182,19,831,254,27,1108
801071088,323,524,153,8,1011,210,29,1252,9,5,17,0,29,27,0,59,4,0,0,0,9,0,0,10,11,9,15,0,41,31,0,64,0,0,0,0,0,0,0,0,0,0,0,0,0,0,0,0,0,0,0,0,0,0,0,0,0,0,0,0,0,0,0,0,0,0,0,0,0,0,0,0,0,0,0,0,0,0,0,0,0,0,0,0,0,0,0,0,0,0,0,0,0,0,0,0,0,0,0,0,0,0,0,0,0,0,0,0,0,0,0,0,0,0,0,0,0,0,0,0,0,0,0,0,0,0,0,0,337,533,170,8,1051,243,26,1320
801071089,0,0,0,0,4,3,0,11,0,0,0,0,0,0,0,0,0,0,0,0,0,0,0,0,0,0,0,0,0,0,0,0,0,0,0,0,0,0,0,0,0,0,0,0,0,0,0,0,0,0,0,0,0,0,0,0,0,0,0,0,0,0,0,0,0,0,0,0,0,0,0,0,0,0,0,0,0,0,0,0,0,0,0,0,0,0,0,0,0,0,0,0,0,0,0,0,0,0,0,0,0,0,0,0,0,0,0,0,0,0,0,0,0,0,0,0,0,0,0,0,0,0,0,0,0,0,0,0,0,0,0,0,4,3,0,14
801071090,790,967,288,24,2066,481,56,2600,19,7,8,6,39,77,8,130,27,17,21,0,63,79,3,147,48,31,32,0,109,155,8,274,3,0,6,0,7,7,0,15,0,0,0,0,0,0,0,0,0,0,0,0,0,0,0,0,0,0,0,0,0,0,0,0,0,0,3,0,3,4,0,5,3,0,6,0,12,15,0,23,0,0,0,0,0,0,0,0,0,0,0,0,0,0,0,0,0,0,0,0,0,0,0,0,0,0,0,0,0,0,0,0,0,0,0,0,0,0,0,0,0,0,0,0,0,0,0,0,833,993,324,28,2182,651,64,2897
801071132,0,0,0,0,0,0,0,0,0,0,0,0,0,0,0,0,0,0,0,0,0,0,0,0,0,0,0,0,0,0,0,0,0,0,0,0,0,0,0,0,0,0,0,0,0,0,0,0,0,0,0,0,0,0,0,0,0,0,0,0,0,0,0,0,0,0,0,0,0,0,0,0,0,0,0,0,0,0,0,0,0,0,0,0,0,0,0,0,0,0,0,0,0,0,0,0,0,0,0,0,0,0,0,0,0,0,0,0,0,0,0,0,0,0,0,0,0,0,0,0,0,0,0,0,0,0,0,0,0,0,0,0,0,0,0,0
801081091,318,386,86,7,791,120,3,920,10,4,9,0,29,44,3,77,0,0,0,0,3,0,0,7,13,5,9,0,32,46,3,81,3,3,0,0,7,3,0,10,3,0,0,0,5,4,0,16,0,0,0,0,0,0,0,0,0,0,0,0,0,0,0,0,0,0,0,0,5,0,0,5,10,6,0,0,16,13,0,30,0,0,0,0,0,0,0,0,0,0,0,0,0,0,0,0,0,0,0,0,0,0,0,0,0,0,0,0,0,0,0,0,0,0,0,0,0,0,0,0,0,0,0,0,0,0,0,0,341,396,96,4,836,175,12,1023
801081092,312,443,120,5,878,181,20,1076,10,8,11,4,35,47,0,81,6,3,0,0,12,8,4,19,18,14,11,4,41,52,8,97,4,9,7,4,18,14,10,46,0,0,0,0,0,0,0,0,0,0,0,0,0,0,0,0,0,0,0,0,0,0,0,0,0,0,3,0,6,0,0,6,6,9,8,4,24,18,10,51,0,0,0,0,0,0,0,0,0,0,0,0,0,0,0,0,0,0,0,0,0,0,0,0,0,0,0,0,0,0,0,0,0,0,0,0,0,0,0,0,0,0,0,0,0,0,0,0,332,461,140,16,951,251,38,1231
801081093,259,401,103,11,773,201,23,1002,9,11,3,0,21,16,0,38,6,5,9,0,23,9,0,33,19,18,9,0,42,33,0,69,21,0,0,0,21,79,0,96,0,0,0,0,0,0,0,0,0,0,0,0,0,0,0,0,0,0,0,0,0,0,0,0,4,8,3,0,17,25,0,45,26,8,3,0,42,104,0,139,0,0,0,0,0,0,0,0,0,0,0,0,0,0,0,0,0,0,0,0,0,0,0,0,0,0,0,0,0,0,0,0,0,0,0,0,0,0,0,0,0,0,0,0,0,0,0,0,304,417,115,11,855,335,26,1213
801081094,251,304,95,3,664,138,12,815,49,26,22,5,97,86,5,192,0,4,0,0,3,8,6,18,49,23,19,5,101,99,10,212,12,6,6,0,26,31,4,62,0,0,0,0,0,0,0,0,0,0,0,0,0,0,0,0,0,0,0,0,0,0,0,0,0,0,0,0,0,6,0,4,17,6,6,0,30,33,4,66,0,0,0,0,0,0,0,0,0,0,0,0,0,0,0,0,0,0,0,0,0,0,0,0,0,0,0,0,0,0,0,0,0,0,0,0,0,0,0,0,0,0,0,0,0,0,0,0,317,344,122,8,789,272,24,1092
801081095,315,396,141,9,859,227,22,1111,28,3,14,0,46,97,4,145,0,3,7,0,14,9,0,19,30,7,21,4,61,106,4,166,0,0,0,0,0,0,0,0,0,0,0,0,0,0,0,0,0,0,0,0,0,0,0,0,0,0,0,0,0,0,0,0,0,0,0,0,4,0,0,3,0,0,0,0,4,0,0,3,0,0,0,0,0,0,0,0,0,0,0,0,0,0,0,0,0,0,0,0,0,0,0,0,0,0,0,0,0,0,0,0,0,0,0,0,0,0,0,0,0,0,0,0,0,0,0,0,345,411,163,15,924,331,25,1278
801081096,194,239,73,6,507,110,15,634,18,20,6,0,52,75,4,126,0,0,0,0,3,0,0,5,18,20,12,0,53,74,4,128,0,0,0,0,0,0,0,0,0,0,0,0,0,0,0,0,0,0,0,0,0,0,0,0,0,0,0,0,0,0,0,0,0,0,0,0,0,3,0,7,0,0,0,0,0,3,0,7,0,0,0,0,0,0,0,0,0,0,0,0,0,0,0,0,0,0,0,0,0,0,0,0,0,0,0,0,0,0,0,0,0,0,0,0,0,0,0,0,0,0,0,0,0,0,0,0,216,259,84,8,567,187,17,770
801081097,227,323,89,5,645,165,23,829,19,13,7,3,36,104,8,148,18,9,18,0,43,24,0,67,33,19,20,3,81,123,3,210,0,0,0,0,0,0,0,0,0,0,0,0,0,0,0,0,0,0,0,0,0,0,0,0,0,0,0,0,0,0,0,0,5,9,0,0,12,14,0,28,5,9,0,0,12,14,0,28,0,0,0,0,0,0,0,0,0,0,0,0,0,0,0,0,0,0,0,0,0,0,0,0,0,0,0,0,0,0,4,4,0,0,0,0,0,0,4,4,0,0,0,0,0,0,0,0,266,353,115,14,740,296,31,1073
801081098,326,431,103,9,871,194,27,1091,50,23,10,6,79,66,0,151,29,25,26,0,83,62,11,153,72,48,38,5,162,129,12,308,7,0,3,0,11,55,4,63,0,0,0,0,0,0,0,0,0,0,0,0,0,0,0,0,0,0,0,0,0,0,0,0,0,0,0,0,0,5,0,5,7,3,3,0,12,53,5,68,0,0,0,0,0,0,0,0,0,0,0,0,0,0,0,0,0,0,0,0,0,0,0,0,0,0,0,0,0,0,0,0,0,0,0,0,0,0,0,0,0,0,0,0,0,0,0,0,409,484,141,14,1048,381,45,1469
801081133,0,0,0,0,0,0,0,3,0,0,0,0,0,0,0,0,0,0,0,0,0,0,0,0,0,0,0,0,0,0,0,0,0,0,0,0,0,0,0,0,0,0,0,0,0,0,0,0,0,0,0,0,0,0,0,0,0,0,0,0,0,0,0,0,0,0,0,0,0,0,0,0,0,0,0,0,0,0,0,0,0,0,0,0,0,0,0,0,0,0,0,0,0,0,0,0,0,0,0,0,0,0,0,0,0,0,0,0,0,0,0,0,0,0,0,0,0,0,0,0,0,0,0,0,0,0,0,0,0,0,0,0,0,0,0,3
801091099,192,254,72,9,524,167,31,719,21,14,5,5,43,36,9,83,51,26,10,6,91,97,10,194,72,38,12,7,133,137,11,282,3,0,0,0,3,3,4,12,9,9,0,3,23,19,6,48,0,0,0,0,0,0,0,0,0,0,0,0,0,0,0,0,0,0,0,0,0,0,0,0,12,11,0,3,24,27,9,61,0,0,0,0,0,0,0,0,0,0,0,0,0,0,0,0,0,0,0,0,0,0,0,0,0,0,0,0,0,0,0,0,0,0,0,0,0,0,0,0,0,0,0,0,0,0,0,0,273,300,93,24,680,328,50,1059
801091100,473,686,157,10,1327,332,32,1696,11,8,7,0,25,26,3,60,5,12,4,0,28,11,3,40,21,21,6,0,51,41,4,99,4,0,0,0,5,14,0,19,58,30,14,5,106,86,12,195,0,0,0,0,0,0,0,0,0,0,0,0,0,0,0,0,3,0,0,0,11,4,0,14,66,34,15,5,119,103,12,229,0,0,0,0,0,0,0,0,0,0,0,0,0,0,0,0,0,0,0,0,0,0,0,0,0,0,0,0,0,0,0,0,0,0,0,0,0,0,0,0,0,0,0,0,0,0,0,4,559,740,183,17,1504,470,50,2023
801091101,285,457,86,11,840,145,20,1002,12,5,3,0,25,38,0,65,32,30,20,0,75,62,7,142,48,35,22,0,107,97,3,209,0,0,0,0,0,0,0,0,4,0,0,0,4,11,0,13,53,0,0,0,54,80,0,138,0,0,0,0,0,0,0,0,0,0,0,0,0,0,0,0,61,0,0,0,65,93,0,152,0,0,0,0,0,0,0,0,0,0,0,0,0,0,0,0,0,0,0,0,0,0,0,0,0,0,0,0,0,0,0,0,0,0,0,0,0,0,0,0,0,0,0,0,0,0,0,0,389,502,109,11,1002,336,23,1368
801091102,222,351,60,9,630,119,13,767,9,4,9,0,17,22,0,42,61,84,27,0,171,64,9,241,62,87,34,0,184,90,9,283,17,19,3,0,39,49,3,92,27,32,12,4,71,37,0,113,0,0,0,0,0,0,0,0,0,0,0,0,0,0,0,0,0,0,0,0,0,4,0,4,43,52,14,4,111,95,3,208,0,0,0,0,0,0,0,0,0,0,0,0,0,0,0,0,0,0,0,0,0,0,0,0,0,0,0,0,0,0,0,0,0,0,0,0,0,0,0,0,0,0,0,0,0,0,0,3,328,491,102,13,932,299,29,1257
801091103,214,374,75,7,670,151,12,831,18,3,0,0,29,23,0,50,20,26,13,0,63,26,8,101,41,33,21,0,91,45,8,149,10,7,6,0,27,30,3,58,12,0,5,4,26,56,0,82,0,0,0,0,0,0,0,0,0,0,0,0,0,0,0,0,0,0,0,0,0,3,0,3,26,10,13,4,53,88,4,149,0,0,0,0,0,0,0,0,0,0,0,0,0,0,0,0,0,0,0,0,0,0,0,0,0,0,0,0,0,0,0,0,0,0,0,0,0,0,0,0,0,0,0,0,0,0,0,0,281,415,102,11,815,290,32,1131
801091104,277,246,63,5,600,149,17,766,34,35,13,4,89,39,4,132,9,6,0,0,12,4,0,20,42,42,20,4,105,40,4,147,0,0,0,0,0,0,0,0,0,0,0,0,0,0,0,0,0,0,0,0,0,0,0,0,0,0,0,0,0,0,0,0,0,0,0,0,0,0,0,0,0,0,0,0,0,0,0,0,0,0,0,0,0,0,0,0,0,0,0,0,0,0,0,0,0,0,0,0,0,0,0,0,0,0,0,0,0,0,0,0,0,0,0,0,0,0,0,0,0,0,0,0,0,0,0,0,318,295,81,13,699,191,24,915
801091105,149,268,90,8,516,153,30,695,19,13,5,0,37,42,7,84,59,36,9,4,107,66,10,190,79,48,15,4,145,108,14,273,27,17,6,0,47,48,0,96,33,13,3,0,48,72,3,127,32,0,0,0,31,42,0,73,16,8,0,0,31,47,4,75,0,0,0,0,4,4,0,9,106,41,10,3,161,207,13,376,0,0,0,0,0,0,0,0,0,0,0,0,0,0,0,0,0,0,0,0,0,0,0,0,0,0,0,0,0,0,0,0,0,0,0,0,0,0,0,0,0,0,0,0,0,0,0,0,340,352,115,15,821,472,52,1342
801091106,241,264,73,3,575,151,20,745,36,37,11,4,87,80,0,165,58,40,28,0,127,61,4,196,96,71,42,4,215,139,10,361,0,0,0,0,0,0,0,0,16,15,8,5,44,33,3,75,50,22,6,9,95,83,14,191,0,0,0,0,0,0,0,0,0,0,0,0,0,0,0,3,69,39,11,8,134,118,18,268,0,0,0,0,0,0,0,0,0,0,0,0,0,0,0,0,0,0,0,0,0,0,0,0,0,0,0,0,0,0,0,0,0,0,0,0,0,0,0,0,0,0,0,0,0,0,0,0,398,377,125,18,920,402,50,1375
801091107,114,125,17,0,263,41,4,307,0,0,0,0,0,0,0,0,0,0,0,0,0,0,0,0,0,0,0,0,5,0,0,5,0,0,0,0,0,0,0,0,0,0,0,0,0,0,0,0,0,0,0,0,0,0,0,0,0,0,0,0,0,0,0,0,0,0,0,0,0,0,0,0,0,0,0,0,0,0,0,0,0,0,0,0,0,0,0,0,0,0,0,0,0,0,0,0,0,0,0,0,0,0,0,0,0,0,0,0,0,0,0,0,0,0,0,0,0,0,0,0,0,0,0,0,0,0,0,4,119,130,20,0,266,44,4,318
801091108,171,296,56,3,537,115,13,667,71,27,31,0,124,147,10,282,17,10,7,0,33,29,0,70,88,33,38,0,158,179,9,343,0,0,0,0,3,6,0,10,6,5,0,0,16,14,0,31,0,0,0,0,0,0,0,0,0,0,0,0,0,0,0,0,0,0,0,0,0,0,0,0,11,8,0,0,23,20,0,47,0,0,0,0,0,0,0,0,0,0,0,0,0,0,0,0,0,0,0,0,0,0,0,0,0,0,0,0,0,0,0,0,0,0,0,0,0,0,0,0,0,0,0,0,0,0,0,0,267,343,98,10,713,321,26,1055
801091109,0,0,0,0,3,0,0,3,24,18,11,3,58,49,4,105,176,136,50,11,380,339,33,747,207,153,62,10,439,387,37,860,19,12,3,0,32,13,3,52,171,97,36,5,309,266,42,619,120,47,21,9,190,169,15,373,210,76,40,9,339,319,60,712,0,0,0,0,0,0,0,0,516,229,100,21,869,768,116,1757,0,0,0,0,0,0,0,0,0,0,0,0,0,0,0,0,0,0,0,0,0,0,0,0,0,0,0,0,0,0,0,0,0,0,0,0,0,0,0,0,4,0,0,0,5,3,0,10,725,386,164,34,1310,1162,156,2623
801091110,183,306,72,4,573,132,23,726,15,12,4,0,34,26,0,66,3,9,8,0,19,21,4,42,15,26,9,0,53,48,4,109,3,0,3,0,13,10,0,21,0,0,0,0,0,0,0,0,0,0,0,0,0,0,0,0,0,0,0,0,0,0,0,0,0,0,0,0,0,0,0,0,3,0,3,0,13,10,0,21,0,0,0,0,0,0,0,0,0,0,0,0,0,0,0,0,0,0,0,0,0,0,0,0,0,0,0,0,0,0,0,0,0,0,0,0,0,0,0,0,0,0,0,0,0,0,0,0,211,331,87,9,637,191,31,858
801101134,0,0,0,0,0,0,0,0,0,0,0,0,0,0,0,0,0,0,0,0,0,0,0,0,0,0,0,0,0,0,0,0,0,0,0,0,0,0,0,0,0,0,0,0,0,0,0,0,0,0,0,0,0,0,0,0,0,0,0,0,0,0,0,0,0,0,0,0,0,0,0,0,0,0,0,0,0,0,0,0,0,0,0,0,0,0,0,0,0,0,0,0,0,0,0,0,0,0,0,0,0,0,0,0,0,0,0,0,0,0,0,0,0,0,0,0,0,0,0,0,0,0,0,0,0,0,0,0,0,0,0,0,0,0,0,0
801101135,124,388,53,0,561,66,17,643,7,11,19,0,41,13,5,53,133,165,59,9,368,126,46,543,138,175,82,9,409,140,50,597,9,19,23,0,46,20,4,67,74,57,16,8,156,59,19,234,42,30,10,4,83,51,6,143,11,3,0,0,11,13,4,33,0,0,0,0,0,0,0,0,129,112,56,8,303,147,31,476,0,0,0,0,0,0,0,0,0,0,0,0,0,0,0,0,0,0,0,0,0,0,0,0,0,0,0,0,0,0,0,0,0,0,0,0,0,0,0,0,3,0,0,0,5,0,0,7,394,674,185,19,1276,351,95,1725
801101136,84,338,28,0,449,20,3,474,3,9,14,0,26,11,0,32,69,46,24,6,145,54,11,219,77,52,38,5,172,63,11,252,0,0,0,0,0,0,0,0,15,0,0,0,18,9,0,24,68,35,12,4,117,93,10,220,0,0,0,0,0,0,0,0,0,0,0,0,0,0,0,0,83,37,15,4,136,101,11,249,0,0,0,0,0,0,0,0,0,0,0,0,0,0,0,0,0,0,0,0,0,0,0,0,0,0,0,0,0,0,0,0,0,0,0,0,0,0,0,0,0,0,0,0,0,0,0,0,242,428,81,11,763,183,30,975
801101137,0,0,0,0,0,0,0,0,0,0,0,0,0,0,0,0,0,0,0,0,0,0,0,0,0,0,0,0,0,0,0,0,0,0,0,0,0,0,0,0,0,0,0,0,0,0,0,0,0,0,0,0,0,0,0,0,0,0,0,0,0,0,0,0,0,0,0,0,0,0,0,0,0,0,0,0,0,0,0,0,0,0,0,0,0,0,0,0,0,0,0,0,0,0,0,0,0,0,0,0,0,0,0,0,0,0,0,0,0,0,0,0,0,0,0,0,0,0,0,0,0,0,0,0,0,0,0,0,0,0,0,0,0,0,0,0
801101139,127,352,54,4,532,35,19,581,5,0,0,0,9,0,0,7,47,28,20,0,94,37,11,144,52,28,22,0,102,37,11,149,5,0,0,0,4,11,0,13,24,8,3,0,34,42,5,80,175,88,41,7,314,272,62,647,0,0,0,0,0,0,0,0,0,0,0,0,0,0,0,0,198,98,47,9,356,324,65,739,0,0,0,0,0,0,0,0,0,0,0,0,0,0,0,0,0,0,0,0,0,0,0,0,0,0,0,0,0,0,0,0,0,0,0,0,0,0,0,0,0,4,0,0,4,0,0,4,377,480,117,15,992,397,88,1481
801101145,0,0,0,0,0,0,0,0,0,0,0,0,0,0,0,0,0,0,0,0,0,0,0,0,0,0,0,0,0,0,0,0,0,0,0,0,0,0,0,0,0,0,0,0,0,0,0,0,0,0,0,0,0,0,0,0,0,0,0,0,0,0,0,0,0,0,0,0,0,0,0,0,0,0,0,0,0,0,0,0,0,0,0,0,0,0,0,0,0,0,0,0,0,0,0,0,0,0,0,0,0,0,0,0,0,0,0,0,0,0,0,0,0,0,0,0,0,0,0,0,0,0,0,0,0,0,0,0,0,0,0,0,0,0,0,0
801101146,0,0,0,0,0,0,0,0,0,0,0,0,0,0,0,0,0,0,0,0,0,0,0,0,0,0,0,0,0,0,0,0,0,0,0,0,0,0,0,0,0,0,0,0,0,0,0,0,0,0,0,0,0,0,0,0,0,0,0,0,0,0,0,0,0,0,0,0,0,0,0,0,0,0,0,0,0,0,0,0,0,0,0,0,0,0,0,0,0,0,0,0,0,0,0,0,0,0,0,0,0,0,0,0,0,0,0,0,0,0,0,0,0,0,0,0,0,0,0,0,0,0,0,0,0,0,0,0,0,0,0,0,0,0,0,0
801111140,52,68,16,0,139,20,0,166,0,0,0,0,0,0,0,0,0,0,0,0,0,0,0,0,0,0,0,0,0,0,0,0,0,0,0,0,0,0,0,0,0,0,0,0,0,0,0,0,0,0,0,0,0,0,0,0,0,0,0,0,0,0,0,0,0,0,0,0,0,0,0,0,0,0,0,0,0,0,0,0,0,0,0,0,0,0,0,0,0,0,0,0,0,0,0,0,0,0,0,0,0,0,0,0,0,0,0,0,0,0,0,0,0,0,0,0,0,0,0,0,0,0,0,0,5,3,0,6,54,68,16,4,141,25,0,165
801111141,7,9,6,0,13,0,0,17,0,0,0,0,0,0,0,0,0,0,0,0,0,0,0,0,0,0,0,0,0,0,0,0,0,0,0,0,0,0,0,0,0,0,0,0,0,0,0,0,0,0,0,0,0,0,0,0,0,0,0,0,0,0,0,0,0,0,0,0,0,0,0,0,0,0,0,0,0,0,0,0,0,0,0,0,0,0,0,0,0,0,0,0,0,0,0,0,0,0,0,0,0,0,0,0,0,0,0,0,0,0,0,0,0,0,0,0,0,0,0,0,0,0,0,0,0,0,0,0,7,9,6,0,13,0,0,17
897979799,0,0,0,0,0,0,0,0,0,0,0,0,0,0,0,0,0,0,0,0,0,0,0,0,0,0,0,0,0,0,0,0,0,0,0,0,0,0,0,0,0,0,0,0,0,0,0,0,0,0,0,0,0,0,0,0,0,0,0,0,0,0,0,0,0,0,0,0,0,0,0,0,0,0,0,0,0,0,0,0,0,0,0,0,0,0,0,0,0,0,0,0,0,0,0,0,0,0,0,0,0,0,0,0,0,0,0,0,0,0,0,0,0,0,0,0,0,0,0,0,0,0,0,0,0,0,0,0,0,0,0,0,0,0,0,0
899999499,0,0,0,0,0,0,0,0,0,0,0,0,0,0,0,0,0,0,0,0,0,0,0,0,0,0,0,0,0,0,0,0,0,0,0,0,0,0,0,0,0,0,0,0,0,0,0,0,0,0,0,0,0,0,0,0,0,0,0,0,0,0,0,0,0,0,0,0,0,0,0,0,0,0,0,0,0,0,0,0,0,0,0,0,0,0,0,0,0,0,0,0,0,0,0,0,0,0,0,0,0,0,0,0,0,0,0,0,0,0,0,0,0,0,0,0,0,0,0,0,0,0,0,0,0,0,0,0,0,0,0,0,0,0,0,0
